Player Name,Position,Team,Cost,Title,Relegation,Top 6,F1 Defensive Contribution - DEF,F1 Defensive Contribution - MID,F1 Start,F1 Win,F1 Opponent Win,F1 Diff,F1 Opponent,F1 Venue,F1 Opponent Title,F1 Opponent Relegation,F1 Opponent Top 6,F1 Score 1+,F1 Score 2+,F1 Score 3+,F1 Assist,F1 Yellow Card,F1 Clean Sheet,F1 Concede 2+ Goals,F1 Concede 4+ Goals,F1 3+ Saves,F1 6+ Saves,Score 1+ Factor,Assist Factor,F1 Yellow Card Factor,F1 Concede 2+ Goals Factor,F1 Concede 4+ Goals Factor,F1 3+ Saves Factor,F1 6+ Saves Factor,Clean Sheet Factor,F1 XP Pre,F1 Bonus Probability,F1 XP,F1 Pred XP,F2 Start,F2 Win,F2 Opponent Win,F2 Opponent,F2 Venue,F2 Opponent Title,F2 Opponent Relegation,F2 Opponent Top 6,F2 Diff,F2 Score 1+,F2 Score 2+,F2 Score 3+,F2 Assist,F2 Yellow Card,F2 Clean Sheet,F2 Concede 2+ Goals,F2 Concede 4+ Goals,F2 3+ Saves,F2 6+ Saves,F2 Defensive Contribution - DEF,F2 Defensive Contribution - MID,F2 XP Pre,F2 Bonus Probability,F2 XP,F3 Start,F3 Opponent,F3 Venue,F3 Opponent Title,F3 Opponent Relegation,F3 Opponent Top 6,F3 Win Pred,F3 Opponent Win Pred,F3 Diff,F3 Score 1+,F3 Score 2+,F3 Score 3+,F3 Assist,F3 Yellow Card,F3 Clean Sheet,F3 Concede 2+ Goals,F3 Concede 4+ Goals,F3 3+ Saves,F3 6+ Saves,F3 Defensive Contribution - DEF,F3 Defensive Contribution - MID,F3 XP Pre,F3 Bonus Probability,F3 XP,F4 Start,F4 Opponent,F4 Venue,F4 Opponent Title,F4 Opponent Relegation,F4 Opponent Top 6,F4 Win Pred,F4 Opponent Win Pred,F4 Diff,F4 Score 1+,F4 Score 2+,F4 Score 3+,F4 Assist,F4 Yellow Card,F4 Clean Sheet,F4 Concede 2+ Goals,F4 Concede 4+ Goals,F4 3+ Saves,F4 6+ Saves,F4 Defensive Contribution - DEF,F4 Defensive Contribution - MID,F4 XP Pre,F4 Bonus Probability,F4 XP,F5 Start,F5 Opponent,F5 Venue,F5 Opponent Title,F5 Opponent Relegation,F5 Opponent Top 6,F5 Win Pred,F5 Opponent Win Pred,F5 Diff,F5 Score 1+,F5 Score 2+,F5 Score 3+,F5 Assist,F5 Yellow Card,F5 Clean Sheet,F5 Concede 2+ Goals,F5 Concede 4+ Goals,F5 3+ Saves,F5 6+ Saves,F5 Defensive Contribution - DEF,F5 Defensive Contribution - MID,F5 XP Pre,F5 Bonus Probability,F5 XP,F6 Start,F6 Opponent,F6 Venue,F6 Opponent Title,F6 Opponent Relegation,F6 Opponent Top 6,F6 Win Pred,F6 Opponent Win Pred,F6 Diff,F6 Score 1+,F6 Score 2+,F6 Score 3+,F6 Assist,F6 Yellow Card,F6 Clean Sheet,F6 Concede 2+ Goals,F6 Concede 4+ Goals,F6 3+ Saves,F6 6+ Saves,F6 Defensive Contribution - DEF,F6 Defensive Contribution - MID,F6 XP Pre,F6 Bonus Probability,F6 XP,Total XP
David Raya,GK,Arsenal,6.0,0.9259259259259258,0.0002314236255750877,0.9259259259259258,0.0,0.0,1.0,0.5393743257820928,0.2311604253351826,0.30821390044691016,Crystal Palace,A,0.0002314236255750877,0.0002314236255750877,0.0002314236255750877,,,,,,0.32615786040443573,0.32304038004750596,0.03739355794150315,0.5537098560354374,0.11204481792717086,,,,1.1135333392515685,1.2619277920718321,1.1799310106579275,1.4190288668272848,0.9101381344885995,3.2495182396023328,0.05539616803192607,3.360310575666185,3.2954305403695967,1.0,,,,,,,,,,,,,,0.32615786040443573,0.32304038004750596,0.03739355794150315,,,0.0,0.0,2.5837635656397246,0.03973628659097761,2.66323613882168,1.0,,,,,,,,,,,,,,,,,,,0.0,0.0,2.0,0.026005000000000004,2.05201,1.0,,,,,,,,,,,,,,,,,,,0.0,0.0,2.0,0.026005000000000004,2.05201,1.0,,,,,,,,,,,,,,,,,,,0.0,0.0,2.0,0.026005000000000004,2.05201,1.0,,,,,,,,,,,,,,,,,,,0.0,0.0,2.0,0.026005000000000004,2.05201,11.36968929366461
Karl Hein,GK,Arsenal,4.0,0.9259259259259258,0.0002314236255750877,0.9259259259259258,0.0,0.0,0.0,0.5393743257820928,0.2311604253351826,0.30821390044691016,Crystal Palace,A,0.0002314236255750877,0.0002314236255750877,0.0002314236255750877,,,,,,0.32615786040443573,0.32304038004750596,0.03739355794150315,0.5537098560354374,0.11204481792717086,,,,1.1135333392515685,1.2619277920718321,1.1799310106579275,1.4190288668272848,0.9101381344885995,0.0,0.0,0.0,3.2954305403695967,0.0,,,,,,,,,,,,,,0.32615786040443573,0.32304038004750596,0.03739355794150315,,,0.0,0.0,0.0,0.0,0.0,0.0,,,,,,,,,,,,,,,,,,,0.0,0.0,0.0,0.0,0.0,0.0,,,,,,,,,,,,,,,,,,,0.0,0.0,0.0,0.0,0.0,0.0,,,,,,,,,,,,,,,,,,,0.0,0.0,0.0,0.0,0.0,0.0,,,,,,,,,,,,,,,,,,,0.0,0.0,0.0,0.0,0.0,0.0
Kepa Arrizabalaga,GK,Arsenal,4.1,0.9259259259259258,0.0002314236255750877,0.9259259259259258,0.0,0.0,0.0,0.5393743257820928,0.2311604253351826,0.30821390044691016,Crystal Palace,A,0.0002314236255750877,0.0002314236255750877,0.0002314236255750877,,,,,,0.32615786040443573,0.32304038004750596,0.03739355794150315,0.5537098560354374,0.11204481792717086,,,,1.1135333392515685,1.2619277920718321,1.1799310106579275,1.4190288668272848,0.9101381344885995,0.0,0.0,0.0,3.2954305403695967,0.0,,,,,,,,,,,,,,0.32615786040443573,0.32304038004750596,0.03739355794150315,,,0.0,0.0,0.0,0.0,0.0,0.0,,,,,,,,,,,,,,,,,,,0.0,0.0,0.0,0.0,0.0,0.0,,,,,,,,,,,,,,,,,,,0.0,0.0,0.0,0.0,0.0,0.0,,,,,,,,,,,,,,,,,,,0.0,0.0,0.0,0.0,0.0,0.0,,,,,,,,,,,,,,,,,,,0.0,0.0,0.0,0.0,0.0,0.0
Tommy Setford,GK,Arsenal,3.9,0.9259259259259258,0.0002314236255750877,0.9259259259259258,0.0,0.0,0.0,0.5393743257820928,0.2311604253351826,0.30821390044691016,Crystal Palace,A,0.0002314236255750877,0.0002314236255750877,0.0002314236255750877,,,,,,0.32615786040443573,0.32304038004750596,0.03739355794150315,0.5537098560354374,0.11204481792717086,,,,1.1135333392515685,1.2619277920718321,1.1799310106579275,1.4190288668272848,0.9101381344885995,0.0,0.0,0.0,3.2954305403695967,0.0,,,,,,,,,,,,,,0.32615786040443573,0.32304038004750596,0.03739355794150315,,,0.0,0.0,0.0,0.0,0.0,0.0,,,,,,,,,,,,,,,,,,,0.0,0.0,0.0,0.0,0.0,0.0,,,,,,,,,,,,,,,,,,,0.0,0.0,0.0,0.0,0.0,0.0,,,,,,,,,,,,,,,,,,,0.0,0.0,0.0,0.0,0.0,0.0,,,,,,,,,,,,,,,,,,,0.0,0.0,0.0,0.0,0.0,0.0
Ben White,DEF,Arsenal,5.1,0.9259259259259258,0.0002314236255750877,0.9259259259259258,0.313086846108787,0.0,0.0,0.5393743257820928,0.2311604253351826,0.30821390044691016,Crystal Palace,A,0.0002314236255750877,0.0002314236255750877,0.0002314236255750877,,,,,,0.32615786040443573,0.32304038004750596,0.03739355794150315,,,,,,1.1171930550609481,1.2767065906786554,,,0.9089324073800351,0.0,0.0,0.0,4.333649750263263,0.0,,,,,,,,,,,,,,0.32615786040443573,0.32304038004750596,0.03739355794150315,,,0.313086846108787,0.0,0.0,0.0,0.0,0.0,,,,,,,,,,,,,,,,,,,0.313086846108787,0.0,0.0,0.0,0.0,0.0,,,,,,,,,,,,,,,,,,,0.313086846108787,0.0,0.0,0.0,0.0,0.0,,,,,,,,,,,,,,,,,,,0.313086846108787,0.0,0.0,0.0,0.0,0.0,,,,,,,,,,,,,,,,,,,0.313086846108787,0.0,0.0,0.0,0.0,0.0
Brayden Clarke,DEF,Arsenal,3.8,0.9259259259259258,0.0002314236255750877,0.9259259259259258,0.44,0.0,0.0,0.5393743257820928,0.2311604253351826,0.30821390044691016,Crystal Palace,A,0.0002314236255750877,0.0002314236255750877,0.0002314236255750877,,,,,,0.32615786040443573,0.32304038004750596,0.03739355794150315,,,,,,1.1171930550609481,1.2767065906786554,,,0.9089324073800351,0.0,0.0,0.0,4.333649750263263,0.0,,,,,,,,,,,,,,0.32615786040443573,0.32304038004750596,0.03739355794150315,,,0.44,0.0,0.0,0.0,0.0,0.0,,,,,,,,,,,,,,,,,,,0.44,0.0,0.0,0.0,0.0,0.0,,,,,,,,,,,,,,,,,,,0.44,0.0,0.0,0.0,0.0,0.0,,,,,,,,,,,,,,,,,,,0.44,0.0,0.0,0.0,0.0,0.0,,,,,,,,,,,,,,,,,,,0.44,0.0,0.0,0.0,0.0,0.0
Cristhian Mosquera,DEF,Arsenal,5.3,0.9259259259259258,0.0002314236255750877,0.9259259259259258,0.34699629704992885,0.0,1.0,0.5393743257820928,0.2311604253351826,0.30821390044691016,Crystal Palace,A,0.0002314236255750877,0.0002314236255750877,0.0002314236255750877,0.06349206349206349,0.004738213693437574,0.0,0.23809523809523808,0.14109347442680775,0.32615786040443573,0.32304038004750596,0.03739355794150315,,,0.6260277616917685,1.4631685527263212,0.6306254707543024,1.1171930550609481,1.2767065906786554,,,0.9089324073800351,4.260330062711495,0.07917248373509979,4.418675030181695,4.333649750263263,1.0,,,,,,,,,,,,,,0.32615786040443573,0.32304038004750596,0.03739355794150315,,,0.34699629704992885,0.0,3.2777561597395826,0.05606038038939447,3.3898769205183714,1.0,,,,,,,,,,,,,,,,,,,0.34699629704992885,0.0,2.693992594099858,0.04232909379841686,2.7786507816966917,1.0,,,,,,,,,,,,,,,,,,,0.34699629704992885,0.0,2.693992594099858,0.04232909379841686,2.7786507816966917,1.0,,,,,,,,,,,,,,,,,,,0.34699629704992885,0.0,2.693992594099858,0.04232909379841686,2.7786507816966917,1.0,,,,,,,,,,,,,,,,,,,0.34699629704992885,0.0,2.693992594099858,0.04232909379841686,2.7786507816966917,15.080292601373046
Gabriel Magalhaes,DEF,Arsenal,7.1,0.9259259259259258,0.0002314236255750877,0.9259259259259258,0.40560091527239917,0.0,1.0,0.5393743257820928,0.2311604253351826,0.30821390044691016,Crystal Palace,A,0.0002314236255750877,0.0002314236255750877,0.0002314236255750877,0.14652014652014653,0.012531328320802004,0.0,0.21994941163532386,0.1341381623071764,0.32615786040443573,0.32304038004750596,0.03739355794150315,,,1.4446794500579276,1.3516568616409435,0.5995382996607805,1.1171930550609481,1.2767065906786554,,,0.9089324073800351,4.874984317829011,0.093630381123974,5.062245080076958,4.333649750263263,1.0,,,,,,,,,,,,,,0.32615786040443573,0.32304038004750596,0.03739355794150315,,,0.40560091527239917,0.0,3.394965396184523,0.05881737604905235,3.512600148282628,1.0,,,,,,,,,,,,,,,,,,,0.40560091527239917,0.0,2.8112018305447983,0.045086089458074755,2.9013740094609477,1.0,,,,,,,,,,,,,,,,,,,0.40560091527239917,0.0,2.8112018305447983,0.045086089458074755,2.9013740094609477,1.0,,,,,,,,,,,,,,,,,,,0.40560091527239917,0.0,2.8112018305447983,0.045086089458074755,2.9013740094609477,1.0,,,,,,,,,,,,,,,,,,,0.40560091527239917,0.0,2.8112018305447983,0.045086089458074755,2.9013740094609477,16.171802432607844
Jakub Kiwior,DEF,Arsenal,5.4,0.9259259259259258,0.0002314236255750877,0.9259259259259258,0.44,0.0,0.0,0.5393743257820928,0.2311604253351826,0.30821390044691016,Crystal Palace,A,0.0002314236255750877,0.0002314236255750877,0.0002314236255750877,,,,,,0.32615786040443573,0.32304038004750596,0.03739355794150315,,,,,,1.1171930550609481,1.2767065906786554,,,0.9089324073800351,0.0,0.0,0.0,4.333649750263263,0.0,,,,,,,,,,,,,,0.32615786040443573,0.32304038004750596,0.03739355794150315,,,0.44,0.0,0.0,0.0,0.0,0.0,,,,,,,,,,,,,,,,,,,0.44,0.0,0.0,0.0,0.0,0.0,,,,,,,,,,,,,,,,,,,0.44,0.0,0.0,0.0,0.0,0.0,,,,,,,,,,,,,,,,,,,0.44,0.0,0.0,0.0,0.0,0.0,,,,,,,,,,,,,,,,,,,0.44,0.0,0.0,0.0,0.0,0.0
Josh Nichols,DEF,Arsenal,3.7,0.9259259259259258,0.0002314236255750877,0.9259259259259258,0.44,0.0,0.0,0.5393743257820928,0.2311604253351826,0.30821390044691016,Crystal Palace,A,0.0002314236255750877,0.0002314236255750877,0.0002314236255750877,,,,,,0.32615786040443573,0.32304038004750596,0.03739355794150315,,,,,,1.1171930550609481,1.2767065906786554,,,0.9089324073800351,0.0,0.0,0.0,4.333649750263263,0.0,,,,,,,,,,,,,,0.32615786040443573,0.32304038004750596,0.03739355794150315,,,0.44,0.0,0.0,0.0,0.0,0.0,,,,,,,,,,,,,,,,,,,0.44,0.0,0.0,0.0,0.0,0.0,,,,,,,,,,,,,,,,,,,0.44,0.0,0.0,0.0,0.0,0.0,,,,,,,,,,,,,,,,,,,0.44,0.0,0.0,0.0,0.0,0.0,,,,,,,,,,,,,,,,,,,0.44,0.0,0.0,0.0,0.0,0.0
Jurrien Timber,DEF,Arsenal,6.4,0.9259259259259258,0.0002314236255750877,0.9259259259259258,0.12850438217197602,0.0,0.0,0.5393743257820928,0.2311604253351826,0.30821390044691016,Crystal Palace,A,0.0002314236255750877,0.0002314236255750877,0.0002314236255750877,0.11204481792717086,0.007558578987150415,0.0,0.26455026455026454,0.1443001443001443,0.32615786040443573,0.32304038004750596,0.03739355794150315,,,1.1047548735737092,1.6257428363625792,0.6449578678169002,1.1171930550609481,1.2767065906786554,,,0.9089324073800351,0.0,0.0,0.0,4.333649750263263,0.0,,,,,,,,,,,,,,0.32615786040443573,0.32304038004750596,0.03739355794150315,,,0.12850438217197602,0.0,0.0,0.0,0.0,0.0,,,,,,,,,,,,,,,,,,,0.12850438217197602,0.0,0.0,0.0,0.0,0.0,,,,,,,,,,,,,,,,,,,0.12850438217197602,0.0,0.0,0.0,0.0,0.0,,,,,,,,,,,,,,,,,,,0.12850438217197602,0.0,0.0,0.0,0.0,0.0,,,,,,,,,,,,,,,,,,,0.12850438217197602,0.0,0.0,0.0,0.0,0.0
Maldini Kacurri,DEF,Arsenal,3.9,0.9259259259259258,0.0002314236255750877,0.9259259259259258,0.44,0.0,0.0,0.5393743257820928,0.2311604253351826,0.30821390044691016,Crystal Palace,A,0.0002314236255750877,0.0002314236255750877,0.0002314236255750877,,,,,,0.32615786040443573,0.32304038004750596,0.03739355794150315,,,,,,1.1171930550609481,1.2767065906786554,,,0.9089324073800351,0.0,0.0,0.0,4.333649750263263,0.0,,,,,,,,,,,,,,0.32615786040443573,0.32304038004750596,0.03739355794150315,,,0.44,0.0,0.0,0.0,0.0,0.0,,,,,,,,,,,,,,,,,,,0.44,0.0,0.0,0.0,0.0,0.0,,,,,,,,,,,,,,,,,,,0.44,0.0,0.0,0.0,0.0,0.0,,,,,,,,,,,,,,,,,,,0.44,0.0,0.0,0.0,0.0,0.0,,,,,,,,,,,,,,,,,,,0.44,0.0,0.0,0.0,0.0,0.0
Marli Salmon,DEF,Arsenal,4.0,0.9259259259259258,0.0002314236255750877,0.9259259259259258,0.44,0.0,0.0,0.5393743257820928,0.2311604253351826,0.30821390044691016,Crystal Palace,A,0.0002314236255750877,0.0002314236255750877,0.0002314236255750877,0.04535147392290249,0.004738213693437574,0.0,0.12698412698412698,0.11614401858304298,0.32615786040443573,0.32304038004750596,0.03739355794150315,,,0.4471626869226918,0.780356561454038,0.5191124301940905,1.1171930550609481,1.2767065906786554,,,0.9089324073800351,0.0,0.0,0.0,4.333649750263263,0.0,,,,,,,,,,,,,,0.32615786040443573,0.32304038004750596,0.03739355794150315,,,0.44,0.0,0.0,0.0,0.0,0.0,,,,,,,,,,,,,,,,,,,0.44,0.0,0.0,0.0,0.0,0.0,,,,,,,,,,,,,,,,,,,0.44,0.0,0.0,0.0,0.0,0.0,,,,,,,,,,,,,,,,,,,0.44,0.0,0.0,0.0,0.0,0.0,,,,,,,,,,,,,,,,,,,0.44,0.0,0.0,0.0,0.0,0.0
Myles Lewis-Skelly,DEF,Arsenal,5.1,0.9259259259259258,0.0002314236255750877,0.9259259259259258,0.44,0.0,0.0,0.5393743257820928,0.2311604253351826,0.30821390044691016,Crystal Palace,A,0.0002314236255750877,0.0002314236255750877,0.0002314236255750877,0.09523809523809523,0.005411255411255411,0.0,0.17316017316017315,0.17006802721088435,0.32615786040443573,0.32304038004750596,0.03739355794150315,,,0.9390416425376529,1.064122583800961,0.7601289156413468,1.1171930550609481,1.2767065906786554,,,0.9089324073800351,0.0,0.0,0.0,4.333649750263263,0.0,,,,,,,,,,,,,,0.32615786040443573,0.32304038004750596,0.03739355794150315,,,0.44,0.0,0.0,0.0,0.0,0.0,,,,,,,,,,,,,,,,,,,0.44,0.0,0.0,0.0,0.0,0.0,,,,,,,,,,,,,,,,,,,0.44,0.0,0.0,0.0,0.0,0.0,,,,,,,,,,,,,,,,,,,0.44,0.0,0.0,0.0,0.0,0.0,,,,,,,,,,,,,,,,,,,0.44,0.0,0.0,0.0,0.0,0.0
Piero Hincapie,DEF,Arsenal,5.1,0.9259259259259258,0.0002314236255750877,0.9259259259259258,0.3147482693230955,0.0,1.0,0.5393743257820928,0.2311604253351826,0.30821390044691016,Crystal Palace,A,0.0002314236255750877,0.0002314236255750877,0.0002314236255750877,0.09523809523809523,0.005411255411255411,0.0,0.17316017316017315,0.1304631441617743,0.32615786040443573,0.32304038004750596,0.03739355794150315,,,0.9390416425376529,1.064122583800961,0.5831125928207591,1.1171930550609481,1.2767065906786554,,,0.9089324073800351,4.206173583500766,0.07789861503110501,4.361970813562976,4.333649750263263,1.0,,,,,,,,,,,,,,0.32615786040443573,0.32304038004750596,0.03739355794150315,,,0.3147482693230955,0.0,3.213260104285916,0.05454330417301331,3.3223467126319424,1.0,,,,,,,,,,,,,,,,,,,0.3147482693230955,0.0,2.6294965386461913,0.04081201758203572,2.7111205738102626,1.0,,,,,,,,,,,,,,,,,,,0.3147482693230955,0.0,2.6294965386461913,0.04081201758203572,2.7111205738102626,1.0,,,,,,,,,,,,,,,,,,,0.3147482693230955,0.0,2.6294965386461913,0.04081201758203572,2.7111205738102626,1.0,,,,,,,,,,,,,,,,,,,0.3147482693230955,0.0,2.6294965386461913,0.04081201758203572,2.7111205738102626,14.777103125968864
Riccardo Calafiori,DEF,Arsenal,5.6,0.9259259259259258,0.0002314236255750877,0.9259259259259258,0.17930085053480194,0.0,0.0,0.5393743257820928,0.2311604253351826,0.30821390044691016,Crystal Palace,A,0.0002314236255750877,0.0002314236255750877,0.0002314236255750877,0.11204481792717086,0.007558578987150415,0.0,0.22675736961451246,0.14998125234345705,0.32615786040443573,0.32304038004750596,0.03739355794150315,,,1.1047548735737092,1.3934938597393536,0.6703499098569357,1.1171930550609481,1.2767065906786554,,,0.9089324073800351,0.0,0.0,0.0,4.333649750263263,0.0,,,,,,,,,,,,,,0.32615786040443573,0.32304038004750596,0.03739355794150315,,,0.17930085053480194,0.0,0.0,0.0,0.0,0.0,,,,,,,,,,,,,,,,,,,0.17930085053480194,0.0,0.0,0.0,0.0,0.0,,,,,,,,,,,,,,,,,,,0.17930085053480194,0.0,0.0,0.0,0.0,0.0,,,,,,,,,,,,,,,,,,,0.17930085053480194,0.0,0.0,0.0,0.0,0.0,,,,,,,,,,,,,,,,,,,0.17930085053480194,0.0,0.0,0.0,0.0,0.0
William Saliba,DEF,Arsenal,6.1,0.9259259259259258,0.0002314236255750877,0.9259259259259258,0.1861236695609243,0.0,0.0,0.5393743257820928,0.2311604253351826,0.30821390044691016,Crystal Palace,A,0.0002314236255750877,0.0002314236255750877,0.0002314236255750877,0.07326007326007326,0.004738213693437574,0.0,0.11904761904761904,0.1070090957731407,0.32615786040443573,0.32304038004750596,0.03739355794150315,,,0.7223397250289638,0.7315842763631606,0.47828336265073496,1.1171930550609481,1.2767065906786554,,,0.9089324073800351,0.0,0.0,0.0,4.333649750263263,0.0,,,,,,,,,,,,,,0.32615786040443573,0.32304038004750596,0.03739355794150315,,,0.1861236695609243,0.0,0.0,0.0,0.0,0.0,,,,,,,,,,,,,,,,,,,0.1861236695609243,0.0,0.0,0.0,0.0,0.0,,,,,,,,,,,,,,,,,,,0.1861236695609243,0.0,0.0,0.0,0.0,0.0,,,,,,,,,,,,,,,,,,,0.1861236695609243,0.0,0.0,0.0,0.0,0.0,,,,,,,,,,,,,,,,,,,0.1861236695609243,0.0,0.0,0.0,0.0,0.0
Albert Sambi Lokonga,MID,Arsenal,4.5,0.9259259259259258,0.0002314236255750877,0.9259259259259258,0.0,0.26,0.0,0.5393743257820928,0.2311604253351826,0.30821390044691016,Crystal Palace,A,0.0002314236255750877,0.0002314236255750877,0.0002314236255750877,,,,,,0.32615786040443573,0.32304038004750596,0.03739355794150315,,,,,,1.1095699711766187,1.2510091005398123,,,0.9122389980929454,0.0,0.0,0.0,4.72823239720424,0.0,,,,,,,,,,,,,,0.32615786040443573,0.32304038004750596,0.03739355794150315,,,0.0,0.26,0.0,0.0,0.0,0.0,,,,,,,,,,,,,,,,,,,0.0,0.26,0.0,0.0,0.0,0.0,,,,,,,,,,,,,,,,,,,0.0,0.26,0.0,0.0,0.0,0.0,,,,,,,,,,,,,,,,,,,0.0,0.26,0.0,0.0,0.0,0.0,,,,,,,,,,,,,,,,,,,0.0,0.26,0.0,0.0,0.0,0.0
Andre Harriman-Annous,MID,Arsenal,4.4,0.9259259259259258,0.0002314236255750877,0.9259259259259258,0.0,0.26,0.0,0.5393743257820928,0.2311604253351826,0.30821390044691016,Crystal Palace,A,0.0002314236255750877,0.0002314236255750877,0.0002314236255750877,,,,,,0.32615786040443573,0.32304038004750596,0.03739355794150315,,,,,,1.1095699711766187,1.2510091005398123,,,0.9122389980929454,0.0,0.0,0.0,4.72823239720424,0.0,,,,,,,,,,,,,,0.32615786040443573,0.32304038004750596,0.03739355794150315,,,0.0,0.26,0.0,0.0,0.0,0.0,,,,,,,,,,,,,,,,,,,0.0,0.26,0.0,0.0,0.0,0.0,,,,,,,,,,,,,,,,,,,0.0,0.26,0.0,0.0,0.0,0.0,,,,,,,,,,,,,,,,,,,0.0,0.26,0.0,0.0,0.0,0.0,,,,,,,,,,,,,,,,,,,0.0,0.26,0.0,0.0,0.0,0.0
Bukayo Saka,MID,Arsenal,9.8,0.9259259259259258,0.0002314236255750877,0.9259259259259258,0.0,0.14413946154280755,0.0,0.5393743257820928,0.2311604253351826,0.30821390044691016,Crystal Palace,A,0.0002314236255750877,0.0002314236255750877,0.0002314236255750877,0.3401360544217687,0.08658008658008658,0.01,0.31746031746031744,0.10465724751439036,0.32615786040443573,0.32304038004750596,0.03739355794150315,,,1.5339425226053365,1.2577011858390572,0.4822413546239373,1.1095699711766187,1.2510091005398123,,,0.9122389980929454,0.0,0.0,0.0,4.72823239720424,0.0,,,,,,,,,,,,,,0.32615786040443573,0.32304038004750596,0.03739355794150315,,,0.0,0.14413946154280755,0.0,0.0,0.0,0.0,,,,,,,,,,,,,,,,,,,0.0,0.14413946154280755,0.0,0.0,0.0,0.0,,,,,,,,,,,,,,,,,,,0.0,0.14413946154280755,0.0,0.0,0.0,0.0,,,,,,,,,,,,,,,,,,,0.0,0.14413946154280755,0.0,0.0,0.0,0.0,,,,,,,,,,,,,,,,,,,0.0,0.14413946154280755,0.0,0.0,0.0,0.0
Christian Norgaard,MID,Arsenal,5.1,0.9259259259259258,0.0002314236255750877,0.9259259259259258,0.0,0.26,1.0,0.5393743257820928,0.2311604253351826,0.30821390044691016,Crystal Palace,A,0.0002314236255750877,0.0002314236255750877,0.0002314236255750877,0.14652014652014653,0.014214641080312722,0.0,0.17316017316017315,0.16142050040355124,0.32615786040443573,0.32304038004750596,0.03739355794150315,,,0.6607752405069143,0.6860188286394857,0.7437959876403101,1.1095699711766187,1.2510091005398123,,,0.9122389980929454,4.007891817483701,0.07323463133085162,4.154361080145405,4.72823239720424,1.0,,,,,,,,,,,,,,0.32615786040443573,0.32304038004750596,0.03739355794150315,,,0.0,0.26,2.846157860404436,0.04590832519243314,2.937974510789302,1.0,,,,,,,,,,,,,,,,,,,0.0,0.26,2.52,0.03823644000000001,2.59647288,1.0,,,,,,,,,,,,,,,,,,,0.0,0.26,2.52,0.03823644000000001,2.59647288,1.0,,,,,,,,,,,,,,,,,,,0.0,0.26,2.52,0.03823644000000001,2.59647288,1.0,,,,,,,,,,,,,,,,,,,0.0,0.26,2.52,0.03823644000000001,2.59647288,13.921763478316311
Declan Rice,MID,Arsenal,7.6,0.9259259259259258,0.0002314236255750877,0.9259259259259258,0.0,0.41609066774861103,0.0,0.5393743257820928,0.2311604253351826,0.30821390044691016,Crystal Palace,A,0.0002314236255750877,0.0002314236255750877,0.0002314236255750877,0.17316017316017315,0.018674136321195144,0.0,0.31746031746031744,0.12368583797155223,0.32615786040443573,0.32304038004750596,0.03739355794150315,,,0.7809161933263531,1.2577011858390572,0.5699216009191986,1.1095699711766187,1.2510091005398123,,,0.9122389980929454,0.0,0.0,0.0,4.72823239720424,0.0,,,,,,,,,,,,,,0.32615786040443573,0.32304038004750596,0.03739355794150315,,,0.0,0.41609066774861103,0.0,0.0,0.0,0.0,,,,,,,,,,,,,,,,,,,0.0,0.41609066774861103,0.0,0.0,0.0,0.0,,,,,,,,,,,,,,,,,,,0.0,0.41609066774861103,0.0,0.0,0.0,0.0,,,,,,,,,,,,,,,,,,,0.0,0.41609066774861103,0.0,0.0,0.0,0.0,,,,,,,,,,,,,,,,,,,0.0,0.41609066774861103,0.0,0.0,0.0,0.0
Eberechi Eze,MID,Arsenal,7.2,0.9259259259259258,0.0002314236255750877,0.9259259259259258,0.0,0.0725384751439424,1.0,0.5393743257820928,0.2311604253351826,0.30821390044691016,Crystal Palace,A,0.0002314236255750877,0.0002314236255750877,0.0002314236255750877,0.3072196620583717,0.07326007326007326,0.01,0.26455026455026454,0.07326007326007326,0.32615786040443573,0.32304038004750596,0.03739355794150315,,,1.3854964720306264,1.0480843215325477,0.33756894823675615,1.1095699711766187,1.2510091005398123,,,0.9122389980929454,5.144024207675267,0.09995873741293763,5.343941682501143,4.72823239720424,1.0,,,,,,,,,,,,,,0.32615786040443573,0.32304038004750596,0.03739355794150315,,,0.0,0.0725384751439424,2.4712348106923208,0.03708938521710477,2.5454135811265304,1.0,,,,,,,,,,,,,,,,,,,0.0,0.0725384751439424,2.145076950287885,0.02941750002467163,2.203911950337228,1.0,,,,,,,,,,,,,,,,,,,0.0,0.0725384751439424,2.145076950287885,0.02941750002467163,2.203911950337228,1.0,,,,,,,,,,,,,,,,,,,0.0,0.0725384751439424,2.145076950287885,0.02941750002467163,2.203911950337228,1.0,,,,,,,,,,,,,,,,,,,0.0,0.0725384751439424,2.145076950287885,0.02941750002467163,2.203911950337228,13.678496687402934
Ethan Nwaneri,MID,Arsenal,5.0,0.9259259259259258,0.0002314236255750877,0.9259259259259258,0.0,0.26,0.0,0.5393743257820928,0.2311604253351826,0.30821390044691016,Crystal Palace,A,0.0002314236255750877,0.0002314236255750877,0.0002314236255750877,,,,,,0.32615786040443573,0.32304038004750596,0.03739355794150315,,,,,,1.1095699711766187,1.2510091005398123,,,0.9122389980929454,0.0,0.0,0.0,4.72823239720424,0.0,,,,,,,,,,,,,,0.32615786040443573,0.32304038004750596,0.03739355794150315,,,0.0,0.26,0.0,0.0,0.0,0.0,,,,,,,,,,,,,,,,,,,0.0,0.26,0.0,0.0,0.0,0.0,,,,,,,,,,,,,,,,,,,0.0,0.26,0.0,0.0,0.0,0.0,,,,,,,,,,,,,,,,,,,0.0,0.26,0.0,0.0,0.0,0.0,,,,,,,,,,,,,,,,,,,0.0,0.26,0.0,0.0,0.0,0.0
Fabio Vieira,MID,Arsenal,5.4,0.9259259259259258,0.0002314236255750877,0.9259259259259258,0.0,0.26,0.0,0.5393743257820928,0.2311604253351826,0.30821390044691016,Crystal Palace,A,0.0002314236255750877,0.0002314236255750877,0.0002314236255750877,,,,,,0.32615786040443573,0.32304038004750596,0.03739355794150315,,,,,,1.1095699711766187,1.2510091005398123,,,0.9122389980929454,0.0,0.0,0.0,4.72823239720424,0.0,,,,,,,,,,,,,,0.32615786040443573,0.32304038004750596,0.03739355794150315,,,0.0,0.26,0.0,0.0,0.0,0.0,,,,,,,,,,,,,,,,,,,0.0,0.26,0.0,0.0,0.0,0.0,,,,,,,,,,,,,,,,,,,0.0,0.26,0.0,0.0,0.0,0.0,,,,,,,,,,,,,,,,,,,0.0,0.26,0.0,0.0,0.0,0.0,,,,,,,,,,,,,,,,,,,0.0,0.26,0.0,0.0,0.0,0.0
Gabriel Martinelli,MID,Arsenal,6.8,0.9259259259259258,0.0002314236255750877,0.9259259259259258,0.0,0.10178811177394131,1.0,0.5393743257820928,0.2311604253351826,0.30821390044691016,Crystal Palace,A,0.0002314236255750877,0.0002314236255750877,0.0002314236255750877,0.27210884353741494,0.05602240896358543,0.0,0.2801120448179272,0.11074197120708748,0.32615786040443573,0.32304038004750596,0.03739355794150315,,,1.227154018084269,1.109736340446227,0.5102786426834686,1.1095699711766187,1.2510091005398123,,,0.9122389980929454,4.899984509704015,0.09421843563725785,5.088421380978531,4.72823239720424,1.0,,,,,,,,,,,,,,0.32615786040443573,0.32304038004750596,0.03739355794150315,,,0.0,0.10178811177394131,2.5297340839523184,0.038465405122726434,2.6066648941977713,1.0,,,,,,,,,,,,,,,,,,,0.0,0.10178811177394131,2.2035762235478824,0.030793519930293296,2.265163263408469,1.0,,,,,,,,,,,,,,,,,,,0.0,0.10178811177394131,2.2035762235478824,0.030793519930293296,2.265163263408469,1.0,,,,,,,,,,,,,,,,,,,0.0,0.10178811177394131,2.2035762235478824,0.030793519930293296,2.265163263408469,1.0,,,,,,,,,,,,,,,,,,,0.0,0.10178811177394131,2.2035762235478824,0.030793519930293296,2.265163263408469,13.646543678590348
Ismeal Kabia,MID,Arsenal,4.5,0.9259259259259258,0.0002314236255750877,0.9259259259259258,0.0,0.26,0.0,0.5393743257820928,0.2311604253351826,0.30821390044691016,Crystal Palace,A,0.0002314236255750877,0.0002314236255750877,0.0002314236255750877,,,,,,0.32615786040443573,0.32304038004750596,0.03739355794150315,,,,,,1.1095699711766187,1.2510091005398123,,,0.9122389980929454,0.0,0.0,0.0,4.72823239720424,0.0,,,,,,,,,,,,,,0.32615786040443573,0.32304038004750596,0.03739355794150315,,,0.0,0.26,0.0,0.0,0.0,0.0,,,,,,,,,,,,,,,,,,,0.0,0.26,0.0,0.0,0.0,0.0,,,,,,,,,,,,,,,,,,,0.0,0.26,0.0,0.0,0.0,0.0,,,,,,,,,,,,,,,,,,,0.0,0.26,0.0,0.0,0.0,0.0,,,,,,,,,,,,,,,,,,,0.0,0.26,0.0,0.0,0.0,0.0
Leandro Trossard,MID,Arsenal,6.8,0.9259259259259258,0.0002314236255750877,0.9259259259259258,0.0,0.0705876256686836,0.0,0.5393743257820928,0.2311604253351826,0.30821390044691016,Crystal Palace,A,0.0002314236255750877,0.0002314236255750877,0.0002314236255750877,0.2886002886002886,0.06349206349206349,0.0,0.2886002886002886,0.08281573498964803,0.32615786040443573,0.32304038004750596,0.03739355794150315,,,1.3015269888772552,1.1433647143991428,0.38159968061546345,1.1095699711766187,1.2510091005398123,,,0.9122389980929454,0.0,0.0,0.0,4.72823239720424,0.0,,,,,,,,,,,,,,0.32615786040443573,0.32304038004750596,0.03739355794150315,,,0.0,0.0705876256686836,0.0,0.0,0.0,0.0,,,,,,,,,,,,,,,,,,,0.0,0.0705876256686836,0.0,0.0,0.0,0.0,,,,,,,,,,,,,,,,,,,0.0,0.0705876256686836,0.0,0.0,0.0,0.0,,,,,,,,,,,,,,,,,,,0.0,0.0705876256686836,0.0,0.0,0.0,0.0,,,,,,,,,,,,,,,,,,,0.0,0.0705876256686836,0.0,0.0,0.0,0.0
Martin Odegaard,MID,Arsenal,7.8,0.9259259259259258,0.0002314236255750877,0.9259259259259258,0.0,0.10828239274168872,0.0,0.5393743257820928,0.2311604253351826,0.30821390044691016,Crystal Palace,A,0.0002314236255750877,0.0002314236255750877,0.0002314236255750877,0.19047619047619047,0.026455026455026454,0.0,0.3072196620583717,0.07774538386783283,0.32615786040443573,0.32304038004750596,0.03739355794150315,,,0.8590078126589884,1.2171301798442489,0.35823643486349627,1.1095699711766187,1.2510091005398123,,,0.9122389980929454,0.0,0.0,0.0,4.72823239720424,0.0,,,,,,,,,,,,,,0.32615786040443573,0.32304038004750596,0.03739355794150315,,,0.0,0.10828239274168872,0.0,0.0,0.0,0.0,,,,,,,,,,,,,,,,,,,0.0,0.10828239274168872,0.0,0.0,0.0,0.0,,,,,,,,,,,,,,,,,,,0.0,0.10828239274168872,0.0,0.0,0.0,0.0,,,,,,,,,,,,,,,,,,,0.0,0.10828239274168872,0.0,0.0,0.0,0.0,,,,,,,,,,,,,,,,,,,0.0,0.10828239274168872,0.0,0.0,0.0,0.0
Martin Zubimendi,MID,Arsenal,5.3,0.9259259259259258,0.0002314236255750877,0.9259259259259258,0.0,0.25401612989304656,1.0,0.5393743257820928,0.2311604253351826,0.30821390044691016,Crystal Palace,A,0.0002314236255750877,0.0002314236255750877,0.0002314236255750877,0.14652014652014653,0.0156128024980484,0.0,0.11904761904761904,0.1443001443001443,0.32615786040443573,0.32304038004750596,0.03739355794150315,,,0.6607752405069143,0.4716379446896464,0.6649085344057317,1.1095699711766187,1.2510091005398123,,,0.9122389980929454,3.857697578124217,0.06970176243263783,3.9971011029894927,4.72823239720424,1.0,,,,,,,,,,,,,,0.32615786040443573,0.32304038004750596,0.03739355794150315,,,0.0,0.25401612989304656,2.834190120190529,0.04562682000712162,2.9254437602047725,1.0,,,,,,,,,,,,,,,,,,,0.0,0.25401612989304656,2.508032259786093,0.03795493481468849,2.5839421294154703,1.0,,,,,,,,,,,,,,,,,,,0.0,0.25401612989304656,2.508032259786093,0.03795493481468849,2.5839421294154703,1.0,,,,,,,,,,,,,,,,,,,0.0,0.25401612989304656,2.508032259786093,0.03795493481468849,2.5839421294154703,1.0,,,,,,,,,,,,,,,,,,,0.0,0.25401612989304656,2.508032259786093,0.03795493481468849,2.5839421294154703,13.718766261526865
Max Dowman,MID,Arsenal,4.2,0.9259259259259258,0.0002314236255750877,0.9259259259259258,0.0,0.26,1.0,0.5393743257820928,0.2311604253351826,0.30821390044691016,Crystal Palace,A,0.0002314236255750877,0.0002314236255750877,0.0002314236255750877,0.26455026455026454,0.05012531328320802,0.0,0.3072196620583717,0.11614401858304298,0.32615786040443573,0.32304038004750596,0.03739355794150315,,,1.1930664064708172,1.2171301798442489,0.5351702837899793,1.1095699711766187,1.2510091005398123,,,0.9122389980929454,5.225050717163871,0.10186464296912857,5.428780003102128,4.72823239720424,1.0,,,,,,,,,,,,,,0.32615786040443573,0.32304038004750596,0.03739355794150315,,,0.0,0.26,2.846157860404436,0.04590832519243314,2.937974510789302,1.0,,,,,,,,,,,,,,,,,,,0.0,0.26,2.52,0.03823644000000001,2.59647288,1.0,,,,,,,,,,,,,,,,,,,0.0,0.26,2.52,0.03823644000000001,2.59647288,1.0,,,,,,,,,,,,,,,,,,,0.0,0.26,2.52,0.03823644000000001,2.59647288,1.0,,,,,,,,,,,,,,,,,,,0.0,0.26,2.52,0.03823644000000001,2.59647288,15.196182401273035
Mikel Merino,MID,Arsenal,5.4,0.9259259259259258,0.0002314236255750877,0.9259259259259258,0.0,0.31951779948118975,0.0,0.5393743257820928,0.2311604253351826,0.30821390044691016,Crystal Palace,A,0.0002314236255750877,0.0002314236255750877,0.0002314236255750877,0.26455026455026454,0.05602240896358543,0.0,0.31746031746031744,0.1400560224089636,0.32615786040443573,0.32304038004750596,0.03739355794150315,,,1.1930664064708172,1.2577011858390572,0.6453524010408573,1.1095699711766187,1.2510091005398123,,,0.9122389980929454,0.0,0.0,0.0,4.72823239720424,0.0,,,,,,,,,,,,,,0.32615786040443573,0.32304038004750596,0.03739355794150315,,,0.0,0.31951779948118975,0.0,0.0,0.0,0.0,,,,,,,,,,,,,,,,,,,0.0,0.31951779948118975,0.0,0.0,0.0,0.0,,,,,,,,,,,,,,,,,,,0.0,0.31951779948118975,0.0,0.0,0.0,0.0,,,,,,,,,,,,,,,,,,,0.0,0.31951779948118975,0.0,0.0,0.0,0.0,,,,,,,,,,,,,,,,,,,0.0,0.31951779948118975,0.0,0.0,0.0,0.0
Noni Madueke,MID,Arsenal,6.8,0.9259259259259258,0.0002314236255750877,0.9259259259259258,0.0,0.047790352272814696,1.0,0.5393743257820928,0.2311604253351826,0.30821390044691016,Crystal Palace,A,0.0002314236255750877,0.0002314236255750877,0.0002314236255750877,0.27210884353741494,0.06349206349206349,0.0,0.3401360544217687,0.07054673721340388,0.32615786040443573,0.32304038004750596,0.03739355794150315,,,1.227154018084269,1.3475369848275613,0.32506639459835773,1.1095699711766187,1.2510091005398123,,,0.9122389980929454,5.049604526149359,0.09773779766408523,5.24508012147753,4.72823239720424,1.0,,,,,,,,,,,,,,0.32615786040443573,0.32304038004750596,0.03739355794150315,,,0.0,0.047790352272814696,2.4217385649500653,0.035925134524755445,2.4935888339995764,1.0,,,,,,,,,,,,,,,,,,,0.0,0.047790352272814696,2.0955807045456294,0.0282532493323223,2.152087203210274,1.0,,,,,,,,,,,,,,,,,,,0.0,0.047790352272814696,2.0955807045456294,0.0282532493323223,2.152087203210274,1.0,,,,,,,,,,,,,,,,,,,0.0,0.047790352272814696,2.0955807045456294,0.0282532493323223,2.152087203210274,1.0,,,,,,,,,,,,,,,,,,,0.0,0.047790352272814696,2.0955807045456294,0.0282532493323223,2.152087203210274,13.390474799365938
Gabriel Jesus,FWD,Arsenal,6.4,0.9259259259259258,0.0002314236255750877,0.9259259259259258,0.0,0.0,0.0,0.5393743257820928,0.2311604253351826,0.30821390044691016,Crystal Palace,A,0.0002314236255750877,0.0002314236255750877,0.0002314236255750877,0.38095238095238093,0.10582010582010581,0.01,0.27210884353741494,0.13605442176870747,0.32615786040443573,0.32304038004750596,0.03739355794150315,,,0.9052262280030043,1.1985405915562748,0.7696224925955448,1.1178385809664797,1.297706864996994,,,0.9088785211682848,0.0,0.0,0.0,4.774456695709403,0.0,,,,,,,,,,,,,,0.32615786040443573,0.32304038004750596,0.03739355794150315,,,0.0,0.0,0.0,0.0,0.0,0.0,,,,,,,,,,,,,,,,,,,0.0,0.0,0.0,0.0,0.0,0.0,,,,,,,,,,,,,,,,,,,0.0,0.0,0.0,0.0,0.0,0.0,,,,,,,,,,,,,,,,,,,0.0,0.0,0.0,0.0,0.0,0.0,,,,,,,,,,,,,,,,,,,0.0,0.0,0.0,0.0,0.0,0.0
Kai Havertz,FWD,Arsenal,7.3,0.9259259259259258,0.0002314236255750877,0.9259259259259258,0.0,0.0,0.0,0.5393743257820928,0.2311604253351826,0.30821390044691016,Crystal Palace,A,0.0002314236255750877,0.0002314236255750877,0.0002314236255750877,0.3401360544217687,0.08658008658008658,0.01,0.25396825396825395,0.12210012210012211,0.32615786040443573,0.32304038004750596,0.03739355794150315,,,0.8082377035741111,1.1186378854525232,0.6906868523293352,1.1178385809664797,1.297706864996994,,,0.9088785211682848,0.0,0.0,0.0,4.774456695709403,0.0,,,,,,,,,,,,,,0.32615786040443573,0.32304038004750596,0.03739355794150315,,,0.0,0.0,0.0,0.0,0.0,0.0,,,,,,,,,,,,,,,,,,,0.0,0.0,0.0,0.0,0.0,0.0,,,,,,,,,,,,,,,,,,,0.0,0.0,0.0,0.0,0.0,0.0,,,,,,,,,,,,,,,,,,,0.0,0.0,0.0,0.0,0.0,0.0,,,,,,,,,,,,,,,,,,,0.0,0.0,0.0,0.0,0.0,0.0
Viktor Gyokeres,FWD,Arsenal,8.8,0.9259259259259258,0.0002314236255750877,0.9259259259259258,0.0,0.0,1.0,0.5393743257820928,0.2311604253351826,0.30821390044691016,Crystal Palace,A,0.0002314236255750877,0.0002314236255750877,0.0002314236255750877,0.3968253968253968,0.11204481792717086,0.01,0.17316017316017315,0.10465724751439036,0.32615786040443573,0.32304038004750596,0.03739355794150315,,,0.9429439875031296,0.7627076491721749,0.592017301996573,1.1178385809664797,1.297706864996994,,,0.9088785211682848,4.4903041309764,0.08458193376882688,4.659467998514053,4.774456695709403,1.0,,,,,,,,,,,,,,0.32615786040443573,0.32304038004750596,0.03739355794150315,,,0.0,0.0,2.0,0.026005000000000004,2.05201,1.0,,,,,,,,,,,,,,,,,,,0.0,0.0,2.0,0.026005000000000004,2.05201,1.0,,,,,,,,,,,,,,,,,,,0.0,0.0,2.0,0.026005000000000004,2.05201,1.0,,,,,,,,,,,,,,,,,,,0.0,0.0,2.0,0.026005000000000004,2.05201,1.0,,,,,,,,,,,,,,,,,,,0.0,0.0,2.0,0.026005000000000004,2.05201,12.149304498514052
Emiliano Martinez,GK,Aston Villa,5.0,0.00020571560229414037,0.0002314236255750877,0.9259259259259258,0.0,0.0,0.0,0.10787486515641855,0.7584951456310679,-0.6506202804746494,Man City,A,0.00020571560229414037,0.0002314236255750877,0.9259259259259258,,,,,,0.0624512099921936,0.7861060329067642,0.32541567695962,0.6802721088435374,0.19047619047619047,,,,1.1506671537727502,1.5193450573063176,0.8962055420757096,0.7327268927828009,0.5922894578004987,0.0,0.0,0.0,1.7399503204233877,0.0,,,,,,,,,,,,,,0.0624512099921936,0.7861060329067642,0.32541567695962,,,0.0,0.0,0.0,0.0,0.0,0.0,,,,,,,,,,,,,,,,,,,0.0,0.0,0.0,0.0,0.0,0.0,,,,,,,,,,,,,,,,,,,0.0,0.0,0.0,0.0,0.0,0.0,,,,,,,,,,,,,,,,,,,0.0,0.0,0.0,0.0,0.0,0.0,,,,,,,,,,,,,,,,,,,0.0,0.0,0.0,0.0,0.0,0.0
Filip Marschall,GK,Aston Villa,4.0,0.00020571560229414037,0.0002314236255750877,0.9259259259259258,0.0,0.0,0.0,0.10787486515641855,0.7584951456310679,-0.6506202804746494,Man City,A,0.00020571560229414037,0.0002314236255750877,0.9259259259259258,,,,,,0.0624512099921936,0.7861060329067642,0.32541567695962,0.6802721088435374,0.19047619047619047,,,,1.1506671537727502,1.5193450573063176,0.8962055420757096,0.7327268927828009,0.5922894578004987,0.0,0.0,0.0,1.7399503204233877,0.0,,,,,,,,,,,,,,0.0624512099921936,0.7861060329067642,0.32541567695962,,,0.0,0.0,0.0,0.0,0.0,0.0,,,,,,,,,,,,,,,,,,,0.0,0.0,0.0,0.0,0.0,0.0,,,,,,,,,,,,,,,,,,,0.0,0.0,0.0,0.0,0.0,0.0,,,,,,,,,,,,,,,,,,,0.0,0.0,0.0,0.0,0.0,0.0,,,,,,,,,,,,,,,,,,,0.0,0.0,0.0,0.0,0.0,0.0
James Wright,GK,Aston Villa,3.9,0.00020571560229414037,0.0002314236255750877,0.9259259259259258,0.0,0.0,0.0,0.10787486515641855,0.7584951456310679,-0.6506202804746494,Man City,A,0.00020571560229414037,0.0002314236255750877,0.9259259259259258,,,,,,0.0624512099921936,0.7861060329067642,0.32541567695962,0.6802721088435374,0.19047619047619047,,,,1.1506671537727502,1.5193450573063176,0.8962055420757096,0.7327268927828009,0.5922894578004987,0.0,0.0,0.0,1.7399503204233877,0.0,,,,,,,,,,,,,,0.0624512099921936,0.7861060329067642,0.32541567695962,,,0.0,0.0,0.0,0.0,0.0,0.0,,,,,,,,,,,,,,,,,,,0.0,0.0,0.0,0.0,0.0,0.0,,,,,,,,,,,,,,,,,,,0.0,0.0,0.0,0.0,0.0,0.0,,,,,,,,,,,,,,,,,,,0.0,0.0,0.0,0.0,0.0,0.0,,,,,,,,,,,,,,,,,,,0.0,0.0,0.0,0.0,0.0,0.0
Joe Gauci,GK,Aston Villa,4.0,0.00020571560229414037,0.0002314236255750877,0.9259259259259258,0.0,0.0,0.0,0.10787486515641855,0.7584951456310679,-0.6506202804746494,Man City,A,0.00020571560229414037,0.0002314236255750877,0.9259259259259258,,,,,,0.0624512099921936,0.7861060329067642,0.32541567695962,0.6802721088435374,0.19047619047619047,,,,1.1506671537727502,1.5193450573063176,0.8962055420757096,0.7327268927828009,0.5922894578004987,0.0,0.0,0.0,1.7399503204233877,0.0,,,,,,,,,,,,,,0.0624512099921936,0.7861060329067642,0.32541567695962,,,0.0,0.0,0.0,0.0,0.0,0.0,,,,,,,,,,,,,,,,,,,0.0,0.0,0.0,0.0,0.0,0.0,,,,,,,,,,,,,,,,,,,0.0,0.0,0.0,0.0,0.0,0.0,,,,,,,,,,,,,,,,,,,0.0,0.0,0.0,0.0,0.0,0.0,,,,,,,,,,,,,,,,,,,0.0,0.0,0.0,0.0,0.0,0.0
Marco Bizot,GK,Aston Villa,4.2,0.00020571560229414037,0.0002314236255750877,0.9259259259259258,0.0,0.0,1.0,0.10787486515641855,0.7584951456310679,-0.6506202804746494,Man City,A,0.00020571560229414037,0.0002314236255750877,0.9259259259259258,,,,,,0.0624512099921936,0.7861060329067642,0.32541567695962,0.6802721088435374,0.19047619047619047,,,,1.1506671537727502,1.5193450573063176,0.8962055420757096,0.7327268927828009,0.5922894578004987,0.8975097195557339,7.222362338997479e-05,0.8976541668025139,1.7399503204233877,1.0,,,,,,,,,,,,,,0.0624512099921936,0.7861060329067642,0.32541567695962,,,0.0,0.0,0.026761420236006028,0.0,0.026761420236006028,1.0,,,,,,,,,,,,,,,,,,,0.0,0.0,2.0,0.026005000000000004,2.05201,1.0,,,,,,,,,,,,,,,,,,,0.0,0.0,2.0,0.026005000000000004,2.05201,1.0,,,,,,,,,,,,,,,,,,,0.0,0.0,2.0,0.026005000000000004,2.05201,1.0,,,,,,,,,,,,,,,,,,,0.0,0.0,2.0,0.026005000000000004,2.05201,6.666029374003119
Ronnie Hollingshead,GK,Aston Villa,4.0,0.00020571560229414037,0.0002314236255750877,0.9259259259259258,0.0,0.0,0.0,0.10787486515641855,0.7584951456310679,-0.6506202804746494,Man City,A,0.00020571560229414037,0.0002314236255750877,0.9259259259259258,,,,,,0.0624512099921936,0.7861060329067642,0.32541567695962,0.6802721088435374,0.19047619047619047,,,,1.1506671537727502,1.5193450573063176,0.8962055420757096,0.7327268927828009,0.5922894578004987,0.0,0.0,0.0,1.7399503204233877,0.0,,,,,,,,,,,,,,0.0624512099921936,0.7861060329067642,0.32541567695962,,,0.0,0.0,0.0,0.0,0.0,0.0,,,,,,,,,,,,,,,,,,,0.0,0.0,0.0,0.0,0.0,0.0,,,,,,,,,,,,,,,,,,,0.0,0.0,0.0,0.0,0.0,0.0,,,,,,,,,,,,,,,,,,,0.0,0.0,0.0,0.0,0.0,0.0,,,,,,,,,,,,,,,,,,,0.0,0.0,0.0,0.0,0.0,0.0
Sam Proctor,GK,Aston Villa,3.9,0.00020571560229414037,0.0002314236255750877,0.9259259259259258,0.0,0.0,0.0,0.10787486515641855,0.7584951456310679,-0.6506202804746494,Man City,A,0.00020571560229414037,0.0002314236255750877,0.9259259259259258,,,,,,0.0624512099921936,0.7861060329067642,0.32541567695962,0.6802721088435374,0.19047619047619047,,,,1.1506671537727502,1.5193450573063176,0.8962055420757096,0.7327268927828009,0.5922894578004987,0.0,0.0,0.0,1.7399503204233877,0.0,,,,,,,,,,,,,,0.0624512099921936,0.7861060329067642,0.32541567695962,,,0.0,0.0,0.0,0.0,0.0,0.0,,,,,,,,,,,,,,,,,,,0.0,0.0,0.0,0.0,0.0,0.0,,,,,,,,,,,,,,,,,,,0.0,0.0,0.0,0.0,0.0,0.0,,,,,,,,,,,,,,,,,,,0.0,0.0,0.0,0.0,0.0,0.0,,,,,,,,,,,,,,,,,,,0.0,0.0,0.0,0.0,0.0,0.0
Andrés García,DEF,Aston Villa,3.9,0.00020571560229414037,0.0002314236255750877,0.9259259259259258,0.44,0.0,0.0,0.10787486515641855,0.7584951456310679,-0.6506202804746494,Man City,A,0.00020571560229414037,0.0002314236255750877,0.9259259259259258,,,,,,0.0624512099921936,0.7861060329067642,0.32541567695962,,,,,,1.1514964303144617,1.5206094536816996,,,0.5895510554312746,0.0,0.0,0.0,1.8917321242259766,0.0,,,,,,,,,,,,,,0.0624512099921936,0.7861060329067642,0.32541567695962,,,0.44,0.0,0.0,0.0,0.0,0.0,,,,,,,,,,,,,,,,,,,0.44,0.0,0.0,0.0,0.0,0.0,,,,,,,,,,,,,,,,,,,0.44,0.0,0.0,0.0,0.0,0.0,,,,,,,,,,,,,,,,,,,0.44,0.0,0.0,0.0,0.0,0.0,,,,,,,,,,,,,,,,,,,0.44,0.0,0.0,0.0,0.0,0.0
Ezri Konsa,DEF,Aston Villa,4.4,0.00020571560229414037,0.0002314236255750877,0.9259259259259258,0.1638090834377135,0.0,1.0,0.10787486515641855,0.7584951456310679,-0.6506202804746494,Man City,A,0.00020571560229414037,0.0002314236255750877,0.9259259259259258,0.05291005291005291,0.004738213693437574,0.0,0.06802721088435373,0.1400560224089636,0.0624512099921936,0.7861060329067642,0.32541567695962,,,0.8072394070898077,0.713263423805541,0.5471820152214026,1.1514964303144617,1.5206094536816996,,,0.5895510554312746,0.7642947969764733,0.0,0.7642947969764733,1.8917321242259766,1.0,,,,,,,,,,,,,,0.0624512099921936,0.7861060329067642,0.32541567695962,,,0.1638090834377135,0.0,0.354379587111433,0.0,0.354379587111433,1.0,,,,,,,,,,,,,,,,,,,0.1638090834377135,0.0,2.327618166875427,0.033711234521243805,2.3950406359179146,1.0,,,,,,,,,,,,,,,,,,,0.1638090834377135,0.0,2.327618166875427,0.033711234521243805,2.3950406359179146,1.0,,,,,,,,,,,,,,,,,,,0.1638090834377135,0.0,2.327618166875427,0.033711234521243805,2.3950406359179146,1.0,,,,,,,,,,,,,,,,,,,0.1638090834377135,0.0,2.327618166875427,0.033711234521243805,2.3950406359179146,7.771631226591351
Ian Maatsen,DEF,Aston Villa,4.2,0.00020571560229414037,0.0002314236255750877,0.9259259259259258,0.272850202957181,0.0,1.0,0.10787486515641855,0.7584951456310679,-0.6506202804746494,Man City,A,0.00020571560229414037,0.0002314236255750877,0.9259259259259258,0.08658008658008658,0.004738213693437574,0.0,0.13605442176870747,0.2294893861158921,0.0624512099921936,0.7861060329067642,0.32541567695962,,,1.3209372116015037,1.426526847611082,0.8965873984350693,1.1514964303144617,1.5206094536816996,,,0.5895510554312746,1.299045506981743,0.009517148415224563,1.3180798038121921,1.8917321242259766,1.0,,,,,,,,,,,,,,0.0624512099921936,0.7861060329067642,0.32541567695962,,,0.272850202957181,0.0,0.572461826150368,0.0,0.572461826150368,1.0,,,,,,,,,,,,,,,,,,,0.272850202957181,0.0,2.5457004059143618,0.038840964947917625,2.623382335810197,1.0,,,,,,,,,,,,,,,,,,,0.272850202957181,0.0,2.5457004059143618,0.038840964947917625,2.623382335810197,1.0,,,,,,,,,,,,,,,,,,,0.272850202957181,0.0,2.5457004059143618,0.038840964947917625,2.623382335810197,1.0,,,,,,,,,,,,,,,,,,,0.272850202957181,0.0,2.5457004059143618,0.038840964947917625,2.623382335810197,9.150142896308555
Lamare Bogarde,DEF,Aston Villa,4.0,0.00020571560229414037,0.0002314236255750877,0.9259259259259258,0.137048373137312,0.0,1.0,0.10787486515641855,0.7584951456310679,-0.6506202804746494,Man City,A,0.00020571560229414037,0.0002314236255750877,0.9259259259259258,0.07326007326007326,0.004738213693437574,0.0,0.11204481792717086,0.2405002405002405,0.0624512099921936,0.7861060329067642,0.32541567695962,,,1.1177161021243494,1.1747868156797145,0.9396054806832167,1.1514964303144617,1.5206094536816996,,,0.5895510554312746,0.8644821015129671,0.0,0.8644821015129671,1.8917321242259766,1.0,,,,,,,,,,,,,,0.0624512099921936,0.7861060329067642,0.32541567695962,,,0.137048373137312,0.0,0.30085816651063,0.0,0.30085816651063,1.0,,,,,,,,,,,,,,,,,,,0.137048373137312,0.0,2.274096746274624,0.03245230366587171,2.3390013536063674,1.0,,,,,,,,,,,,,,,,,,,0.137048373137312,0.0,2.274096746274624,0.03245230366587171,2.3390013536063674,1.0,,,,,,,,,,,,,,,,,,,0.137048373137312,0.0,2.274096746274624,0.03245230366587171,2.3390013536063674,1.0,,,,,,,,,,,,,,,,,,,0.137048373137312,0.0,2.274096746274624,0.03245230366587171,2.3390013536063674,7.669415333144831
Leon Routh,DEF,Aston Villa,4.0,0.00020571560229414037,0.0002314236255750877,0.9259259259259258,0.44,0.0,0.0,0.10787486515641855,0.7584951456310679,-0.6506202804746494,Man City,A,0.00020571560229414037,0.0002314236255750877,0.9259259259259258,,,,,,0.0624512099921936,0.7861060329067642,0.32541567695962,,,,,,1.1514964303144617,1.5206094536816996,,,0.5895510554312746,0.0,0.0,0.0,1.8917321242259766,0.0,,,,,,,,,,,,,,0.0624512099921936,0.7861060329067642,0.32541567695962,,,0.44,0.0,0.0,0.0,0.0,0.0,,,,,,,,,,,,,,,,,,,0.44,0.0,0.0,0.0,0.0,0.0,,,,,,,,,,,,,,,,,,,0.44,0.0,0.0,0.0,0.0,0.0,,,,,,,,,,,,,,,,,,,0.44,0.0,0.0,0.0,0.0,0.0,,,,,,,,,,,,,,,,,,,0.44,0.0,0.0,0.0,0.0,0.0
Lino da Cruz Sousa,DEF,Aston Villa,3.8,0.00020571560229414037,0.0002314236255750877,0.9259259259259258,0.44,0.0,0.0,0.10787486515641855,0.7584951456310679,-0.6506202804746494,Man City,A,0.00020571560229414037,0.0002314236255750877,0.9259259259259258,,,,,,0.0624512099921936,0.7861060329067642,0.32541567695962,,,,,,1.1514964303144617,1.5206094536816996,,,0.5895510554312746,0.0,0.0,0.0,1.8917321242259766,0.0,,,,,,,,,,,,,,0.0624512099921936,0.7861060329067642,0.32541567695962,,,0.44,0.0,0.0,0.0,0.0,0.0,,,,,,,,,,,,,,,,,,,0.44,0.0,0.0,0.0,0.0,0.0,,,,,,,,,,,,,,,,,,,0.44,0.0,0.0,0.0,0.0,0.0,,,,,,,,,,,,,,,,,,,0.44,0.0,0.0,0.0,0.0,0.0,,,,,,,,,,,,,,,,,,,0.44,0.0,0.0,0.0,0.0,0.0
Lucas Digne,DEF,Aston Villa,4.5,0.00020571560229414037,0.0002314236255750877,0.9259259259259258,0.13859552650716922,0.0,0.0,0.10787486515641855,0.7584951456310679,-0.6506202804746494,Man City,A,0.00020571560229414037,0.0002314236255750877,0.9259259259259258,0.05291005291005291,0.004738213693437574,0.0,0.21164021164021163,0.17316017316017315,0.0624512099921936,0.7861060329067642,0.32541567695962,,,0.8072394070898077,2.219041762950572,0.676515946091916,1.1514964303144617,1.5206094536816996,,,0.5895510554312746,0.0,0.0,0.0,1.8917321242259766,0.0,,,,,,,,,,,,,,0.0624512099921936,0.7861060329067642,0.32541567695962,,,0.13859552650716922,0.0,0.0,0.0,0.0,0.0,,,,,,,,,,,,,,,,,,,0.13859552650716922,0.0,0.0,0.0,0.0,0.0,,,,,,,,,,,,,,,,,,,0.13859552650716922,0.0,0.0,0.0,0.0,0.0,,,,,,,,,,,,,,,,,,,0.13859552650716922,0.0,0.0,0.0,0.0,0.0,,,,,,,,,,,,,,,,,,,0.13859552650716922,0.0,0.0,0.0,0.0,0.0
Matty Cash,DEF,Aston Villa,4.9,0.00020571560229414037,0.0002314236255750877,0.9259259259259258,0.15696119736999914,0.0,1.0,0.10787486515641855,0.7584951456310679,-0.6506202804746494,Man City,A,0.00020571560229414037,0.0002314236255750877,0.9259259259259258,0.10025062656641603,0.009429514380009428,0.0,0.13605442176870747,0.30330603579011217,0.0624512099921936,0.7861060329067642,0.32541567695962,,,1.5295062450122672,1.426526847611082,1.184980160352082,1.1514964303144617,1.5206094536816996,,,0.5895510554312746,1.1036218901705674,0.004920394100592092,1.1134626783717516,1.8917321242259766,1.0,,,,,,,,,,,,,,0.0624512099921936,0.7861060329067642,0.32541567695962,,,0.15696119736999914,0.0,0.3406838149760043,0.0,0.3406838149760043,1.0,,,,,,,,,,,,,,,,,,,0.15696119736999914,0.0,2.3139223947399983,0.03338908256907425,2.3807005598781465,1.0,,,,,,,,,,,,,,,,,,,0.15696119736999914,0.0,2.3139223947399983,0.03338908256907425,2.3807005598781465,1.0,,,,,,,,,,,,,,,,,,,0.15696119736999914,0.0,2.3139223947399983,0.03338908256907425,2.3807005598781465,1.0,,,,,,,,,,,,,,,,,,,0.15696119736999914,0.0,2.3139223947399983,0.03338908256907425,2.3807005598781465,8.069005488760165
Pau Torres,DEF,Aston Villa,4.3,0.00020571560229414037,0.0002314236255750877,0.9259259259259258,0.20553444985209757,0.0,0.0,0.10787486515641855,0.7584951456310679,-0.6506202804746494,Man City,A,0.00020571560229414037,0.0002314236255750877,0.9259259259259258,0.06349206349206349,0.004738213693437574,0.0,0.08658008658008658,0.13605442176870747,0.0624512099921936,0.7861060329067642,0.32541567695962,,,0.9686872885077693,0.9077898121161431,0.5315482433579339,1.1514964303144617,1.5206094536816996,,,0.5895510554312746,0.0,0.0,0.0,1.8917321242259766,0.0,,,,,,,,,,,,,,0.0624512099921936,0.7861060329067642,0.32541567695962,,,0.20553444985209757,0.0,0.0,0.0,0.0,0.0,,,,,,,,,,,,,,,,,,,0.20553444985209757,0.0,0.0,0.0,0.0,0.0,,,,,,,,,,,,,,,,,,,0.20553444985209757,0.0,0.0,0.0,0.0,0.0,,,,,,,,,,,,,,,,,,,0.20553444985209757,0.0,0.0,0.0,0.0,0.0,,,,,,,,,,,,,,,,,,,0.20553444985209757,0.0,0.0,0.0,0.0,0.0
TJ Carroll,DEF,Aston Villa,4.0,0.00020571560229414037,0.0002314236255750877,0.9259259259259258,0.44,0.0,0.0,0.10787486515641855,0.7584951456310679,-0.6506202804746494,Man City,A,0.00020571560229414037,0.0002314236255750877,0.9259259259259258,,,,,,0.0624512099921936,0.7861060329067642,0.32541567695962,,,,,,1.1514964303144617,1.5206094536816996,,,0.5895510554312746,0.0,0.0,0.0,1.8917321242259766,0.0,,,,,,,,,,,,,,0.0624512099921936,0.7861060329067642,0.32541567695962,,,0.44,0.0,0.0,0.0,0.0,0.0,,,,,,,,,,,,,,,,,,,0.44,0.0,0.0,0.0,0.0,0.0,,,,,,,,,,,,,,,,,,,0.44,0.0,0.0,0.0,0.0,0.0,,,,,,,,,,,,,,,,,,,0.44,0.0,0.0,0.0,0.0,0.0,,,,,,,,,,,,,,,,,,,0.44,0.0,0.0,0.0,0.0,0.0
Travis Patterson,DEF,Aston Villa,3.9,0.00020571560229414037,0.0002314236255750877,0.9259259259259258,0.44,0.0,0.0,0.10787486515641855,0.7584951456310679,-0.6506202804746494,Man City,A,0.00020571560229414037,0.0002314236255750877,0.9259259259259258,,,,,,0.0624512099921936,0.7861060329067642,0.32541567695962,,,,,,1.1514964303144617,1.5206094536816996,,,0.5895510554312746,0.0,0.0,0.0,1.8917321242259766,0.0,,,,,,,,,,,,,,0.0624512099921936,0.7861060329067642,0.32541567695962,,,0.44,0.0,0.0,0.0,0.0,0.0,,,,,,,,,,,,,,,,,,,0.44,0.0,0.0,0.0,0.0,0.0,,,,,,,,,,,,,,,,,,,0.44,0.0,0.0,0.0,0.0,0.0,,,,,,,,,,,,,,,,,,,0.44,0.0,0.0,0.0,0.0,0.0,,,,,,,,,,,,,,,,,,,0.44,0.0,0.0,0.0,0.0,0.0
Triston Rowe,DEF,Aston Villa,4.0,0.00020571560229414037,0.0002314236255750877,0.9259259259259258,0.44,0.0,0.0,0.10787486515641855,0.7584951456310679,-0.6506202804746494,Man City,A,0.00020571560229414037,0.0002314236255750877,0.9259259259259258,,,,,,0.0624512099921936,0.7861060329067642,0.32541567695962,,,,,,1.1514964303144617,1.5206094536816996,,,0.5895510554312746,0.0,0.0,0.0,1.8917321242259766,0.0,,,,,,,,,,,,,,0.0624512099921936,0.7861060329067642,0.32541567695962,,,0.44,0.0,0.0,0.0,0.0,0.0,,,,,,,,,,,,,,,,,,,0.44,0.0,0.0,0.0,0.0,0.0,,,,,,,,,,,,,,,,,,,0.44,0.0,0.0,0.0,0.0,0.0,,,,,,,,,,,,,,,,,,,0.44,0.0,0.0,0.0,0.0,0.0,,,,,,,,,,,,,,,,,,,0.44,0.0,0.0,0.0,0.0,0.0
Tyrone Mings,DEF,Aston Villa,4.3,0.00020571560229414037,0.0002314236255750877,0.9259259259259258,0.27207234688497595,0.0,1.0,0.10787486515641855,0.7584951456310679,-0.6506202804746494,Man City,A,0.00020571560229414037,0.0002314236255750877,0.9259259259259258,0.06349206349206349,0.004738213693437574,0.0,0.07936507936507936,0.19047619047619047,0.0624512099921936,0.7861060329067642,0.32541567695962,,,0.9686872885077693,0.8321406611064645,0.7441675407011076,1.1514964303144617,1.5206094536816996,,,0.5895510554312746,1.0279068247380123,0.0031394243314875267,1.0341856734009873,1.8917321242259766,1.0,,,,,,,,,,,,,,0.0624512099921936,0.7861060329067642,0.32541567695962,,,0.27207234688497595,0.0,0.5709061140059579,0.0,0.5709061140059579,1.0,,,,,,,,,,,,,,,,,,,0.27207234688497595,0.0,2.544144693769952,0.03880437148685681,2.6217534367436657,1.0,,,,,,,,,,,,,,,,,,,0.27207234688497595,0.0,2.544144693769952,0.03880437148685681,2.6217534367436657,1.0,,,,,,,,,,,,,,,,,,,0.27207234688497595,0.0,2.544144693769952,0.03880437148685681,2.6217534367436657,1.0,,,,,,,,,,,,,,,,,,,0.27207234688497595,0.0,2.544144693769952,0.03880437148685681,2.6217534367436657,8.860365493188315
Victor Lindelof,DEF,Aston Villa,4.5,0.00020571560229414037,0.0002314236255750877,0.9259259259259258,0.15472103349756006,0.0,0.0,0.10787486515641855,0.7584951456310679,-0.6506202804746494,Man City,A,0.00020571560229414037,0.0002314236255750877,0.9259259259259258,0.07326007326007326,0.004738213693437574,0.0,0.11904761904761904,0.1716001716001716,0.0624512099921936,0.7861060329067642,0.32541567695962,,,1.1177161021243494,1.2482109916596966,0.6704212078388357,1.1514964303144617,1.5206094536816996,,,0.5895510554312746,0.0,0.0,0.0,1.8917321242259766,0.0,,,,,,,,,,,,,,0.0624512099921936,0.7861060329067642,0.32541567695962,,,0.15472103349756006,0.0,0.0,0.0,0.0,0.0,,,,,,,,,,,,,,,,,,,0.15472103349756006,0.0,0.0,0.0,0.0,0.0,,,,,,,,,,,,,,,,,,,0.15472103349756006,0.0,0.0,0.0,0.0,0.0,,,,,,,,,,,,,,,,,,,0.15472103349756006,0.0,0.0,0.0,0.0,0.0,,,,,,,,,,,,,,,,,,,0.15472103349756006,0.0,0.0,0.0,0.0,0.0
Yasin Özcan,DEF,Aston Villa,4.0,0.00020571560229414037,0.0002314236255750877,0.9259259259259258,0.44,0.0,0.0,0.10787486515641855,0.7584951456310679,-0.6506202804746494,Man City,A,0.00020571560229414037,0.0002314236255750877,0.9259259259259258,,,,,,0.0624512099921936,0.7861060329067642,0.32541567695962,,,,,,1.1514964303144617,1.5206094536816996,,,0.5895510554312746,0.0,0.0,0.0,1.8917321242259766,0.0,,,,,,,,,,,,,,0.0624512099921936,0.7861060329067642,0.32541567695962,,,0.44,0.0,0.0,0.0,0.0,0.0,,,,,,,,,,,,,,,,,,,0.44,0.0,0.0,0.0,0.0,0.0,,,,,,,,,,,,,,,,,,,0.44,0.0,0.0,0.0,0.0,0.0,,,,,,,,,,,,,,,,,,,0.44,0.0,0.0,0.0,0.0,0.0,,,,,,,,,,,,,,,,,,,0.44,0.0,0.0,0.0,0.0,0.0
Álex Moreno Lopera,DEF,Aston Villa,4.0,0.00020571560229414037,0.0002314236255750877,0.9259259259259258,0.44,0.0,0.0,0.10787486515641855,0.7584951456310679,-0.6506202804746494,Man City,A,0.00020571560229414037,0.0002314236255750877,0.9259259259259258,,,,,,0.0624512099921936,0.7861060329067642,0.32541567695962,,,,,,1.1514964303144617,1.5206094536816996,,,0.5895510554312746,0.0,0.0,0.0,1.8917321242259766,0.0,,,,,,,,,,,,,,0.0624512099921936,0.7861060329067642,0.32541567695962,,,0.44,0.0,0.0,0.0,0.0,0.0,,,,,,,,,,,,,,,,,,,0.44,0.0,0.0,0.0,0.0,0.0,,,,,,,,,,,,,,,,,,,0.44,0.0,0.0,0.0,0.0,0.0,,,,,,,,,,,,,,,,,,,0.44,0.0,0.0,0.0,0.0,0.0,,,,,,,,,,,,,,,,,,,0.44,0.0,0.0,0.0,0.0,0.0
Alysson Edward Franco da Rocha dos Santos,MID,Aston Villa,5.0,0.00020571560229414037,0.0002314236255750877,0.9259259259259258,0.0,0.26,0.0,0.10787486515641855,0.7584951456310679,-0.6506202804746494,Man City,A,0.00020571560229414037,0.0002314236255750877,0.9259259259259258,,,,,,0.0624512099921936,0.7861060329067642,0.32541567695962,,,,,,1.1508775627090222,1.5226734031663087,,,0.5914865641381772,0.0,0.0,0.0,3.365752074199008,0.0,,,,,,,,,,,,,,0.0624512099921936,0.7861060329067642,0.32541567695962,,,0.0,0.26,0.0,0.0,0.0,0.0,,,,,,,,,,,,,,,,,,,0.0,0.26,0.0,0.0,0.0,0.0,,,,,,,,,,,,,,,,,,,0.0,0.26,0.0,0.0,0.0,0.0,,,,,,,,,,,,,,,,,,,0.0,0.26,0.0,0.0,0.0,0.0,,,,,,,,,,,,,,,,,,,0.0,0.26,0.0,0.0,0.0,0.0
Amadou Onana,MID,Aston Villa,4.8,0.00020571560229414037,0.0002314236255750877,0.9259259259259258,0.0,0.5170922938079829,1.0,0.10787486515641855,0.7584951456310679,-0.6506202804746494,Man City,A,0.00020571560229414037,0.0002314236255750877,0.9259259259259258,0.10582010582010581,0.007558578987150415,0.0,0.10025062656641603,0.2294893861158921,0.0624512099921936,0.7861060329067642,0.32541567695962,,,0.9493584578426119,0.7176604216493097,0.8949093361090574,1.1508775627090222,1.5226734031663087,,,0.5914865641381772,3.7347917152277965,0.06681077072558823,3.868413256678973,3.365752074199008,1.0,,,,,,,,,,,,,,0.0624512099921936,0.7861060329067642,0.32541567695962,,,0.0,0.5170922938079829,3.0966357976081595,0.051800067231339134,3.200235932070838,1.0,,,,,,,,,,,,,,,,,,,0.0,0.5170922938079829,3.034184587615966,0.050331089869902756,3.1348467673557714,1.0,,,,,,,,,,,,,,,,,,,0.0,0.5170922938079829,3.034184587615966,0.050331089869902756,3.1348467673557714,1.0,,,,,,,,,,,,,,,,,,,0.0,0.5170922938079829,3.034184587615966,0.050331089869902756,3.1348467673557714,1.0,,,,,,,,,,,,,,,,,,,0.0,0.5170922938079829,3.034184587615966,0.050331089869902756,3.1348467673557714,15.366184747535343
Ben Broggio,MID,Aston Villa,4.4,0.00020571560229414037,0.0002314236255750877,0.9259259259259258,0.0,0.26,0.0,0.10787486515641855,0.7584951456310679,-0.6506202804746494,Man City,A,0.00020571560229414037,0.0002314236255750877,0.9259259259259258,,,,,,0.0624512099921936,0.7861060329067642,0.32541567695962,,,,,,1.1508775627090222,1.5226734031663087,,,0.5914865641381772,0.0,0.0,0.0,3.365752074199008,0.0,,,,,,,,,,,,,,0.0624512099921936,0.7861060329067642,0.32541567695962,,,0.0,0.26,0.0,0.0,0.0,0.0,,,,,,,,,,,,,,,,,,,0.0,0.26,0.0,0.0,0.0,0.0,,,,,,,,,,,,,,,,,,,0.0,0.26,0.0,0.0,0.0,0.0,,,,,,,,,,,,,,,,,,,0.0,0.26,0.0,0.0,0.0,0.0,,,,,,,,,,,,,,,,,,,0.0,0.26,0.0,0.0,0.0,0.0
Boubacar Kamara,MID,Aston Villa,4.9,0.00020571560229414037,0.0002314236255750877,0.9259259259259258,0.0,0.27663838085105397,0.0,0.10787486515641855,0.7584951456310679,-0.6506202804746494,Man City,A,0.00020571560229414037,0.0002314236255750877,0.9259259259259258,,,,,,0.0624512099921936,0.7861060329067642,0.32541567695962,,,,,,1.1508775627090222,1.5226734031663087,,,0.5914865641381772,0.0,0.0,0.0,3.365752074199008,0.0,,,,,,,,,,,,,,0.0624512099921936,0.7861060329067642,0.32541567695962,,,0.0,0.27663838085105397,0.0,0.0,0.0,0.0,,,,,,,,,,,,,,,,,,,0.0,0.27663838085105397,0.0,0.0,0.0,0.0,,,,,,,,,,,,,,,,,,,0.0,0.27663838085105397,0.0,0.0,0.0,0.0,,,,,,,,,,,,,,,,,,,0.0,0.27663838085105397,0.0,0.0,0.0,0.0,,,,,,,,,,,,,,,,,,,0.0,0.27663838085105397,0.0,0.0,0.0,0.0
Bradley Burrowes,MID,Aston Villa,4.4,0.00020571560229414037,0.0002314236255750877,0.9259259259259258,0.0,0.26,0.0,0.10787486515641855,0.7584951456310679,-0.6506202804746494,Man City,A,0.00020571560229414037,0.0002314236255750877,0.9259259259259258,,,,,,0.0624512099921936,0.7861060329067642,0.32541567695962,,,,,,1.1508775627090222,1.5226734031663087,,,0.5914865641381772,0.0,0.0,0.0,3.365752074199008,0.0,,,,,,,,,,,,,,0.0624512099921936,0.7861060329067642,0.32541567695962,,,0.0,0.26,0.0,0.0,0.0,0.0,,,,,,,,,,,,,,,,,,,0.0,0.26,0.0,0.0,0.0,0.0,,,,,,,,,,,,,,,,,,,0.0,0.26,0.0,0.0,0.0,0.0,,,,,,,,,,,,,,,,,,,0.0,0.26,0.0,0.0,0.0,0.0,,,,,,,,,,,,,,,,,,,0.0,0.26,0.0,0.0,0.0,0.0
Donyell Malen,MID,Aston Villa,5.1,0.00020571560229414037,0.0002314236255750877,0.9259259259259258,0.0,0.010131862501173927,0.0,0.10787486515641855,0.7584951456310679,-0.6506202804746494,Man City,A,0.00020571560229414037,0.0002314236255750877,0.9259259259259258,,,,,,0.0624512099921936,0.7861060329067642,0.32541567695962,,,,,,1.1508775627090222,1.5226734031663087,,,0.5914865641381772,0.0,0.0,0.0,3.365752074199008,0.0,,,,,,,,,,,,,,0.0624512099921936,0.7861060329067642,0.32541567695962,,,0.0,0.010131862501173927,0.0,0.0,0.0,0.0,,,,,,,,,,,,,,,,,,,0.0,0.010131862501173927,0.0,0.0,0.0,0.0,,,,,,,,,,,,,,,,,,,0.0,0.010131862501173927,0.0,0.0,0.0,0.0,,,,,,,,,,,,,,,,,,,0.0,0.010131862501173927,0.0,0.0,0.0,0.0,,,,,,,,,,,,,,,,,,,0.0,0.010131862501173927,0.0,0.0,0.0,0.0
Douglas Luiz,MID,Aston Villa,4.9,0.00020571560229414037,0.0002314236255750877,0.9259259259259258,0.0,0.3939465192438697,0.0,0.10787486515641855,0.7584951456310679,-0.6506202804746494,Man City,A,0.00020571560229414037,0.0002314236255750877,0.9259259259259258,0.10582010582010581,0.007558578987150415,0.0,0.19047619047619047,0.241721053903795,0.0624512099921936,0.7861060329067642,0.32541567695962,,,0.9493584578426119,1.3635548011336884,0.9426075494549717,1.1508775627090222,1.5226734031663087,,,0.5914865641381772,0.0,0.0,0.0,3.365752074199008,0.0,,,,,,,,,,,,,,0.0624512099921936,0.7861060329067642,0.32541567695962,,,0.0,0.3939465192438697,0.0,0.0,0.0,0.0,,,,,,,,,,,,,,,,,,,0.0,0.3939465192438697,0.0,0.0,0.0,0.0,,,,,,,,,,,,,,,,,,,0.0,0.3939465192438697,0.0,0.0,0.0,0.0,,,,,,,,,,,,,,,,,,,0.0,0.3939465192438697,0.0,0.0,0.0,0.0,,,,,,,,,,,,,,,,,,,0.0,0.3939465192438697,0.0,0.0,0.0,0.0
Emiliano Buendia,MID,Aston Villa,5.3,0.00020571560229414037,0.0002314236255750877,0.9259259259259258,0.0,0.3525030711659294,0.0,0.10787486515641855,0.7584951456310679,-0.6506202804746494,Man City,A,0.00020571560229414037,0.0002314236255750877,0.9259259259259258,0.17316017316017315,0.020703933747412008,0.0,0.19047619047619047,0.2801120448179272,0.0624512099921936,0.7861060329067642,0.32541567695962,,,1.5534956582879103,1.3635548011336884,1.092315807309585,1.1508775627090222,1.5226734031663087,,,0.5914865641381772,0.0,0.0,0.0,3.365752074199008,0.0,,,,,,,,,,,,,,0.0624512099921936,0.7861060329067642,0.32541567695962,,,0.0,0.3525030711659294,0.0,0.0,0.0,0.0,,,,,,,,,,,,,,,,,,,0.0,0.3525030711659294,0.0,0.0,0.0,0.0,,,,,,,,,,,,,,,,,,,0.0,0.3525030711659294,0.0,0.0,0.0,0.0,,,,,,,,,,,,,,,,,,,0.0,0.3525030711659294,0.0,0.0,0.0,0.0,,,,,,,,,,,,,,,,,,,0.0,0.3525030711659294,0.0,0.0,0.0,0.0
Enzo Barrenechea,MID,Aston Villa,5.0,0.00020571560229414037,0.0002314236255750877,0.9259259259259258,0.0,0.26,0.0,0.10787486515641855,0.7584951456310679,-0.6506202804746494,Man City,A,0.00020571560229414037,0.0002314236255750877,0.9259259259259258,,,,,,0.0624512099921936,0.7861060329067642,0.32541567695962,,,,,,1.1508775627090222,1.5226734031663087,,,0.5914865641381772,0.0,0.0,0.0,3.365752074199008,0.0,,,,,,,,,,,,,,0.0624512099921936,0.7861060329067642,0.32541567695962,,,0.0,0.26,0.0,0.0,0.0,0.0,,,,,,,,,,,,,,,,,,,0.0,0.26,0.0,0.0,0.0,0.0,,,,,,,,,,,,,,,,,,,0.0,0.26,0.0,0.0,0.0,0.0,,,,,,,,,,,,,,,,,,,0.0,0.26,0.0,0.0,0.0,0.0,,,,,,,,,,,,,,,,,,,0.0,0.26,0.0,0.0,0.0,0.0
George Hemmings,MID,Aston Villa,4.5,0.00020571560229414037,0.0002314236255750877,0.9259259259259258,0.0,0.26,0.0,0.10787486515641855,0.7584951456310679,-0.6506202804746494,Man City,A,0.00020571560229414037,0.0002314236255750877,0.9259259259259258,,,,,,0.0624512099921936,0.7861060329067642,0.32541567695962,,,,,,1.1508775627090222,1.5226734031663087,,,0.5914865641381772,0.0,0.0,0.0,3.365752074199008,0.0,,,,,,,,,,,,,,0.0624512099921936,0.7861060329067642,0.32541567695962,,,0.0,0.26,0.0,0.0,0.0,0.0,,,,,,,,,,,,,,,,,,,0.0,0.26,0.0,0.0,0.0,0.0,,,,,,,,,,,,,,,,,,,0.0,0.26,0.0,0.0,0.0,0.0,,,,,,,,,,,,,,,,,,,0.0,0.26,0.0,0.0,0.0,0.0,,,,,,,,,,,,,,,,,,,0.0,0.26,0.0,0.0,0.0,0.0
Harvey Elliott,MID,Aston Villa,5.1,0.00020571560229414037,0.0002314236255750877,0.9259259259259258,0.0,0.26,0.0,0.10787486515641855,0.7584951456310679,-0.6506202804746494,Man City,A,0.00020571560229414037,0.0002314236255750877,0.9259259259259258,0.17316017316017315,0.020703933747412008,0.0,0.21994941163532386,0.15238095238095237,0.0624512099921936,0.7861060329067642,0.32541567695962,,,1.5534956582879103,1.574543650269848,0.5942197991764142,1.1508775627090222,1.5226734031663087,,,0.5914865641381772,0.0,0.0,0.0,3.365752074199008,0.0,,,,,,,,,,,,,,0.0624512099921936,0.7861060329067642,0.32541567695962,,,0.0,0.26,0.0,0.0,0.0,0.0,,,,,,,,,,,,,,,,,,,0.0,0.26,0.0,0.0,0.0,0.0,,,,,,,,,,,,,,,,,,,0.0,0.26,0.0,0.0,0.0,0.0,,,,,,,,,,,,,,,,,,,0.0,0.26,0.0,0.0,0.0,0.0,,,,,,,,,,,,,,,,,,,0.0,0.26,0.0,0.0,0.0,0.0
Jadon Sancho,MID,Aston Villa,5.8,0.00020571560229414037,0.0002314236255750877,0.9259259259259258,0.0,0.038442964093509335,1.0,0.10787486515641855,0.7584951456310679,-0.6506202804746494,Man City,A,0.00020571560229414037,0.0002314236255750877,0.9259259259259258,0.14652014652014653,0.01341381623071764,0.0,0.21164021164021163,0.12870012870012867,0.0624512099921936,0.7861060329067642,0.32541567695962,,,1.3144963262436165,1.5150608901485425,0.5018748303854849,1.1508775627090222,1.5226734031663087,,,0.5914865641381772,3.445227458154039,0.05999964027069932,3.5652267386954377,3.365752074199008,1.0,,,,,,,,,,,,,,0.0624512099921936,0.7861060329067642,0.32541567695962,,,0.0,0.038442964093509335,2.1393371381792123,0.029282488164251438,2.1979021145077153,1.0,,,,,,,,,,,,,,,,,,,0.0,0.038442964093509335,2.0768859281870187,0.027813510802815054,2.1325129497926487,1.0,,,,,,,,,,,,,,,,,,,0.0,0.038442964093509335,2.0768859281870187,0.027813510802815054,2.1325129497926487,1.0,,,,,,,,,,,,,,,,,,,0.0,0.038442964093509335,2.0768859281870187,0.027813510802815054,2.1325129497926487,1.0,,,,,,,,,,,,,,,,,,,0.0,0.038442964093509335,2.0768859281870187,0.027813510802815054,2.1325129497926487,11.404479795446411
Jamaldeen Jimoh-Aloba,MID,Aston Villa,4.5,0.00020571560229414037,0.0002314236255750877,0.9259259259259258,0.0,0.26,0.0,0.10787486515641855,0.7584951456310679,-0.6506202804746494,Man City,A,0.00020571560229414037,0.0002314236255750877,0.9259259259259258,,,,,,0.0624512099921936,0.7861060329067642,0.32541567695962,,,,,,1.1508775627090222,1.5226734031663087,,,0.5914865641381772,0.0,0.0,0.0,3.365752074199008,0.0,,,,,,,,,,,,,,0.0624512099921936,0.7861060329067642,0.32541567695962,,,0.0,0.26,0.0,0.0,0.0,0.0,,,,,,,,,,,,,,,,,,,0.0,0.26,0.0,0.0,0.0,0.0,,,,,,,,,,,,,,,,,,,0.0,0.26,0.0,0.0,0.0,0.0,,,,,,,,,,,,,,,,,,,0.0,0.26,0.0,0.0,0.0,0.0,,,,,,,,,,,,,,,,,,,0.0,0.26,0.0,0.0,0.0,0.0
John McGinn,MID,Aston Villa,5.4,0.00020571560229414037,0.0002314236255750877,0.9259259259259258,0.0,0.12312136858249889,0.0,0.10787486515641855,0.7584951456310679,-0.6506202804746494,Man City,A,0.00020571560229414037,0.0002314236255750877,0.9259259259259258,0.14652014652014653,0.0156128024980484,0.0,0.21164021164021163,0.21893814997263275,0.0624512099921936,0.7861060329067642,0.32541567695962,,,1.3144963262436165,1.5150608901485425,0.8537640792764574,1.1508775627090222,1.5226734031663087,,,0.5914865641381772,0.0,0.0,0.0,3.365752074199008,0.0,,,,,,,,,,,,,,0.0624512099921936,0.7861060329067642,0.32541567695962,,,0.0,0.12312136858249889,0.0,0.0,0.0,0.0,,,,,,,,,,,,,,,,,,,0.0,0.12312136858249889,0.0,0.0,0.0,0.0,,,,,,,,,,,,,,,,,,,0.0,0.12312136858249889,0.0,0.0,0.0,0.0,,,,,,,,,,,,,,,,,,,0.0,0.12312136858249889,0.0,0.0,0.0,0.0,,,,,,,,,,,,,,,,,,,0.0,0.12312136858249889,0.0,0.0,0.0,0.0
Kadan Young,MID,Aston Villa,4.3,0.00020571560229414037,0.0002314236255750877,0.9259259259259258,0.0,0.26,0.0,0.10787486515641855,0.7584951456310679,-0.6506202804746494,Man City,A,0.00020571560229414037,0.0002314236255750877,0.9259259259259258,,,,,,0.0624512099921936,0.7861060329067642,0.32541567695962,,,,,,1.1508775627090222,1.5226734031663087,,,0.5914865641381772,0.0,0.0,0.0,3.365752074199008,0.0,,,,,,,,,,,,,,0.0624512099921936,0.7861060329067642,0.32541567695962,,,0.0,0.26,0.0,0.0,0.0,0.0,,,,,,,,,,,,,,,,,,,0.0,0.26,0.0,0.0,0.0,0.0,,,,,,,,,,,,,,,,,,,0.0,0.26,0.0,0.0,0.0,0.0,,,,,,,,,,,,,,,,,,,0.0,0.26,0.0,0.0,0.0,0.0,,,,,,,,,,,,,,,,,,,0.0,0.26,0.0,0.0,0.0,0.0
Leander Dendoncker,MID,Aston Villa,4.5,0.00020571560229414037,0.0002314236255750877,0.9259259259259258,0.0,0.26,0.0,0.10787486515641855,0.7584951456310679,-0.6506202804746494,Man City,A,0.00020571560229414037,0.0002314236255750877,0.9259259259259258,,,,,,0.0624512099921936,0.7861060329067642,0.32541567695962,,,,,,1.1508775627090222,1.5226734031663087,,,0.5914865641381772,0.0,0.0,0.0,3.365752074199008,0.0,,,,,,,,,,,,,,0.0624512099921936,0.7861060329067642,0.32541567695962,,,0.0,0.26,0.0,0.0,0.0,0.0,,,,,,,,,,,,,,,,,,,0.0,0.26,0.0,0.0,0.0,0.0,,,,,,,,,,,,,,,,,,,0.0,0.26,0.0,0.0,0.0,0.0,,,,,,,,,,,,,,,,,,,0.0,0.26,0.0,0.0,0.0,0.0,,,,,,,,,,,,,,,,,,,0.0,0.26,0.0,0.0,0.0,0.0
Leon Bailey,MID,Aston Villa,5.5,0.00020571560229414037,0.0002314236255750877,0.9259259259259258,0.0,0.26,0.0,0.10787486515641855,0.7584951456310679,-0.6506202804746494,Man City,A,0.00020571560229414037,0.0002314236255750877,0.9259259259259258,0.17316017316017315,0.018674136321195144,0.0,0.21164021164021163,0.19240019240019238,0.0624512099921936,0.7861060329067642,0.32541567695962,,,1.5534956582879103,1.5150608901485425,0.7502775242126442,1.1508775627090222,1.5226734031663087,,,0.5914865641381772,0.0,0.0,0.0,3.365752074199008,0.0,,,,,,,,,,,,,,0.0624512099921936,0.7861060329067642,0.32541567695962,,,0.0,0.26,0.0,0.0,0.0,0.0,,,,,,,,,,,,,,,,,,,0.0,0.26,0.0,0.0,0.0,0.0,,,,,,,,,,,,,,,,,,,0.0,0.26,0.0,0.0,0.0,0.0,,,,,,,,,,,,,,,,,,,0.0,0.26,0.0,0.0,0.0,0.0,,,,,,,,,,,,,,,,,,,0.0,0.26,0.0,0.0,0.0,0.0
Lewis Dobbin,MID,Aston Villa,5.0,0.00020571560229414037,0.0002314236255750877,0.9259259259259258,0.0,0.26,0.0,0.10787486515641855,0.7584951456310679,-0.6506202804746494,Man City,A,0.00020571560229414037,0.0002314236255750877,0.9259259259259258,,,,,,0.0624512099921936,0.7861060329067642,0.32541567695962,,,,,,1.1508775627090222,1.5226734031663087,,,0.5914865641381772,0.0,0.0,0.0,3.365752074199008,0.0,,,,,,,,,,,,,,0.0624512099921936,0.7861060329067642,0.32541567695962,,,0.0,0.26,0.0,0.0,0.0,0.0,,,,,,,,,,,,,,,,,,,0.0,0.26,0.0,0.0,0.0,0.0,,,,,,,,,,,,,,,,,,,0.0,0.26,0.0,0.0,0.0,0.0,,,,,,,,,,,,,,,,,,,0.0,0.26,0.0,0.0,0.0,0.0,,,,,,,,,,,,,,,,,,,0.0,0.26,0.0,0.0,0.0,0.0
Morgan Rogers,MID,Aston Villa,7.7,0.00020571560229414037,0.0002314236255750877,0.9259259259259258,0.0,0.08147202637392725,1.0,0.10787486515641855,0.7584951456310679,-0.6506202804746494,Man City,A,0.00020571560229414037,0.0002314236255750877,0.9259259259259258,0.21994941163532386,0.03663003663003663,0.0,0.22675736961451246,0.19047619047619047,0.0624512099921936,0.7861060329067642,0.32541567695962,,,1.9732623835065835,1.6232795251591527,0.7427747489705178,1.1508775627090222,1.5226734031663087,,,0.5914865641381772,3.998088422434197,0.07300403587249718,4.144096494179191,3.365752074199008,1.0,,,,,,,,,,,,,,0.0624512099921936,0.7861060329067642,0.32541567695962,,,0.0,0.08147202637392725,2.225395262740048,0.03130674737017142,2.288008757480391,1.0,,,,,,,,,,,,,,,,,,,0.0,0.08147202637392725,2.1629440527478545,0.029837770008735037,2.2226195927653247,1.0,,,,,,,,,,,,,,,,,,,0.0,0.08147202637392725,2.1629440527478545,0.029837770008735037,2.2226195927653247,1.0,,,,,,,,,,,,,,,,,,,0.0,0.08147202637392725,2.1629440527478545,0.029837770008735037,2.2226195927653247,1.0,,,,,,,,,,,,,,,,,,,0.0,0.08147202637392725,2.1629440527478545,0.029837770008735037,2.2226195927653247,12.31223879778043
Ross Barkley,MID,Aston Villa,4.8,0.00020571560229414037,0.0002314236255750877,0.9259259259259258,0.0,0.26,1.0,0.10787486515641855,0.7584951456310679,-0.6506202804746494,Man City,A,0.00020571560229414037,0.0002314236255750877,0.9259259259259258,0.14652014652014653,0.014214641080312722,0.0,0.17316017316017315,0.1747487986020096,0.0624512099921936,0.7861060329067642,0.32541567695962,,,1.3144963262436165,1.2395952737578986,0.6814447238261631,1.1508775627090222,1.5226734031663087,,,0.5914865641381772,3.730856868873,0.0667182152696307,3.864293299412261,3.365752074199008,1.0,,,,,,,,,,,,,,0.0624512099921936,0.7861060329067642,0.32541567695962,,,0.0,0.26,2.5824512099921937,0.03970541736143639,2.6618620447150665,1.0,,,,,,,,,,,,,,,,,,,0.0,0.26,2.52,0.03823644000000001,2.59647288,1.0,,,,,,,,,,,,,,,,,,,0.0,0.26,2.52,0.03823644000000001,2.59647288,1.0,,,,,,,,,,,,,,,,,,,0.0,0.26,2.52,0.03823644000000001,2.59647288,1.0,,,,,,,,,,,,,,,,,,,0.0,0.26,2.52,0.03823644000000001,2.59647288,13.397000101420069
Samuel Iling-Junior,MID,Aston Villa,5.5,0.00020571560229414037,0.0002314236255750877,0.9259259259259258,0.0,0.26,0.0,0.10787486515641855,0.7584951456310679,-0.6506202804746494,Man City,A,0.00020571560229414037,0.0002314236255750877,0.9259259259259258,,,,,,0.0624512099921936,0.7861060329067642,0.32541567695962,,,,,,1.1508775627090222,1.5226734031663087,,,0.5914865641381772,0.0,0.0,0.0,3.365752074199008,0.0,,,,,,,,,,,,,,0.0624512099921936,0.7861060329067642,0.32541567695962,,,0.0,0.26,0.0,0.0,0.0,0.0,,,,,,,,,,,,,,,,,,,0.0,0.26,0.0,0.0,0.0,0.0,,,,,,,,,,,,,,,,,,,0.0,0.26,0.0,0.0,0.0,0.0,,,,,,,,,,,,,,,,,,,0.0,0.26,0.0,0.0,0.0,0.0,,,,,,,,,,,,,,,,,,,0.0,0.26,0.0,0.0,0.0,0.0
Youri Tielemans,MID,Aston Villa,5.9,0.00020571560229414037,0.0002314236255750877,0.9259259259259258,0.0,0.2830483516423996,0.0,0.10787486515641855,0.7584951456310679,-0.6506202804746494,Man City,A,0.00020571560229414037,0.0002314236255750877,0.9259259259259258,0.10582010582010581,0.007558578987150415,0.0,0.21994941163532386,0.1984126984126984,0.0624512099921936,0.7861060329067642,0.32541567695962,,,0.9493584578426119,1.574543650269848,0.7737236968442893,1.1508775627090222,1.5226734031663087,,,0.5914865641381772,0.0,0.0,0.0,3.365752074199008,0.0,,,,,,,,,,,,,,0.0624512099921936,0.7861060329067642,0.32541567695962,,,0.0,0.2830483516423996,0.0,0.0,0.0,0.0,,,,,,,,,,,,,,,,,,,0.0,0.2830483516423996,0.0,0.0,0.0,0.0,,,,,,,,,,,,,,,,,,,0.0,0.2830483516423996,0.0,0.0,0.0,0.0,,,,,,,,,,,,,,,,,,,0.0,0.2830483516423996,0.0,0.0,0.0,0.0,,,,,,,,,,,,,,,,,,,0.0,0.2830483516423996,0.0,0.0,0.0,0.0
Ollie Watkins,FWD,Aston Villa,8.6,0.00020571560229414037,0.0002314236255750877,0.9259259259259258,0.0,0.0,0.0,0.10787486515641855,0.7584951456310679,-0.6506202804746494,Man City,A,0.00020571560229414037,0.0002314236255750877,0.9259259259259258,0.2801120448179272,0.06349206349206349,0.0,0.11904761904761904,0.13802622498274672,0.0624512099921936,0.7861060329067642,0.32541567695962,,,1.380783690038991,0.8590041139742167,0.7179231403580326,1.1496978245112603,1.5162976383553126,,,0.5954518451168127,0.0,0.0,0.0,2.9460596675107658,0.0,,,,,,,,,,,,,,0.0624512099921936,0.7861060329067642,0.32541567695962,,,0.0,0.0,0.0,0.0,0.0,0.0,,,,,,,,,,,,,,,,,,,0.0,0.0,0.0,0.0,0.0,0.0,,,,,,,,,,,,,,,,,,,0.0,0.0,0.0,0.0,0.0,0.0,,,,,,,,,,,,,,,,,,,0.0,0.0,0.0,0.0,0.0,0.0,,,,,,,,,,,,,,,,,,,0.0,0.0,0.0,0.0,0.0,0.0
Tammy Abraham,FWD,Aston Villa,6.0,0.00020571560229414037,0.0002314236255750877,0.9259259259259258,0.0,0.0,1.0,0.10787486515641855,0.7584951456310679,-0.6506202804746494,Man City,A,0.00020571560229414037,0.0002314236255750877,0.9259259259259258,0.26455026455026454,0.05291005291005291,0.0,0.14652014652014653,0.1511715797430083,0.0624512099921936,0.7861060329067642,0.32541567695962,,,1.3040734850368247,1.0572358325836515,0.7862967727730833,1.1496978245112603,1.5162976383553126,,,0.5954518451168127,3.558230129658701,0.06265768910983197,3.683545507878365,2.9460596675107658,1.0,,,,,,,,,,,,,,0.0624512099921936,0.7861060329067642,0.32541567695962,,,0.0,0.0,2.0,0.026005000000000004,2.05201,1.0,,,,,,,,,,,,,,,,,,,0.0,0.0,2.0,0.026005000000000004,2.05201,1.0,,,,,,,,,,,,,,,,,,,0.0,0.0,2.0,0.026005000000000004,2.05201,1.0,,,,,,,,,,,,,,,,,,,0.0,0.0,2.0,0.026005000000000004,2.05201,1.0,,,,,,,,,,,,,,,,,,,0.0,0.0,2.0,0.026005000000000004,2.05201,11.173382007878363
Zépiqueno Redmond,FWD,Aston Villa,4.5,0.00020571560229414037,0.0002314236255750877,0.9259259259259258,0.0,0.0,0.0,0.10787486515641855,0.7584951456310679,-0.6506202804746494,Man City,A,0.00020571560229414037,0.0002314236255750877,0.9259259259259258,,,,,,0.0624512099921936,0.7861060329067642,0.32541567695962,,,,,,1.1496978245112603,1.5162976383553126,,,0.5954518451168127,0.0,0.0,0.0,2.9460596675107658,0.0,,,,,,,,,,,,,,0.0624512099921936,0.7861060329067642,0.32541567695962,,,0.0,0.0,0.0,0.0,0.0,0.0,,,,,,,,,,,,,,,,,,,0.0,0.0,0.0,0.0,0.0,0.0,,,,,,,,,,,,,,,,,,,0.0,0.0,0.0,0.0,0.0,0.0,,,,,,,,,,,,,,,,,,,0.0,0.0,0.0,0.0,0.0,0.0,,,,,,,,,,,,,,,,,,,0.0,0.0,0.0,0.0,0.0,0.0
Alex Paulsen,GK,Bournemouth,4.0,0.0002314236255750877,0.0002314236255750877,0.8298392732354996,0.0,0.0,0.0,0.4854368932038835,0.2855511136493432,0.1998857795545403,Nott'm Forest,A,0.0002314236255750877,0.0002314236255750877,0.0002314236255750877,,,,,,0.2752546105147261,0.3881748071979434,0.054565099945975144,0.5204267499349465,0.09523809523809523,,,,1.2181721284089029,1.5702091729638503,1.0551460078609984,1.0669712895275294,0.8332754686748837,0.0,0.0,0.0,3.1374896729740143,0.0,,,,,,,,,,,,,,0.2752546105147261,0.3881748071979434,0.054565099945975144,,,0.0,0.0,0.0,0.0,0.0,0.0,,,,,,,,,,,,,,,,,,,0.0,0.0,0.0,0.0,0.0,0.0,,,,,,,,,,,,,,,,,,,0.0,0.0,0.0,0.0,0.0,0.0,,,,,,,,,,,,,,,,,,,0.0,0.0,0.0,0.0,0.0,0.0,,,,,,,,,,,,,,,,,,,0.0,0.0,0.0,0.0,0.0,0.0
Callan McKenna,GK,Bournemouth,3.9,0.0002314236255750877,0.0002314236255750877,0.8298392732354996,0.0,0.0,0.0,0.4854368932038835,0.2855511136493432,0.1998857795545403,Nott'm Forest,A,0.0002314236255750877,0.0002314236255750877,0.0002314236255750877,,,,,,0.2752546105147261,0.3881748071979434,0.054565099945975144,0.5204267499349465,0.09523809523809523,,,,1.2181721284089029,1.5702091729638503,1.0551460078609984,1.0669712895275294,0.8332754686748837,0.0,0.0,0.0,3.1374896729740143,0.0,,,,,,,,,,,,,,0.2752546105147261,0.3881748071979434,0.054565099945975144,,,0.0,0.0,0.0,0.0,0.0,0.0,,,,,,,,,,,,,,,,,,,0.0,0.0,0.0,0.0,0.0,0.0,,,,,,,,,,,,,,,,,,,0.0,0.0,0.0,0.0,0.0,0.0,,,,,,,,,,,,,,,,,,,0.0,0.0,0.0,0.0,0.0,0.0,,,,,,,,,,,,,,,,,,,0.0,0.0,0.0,0.0,0.0,0.0
Christos Mandas,GK,Bournemouth,4.0,0.0002314236255750877,0.0002314236255750877,0.8298392732354996,0.0,0.0,0.0,0.4854368932038835,0.2855511136493432,0.1998857795545403,Nott'm Forest,A,0.0002314236255750877,0.0002314236255750877,0.0002314236255750877,,,,,,0.2752546105147261,0.3881748071979434,0.054565099945975144,0.5204267499349465,0.09523809523809523,,,,1.2181721284089029,1.5702091729638503,1.0551460078609984,1.0669712895275294,0.8332754686748837,0.0,0.0,0.0,3.1374896729740143,0.0,,,,,,,,,,,,,,0.2752546105147261,0.3881748071979434,0.054565099945975144,,,0.0,0.0,0.0,0.0,0.0,0.0,,,,,,,,,,,,,,,,,,,0.0,0.0,0.0,0.0,0.0,0.0,,,,,,,,,,,,,,,,,,,0.0,0.0,0.0,0.0,0.0,0.0,,,,,,,,,,,,,,,,,,,0.0,0.0,0.0,0.0,0.0,0.0,,,,,,,,,,,,,,,,,,,0.0,0.0,0.0,0.0,0.0,0.0
Djordje Petrovic,GK,Bournemouth,4.5,0.0002314236255750877,0.0002314236255750877,0.8298392732354996,0.0,0.0,1.0,0.4854368932038835,0.2855511136493432,0.1998857795545403,Nott'm Forest,A,0.0002314236255750877,0.0002314236255750877,0.0002314236255750877,,,,,,0.2752546105147261,0.3881748071979434,0.054565099945975144,0.5204267499349465,0.09523809523809523,,,,1.2181721284089029,1.5702091729638503,1.0551460078609984,1.0669712895275294,0.8332754686748837,2.831203472944109,0.04555656809059133,2.922316609125292,3.1374896729740143,1.0,,,,,,,,,,,,,,0.2752546105147261,0.3881748071979434,0.054565099945975144,,,0.0,0.0,2.2155386277710676,0.031074899602431056,2.2776884269759297,1.0,,,,,,,,,,,,,,,,,,,0.0,0.0,2.0,0.026005000000000004,2.05201,1.0,,,,,,,,,,,,,,,,,,,0.0,0.0,2.0,0.026005000000000004,2.05201,1.0,,,,,,,,,,,,,,,,,,,0.0,0.0,2.0,0.026005000000000004,2.05201,1.0,,,,,,,,,,,,,,,,,,,0.0,0.0,2.0,0.026005000000000004,2.05201,10.603979772054831
Fraser Forster,GK,Bournemouth,4.0,0.0002314236255750877,0.0002314236255750877,0.8298392732354996,0.0,0.0,0.0,0.4854368932038835,0.2855511136493432,0.1998857795545403,Nott'm Forest,A,0.0002314236255750877,0.0002314236255750877,0.0002314236255750877,,,,,,0.2752546105147261,0.3881748071979434,0.054565099945975144,0.5204267499349465,0.09523809523809523,,,,1.2181721284089029,1.5702091729638503,1.0551460078609984,1.0669712895275294,0.8332754686748837,0.0,0.0,0.0,3.1374896729740143,0.0,,,,,,,,,,,,,,0.2752546105147261,0.3881748071979434,0.054565099945975144,,,0.0,0.0,0.0,0.0,0.0,0.0,,,,,,,,,,,,,,,,,,,0.0,0.0,0.0,0.0,0.0,0.0,,,,,,,,,,,,,,,,,,,0.0,0.0,0.0,0.0,0.0,0.0,,,,,,,,,,,,,,,,,,,0.0,0.0,0.0,0.0,0.0,0.0,,,,,,,,,,,,,,,,,,,0.0,0.0,0.0,0.0,0.0,0.0
Norberto Murara Neto,GK,Bournemouth,4.5,0.0002314236255750877,0.0002314236255750877,0.8298392732354996,0.0,0.0,0.0,0.4854368932038835,0.2855511136493432,0.1998857795545403,Nott'm Forest,A,0.0002314236255750877,0.0002314236255750877,0.0002314236255750877,,,,,,0.2752546105147261,0.3881748071979434,0.054565099945975144,0.5204267499349465,0.09523809523809523,,,,1.2181721284089029,1.5702091729638503,1.0551460078609984,1.0669712895275294,0.8332754686748837,0.0,0.0,0.0,3.1374896729740143,0.0,,,,,,,,,,,,,,0.2752546105147261,0.3881748071979434,0.054565099945975144,,,0.0,0.0,0.0,0.0,0.0,0.0,,,,,,,,,,,,,,,,,,,0.0,0.0,0.0,0.0,0.0,0.0,,,,,,,,,,,,,,,,,,,0.0,0.0,0.0,0.0,0.0,0.0,,,,,,,,,,,,,,,,,,,0.0,0.0,0.0,0.0,0.0,0.0,,,,,,,,,,,,,,,,,,,0.0,0.0,0.0,0.0,0.0,0.0
Will Dennis,GK,Bournemouth,4.0,0.0002314236255750877,0.0002314236255750877,0.8298392732354996,0.0,0.0,0.0,0.4854368932038835,0.2855511136493432,0.1998857795545403,Nott'm Forest,A,0.0002314236255750877,0.0002314236255750877,0.0002314236255750877,,,,,,0.2752546105147261,0.3881748071979434,0.054565099945975144,0.5204267499349465,0.09523809523809523,,,,1.2181721284089029,1.5702091729638503,1.0551460078609984,1.0669712895275294,0.8332754686748837,0.0,0.0,0.0,3.1374896729740143,0.0,,,,,,,,,,,,,,0.2752546105147261,0.3881748071979434,0.054565099945975144,,,0.0,0.0,0.0,0.0,0.0,0.0,,,,,,,,,,,,,,,,,,,0.0,0.0,0.0,0.0,0.0,0.0,,,,,,,,,,,,,,,,,,,0.0,0.0,0.0,0.0,0.0,0.0,,,,,,,,,,,,,,,,,,,0.0,0.0,0.0,0.0,0.0,0.0,,,,,,,,,,,,,,,,,,,0.0,0.0,0.0,0.0,0.0,0.0
Adam Smith,DEF,Bournemouth,4.4,0.0002314236255750877,0.0002314236255750877,0.8298392732354996,0.12461434961598328,0.0,1.0,0.4854368932038835,0.2855511136493432,0.1998857795545403,Nott'm Forest,A,0.0002314236255750877,0.0002314236255750877,0.0002314236255750877,0.05012531328320802,0.004738213693437574,0.0,0.21164021164021163,0.2532928064842958,0.2752546105147261,0.3881748071979434,0.054565099945975144,,,0.5346940369750796,1.3770613976956683,1.0946299481219455,1.2216168677095416,1.585004604160909,,,0.8320739352650541,3.1755763172992464,0.05365690613551287,3.282890129570272,4.075560076743289,1.0,,,,,,,,,,,,,,0.2752546105147261,0.3881748071979434,0.054565099945975144,,,0.12461434961598328,0.0,2.464767327003034,0.036937257065765366,2.538641841134565,1.0,,,,,,,,,,,,,,,,,,,0.12461434961598328,0.0,2.2492286992319666,0.03186735746333433,2.3129634141586353,1.0,,,,,,,,,,,,,,,,,,,0.12461434961598328,0.0,2.2492286992319666,0.03186735746333433,2.3129634141586353,1.0,,,,,,,,,,,,,,,,,,,0.12461434961598328,0.0,2.2492286992319666,0.03186735746333433,2.3129634141586353,1.0,,,,,,,,,,,,,,,,,,,0.12461434961598328,0.0,2.2492286992319666,0.03186735746333433,2.3129634141586353,11.917033254178833
Adrien Truffert,DEF,Bournemouth,4.5,0.0002314236255750877,0.0002314236255750877,0.8298392732354996,0.352198729045861,0.0,1.0,0.4854368932038835,0.2855511136493432,0.1998857795545403,Nott'm Forest,A,0.0002314236255750877,0.0002314236255750877,0.0002314236255750877,0.07326007326007326,0.004738213693437574,0.0,0.19047619047619047,0.19047619047619047,0.2752546105147261,0.3881748071979434,0.054565099945975144,,,0.7814759001943472,1.2393552579261014,0.823161720987703,1.2216168677095416,1.585004604160909,,,0.8320739352650541,3.7688781885362355,0.06761255275074933,3.9041032940377343,4.075560076743289,1.0,,,,,,,,,,,,,,0.2752546105147261,0.3881748071979434,0.054565099945975144,,,0.352198729045861,0.0,2.9199360858627896,0.047643736611664544,3.0152235590861185,1.0,,,,,,,,,,,,,,,,,,,0.352198729045861,0.0,2.704397458091722,0.04257383700923349,2.789545132110189,1.0,,,,,,,,,,,,,,,,,,,0.352198729045861,0.0,2.704397458091722,0.04257383700923349,2.789545132110189,1.0,,,,,,,,,,,,,,,,,,,0.352198729045861,0.0,2.704397458091722,0.04257383700923349,2.789545132110189,1.0,,,,,,,,,,,,,,,,,,,0.352198729045861,0.0,2.704397458091722,0.04257383700923349,2.789545132110189,14.277769689169464
Alex Jimenez,DEF,Bournemouth,4.5,0.0002314236255750877,0.0002314236255750877,0.8298392732354996,0.14921347625812542,0.0,0.0,0.4854368932038835,0.2855511136493432,0.1998857795545403,Nott'm Forest,A,0.0002314236255750877,0.0002314236255750877,0.0002314236255750877,,,,,,0.2752546105147261,0.3881748071979434,0.054565099945975144,,,,,,1.2216168677095416,1.585004604160909,,,0.8320739352650541,0.0,0.0,0.0,4.075560076743289,0.0,,,,,,,,,,,,,,0.2752546105147261,0.3881748071979434,0.054565099945975144,,,0.14921347625812542,0.0,0.0,0.0,0.0,0.0,,,,,,,,,,,,,,,,,,,0.14921347625812542,0.0,0.0,0.0,0.0,0.0,,,,,,,,,,,,,,,,,,,0.14921347625812542,0.0,0.0,0.0,0.0,0.0,,,,,,,,,,,,,,,,,,,0.14921347625812542,0.0,0.0,0.0,0.0,0.0,,,,,,,,,,,,,,,,,,,0.14921347625812542,0.0,0.0,0.0,0.0,0.0
Bafode Diakite,DEF,Bournemouth,4.2,0.0002314236255750877,0.0002314236255750877,0.8298392732354996,0.3418225467038458,0.0,0.0,0.4854368932038835,0.2855511136493432,0.1998857795545403,Nott'm Forest,A,0.0002314236255750877,0.0002314236255750877,0.0002314236255750877,0.07326007326007326,0.004738213693437574,0.0,0.12698412698412698,0.18315018315018314,0.2752546105147261,0.3881748071979434,0.054565099945975144,,,0.7814759001943472,0.8262368386174009,0.7915016547958683,1.2216168677095416,1.585004604160909,,,0.8320739352650541,0.0,0.0,0.0,4.075560076743289,0.0,,,,,,,,,,,,,,0.2752546105147261,0.3881748071979434,0.054565099945975144,,,0.3418225467038458,0.0,0.0,0.0,0.0,0.0,,,,,,,,,,,,,,,,,,,0.3418225467038458,0.0,0.0,0.0,0.0,0.0,,,,,,,,,,,,,,,,,,,0.3418225467038458,0.0,0.0,0.0,0.0,0.0,,,,,,,,,,,,,,,,,,,0.3418225467038458,0.0,0.0,0.0,0.0,0.0,,,,,,,,,,,,,,,,,,,0.3418225467038458,0.0,0.0,0.0,0.0,0.0
Chris Mepham,DEF,Bournemouth,4.0,0.0002314236255750877,0.0002314236255750877,0.8298392732354996,0.44,0.0,0.0,0.4854368932038835,0.2855511136493432,0.1998857795545403,Nott'm Forest,A,0.0002314236255750877,0.0002314236255750877,0.0002314236255750877,,,,,,0.2752546105147261,0.3881748071979434,0.054565099945975144,,,,,,1.2216168677095416,1.585004604160909,,,0.8320739352650541,0.0,0.0,0.0,4.075560076743289,0.0,,,,,,,,,,,,,,0.2752546105147261,0.3881748071979434,0.054565099945975144,,,0.44,0.0,0.0,0.0,0.0,0.0,,,,,,,,,,,,,,,,,,,0.44,0.0,0.0,0.0,0.0,0.0,,,,,,,,,,,,,,,,,,,0.44,0.0,0.0,0.0,0.0,0.0,,,,,,,,,,,,,,,,,,,0.44,0.0,0.0,0.0,0.0,0.0,,,,,,,,,,,,,,,,,,,0.44,0.0,0.0,0.0,0.0,0.0
Illia Zabarnyi,DEF,Bournemouth,5.0,0.0002314236255750877,0.0002314236255750877,0.8298392732354996,0.44,0.0,0.0,0.4854368932038835,0.2855511136493432,0.1998857795545403,Nott'm Forest,A,0.0002314236255750877,0.0002314236255750877,0.0002314236255750877,,,,,,0.2752546105147261,0.3881748071979434,0.054565099945975144,,,,,,1.2216168677095416,1.585004604160909,,,0.8320739352650541,0.0,0.0,0.0,4.075560076743289,0.0,,,,,,,,,,,,,,0.2752546105147261,0.3881748071979434,0.054565099945975144,,,0.44,0.0,0.0,0.0,0.0,0.0,,,,,,,,,,,,,,,,,,,0.44,0.0,0.0,0.0,0.0,0.0,,,,,,,,,,,,,,,,,,,0.44,0.0,0.0,0.0,0.0,0.0,,,,,,,,,,,,,,,,,,,0.44,0.0,0.0,0.0,0.0,0.0,,,,,,,,,,,,,,,,,,,0.44,0.0,0.0,0.0,0.0,0.0
James Hill,DEF,Bournemouth,4.0,0.0002314236255750877,0.0002314236255750877,0.8298392732354996,0.647801270954139,0.0,1.0,0.4854368932038835,0.2855511136493432,0.1998857795545403,Nott'm Forest,A,0.0002314236255750877,0.0002314236255750877,0.0002314236255750877,0.07936507936507936,0.004738213693437574,0.0,0.23809523809523808,0.16563146997929606,0.2752546105147261,0.3881748071979434,0.054565099945975144,,,0.8465988918772094,1.5491940724076267,0.7157928008588722,1.2216168677095416,1.585004604160909,,,0.8320739352650541,4.564415172336865,0.08632517368370775,4.737065519704281,4.075560076743289,1.0,,,,,,,,,,,,,,0.2752546105147261,0.3881748071979434,0.054565099945975144,,,0.647801270954139,0.0,3.5111411696793455,0.06155006259319756,3.6342412948657405,1.0,,,,,,,,,,,,,,,,,,,0.647801270954139,0.0,3.295602541908278,0.05648016299076651,3.408562867889811,1.0,,,,,,,,,,,,,,,,,,,0.647801270954139,0.0,3.295602541908278,0.05648016299076651,3.408562867889811,1.0,,,,,,,,,,,,,,,,,,,0.647801270954139,0.0,3.295602541908278,0.05648016299076651,3.408562867889811,1.0,,,,,,,,,,,,,,,,,,,0.647801270954139,0.0,3.295602541908278,0.05648016299076651,3.408562867889811,17.37014665043163
Julian Araujo,DEF,Bournemouth,3.8,0.0002314236255750877,0.0002314236255750877,0.8298392732354996,0.44,0.0,0.0,0.4854368932038835,0.2855511136493432,0.1998857795545403,Nott'm Forest,A,0.0002314236255750877,0.0002314236255750877,0.0002314236255750877,,,,,,0.2752546105147261,0.3881748071979434,0.054565099945975144,,,,,,1.2216168677095416,1.585004604160909,,,0.8320739352650541,0.0,0.0,0.0,4.075560076743289,0.0,,,,,,,,,,,,,,0.2752546105147261,0.3881748071979434,0.054565099945975144,,,0.44,0.0,0.0,0.0,0.0,0.0,,,,,,,,,,,,,,,,,,,0.44,0.0,0.0,0.0,0.0,0.0,,,,,,,,,,,,,,,,,,,0.44,0.0,0.0,0.0,0.0,0.0,,,,,,,,,,,,,,,,,,,0.44,0.0,0.0,0.0,0.0,0.0,,,,,,,,,,,,,,,,,,,0.44,0.0,0.0,0.0,0.0,0.0
Julio Soler Barreto,DEF,Bournemouth,4.0,0.0002314236255750877,0.0002314236255750877,0.8298392732354996,0.44,0.0,0.0,0.4854368932038835,0.2855511136493432,0.1998857795545403,Nott'm Forest,A,0.0002314236255750877,0.0002314236255750877,0.0002314236255750877,,,,,,0.2752546105147261,0.3881748071979434,0.054565099945975144,,,,,,1.2216168677095416,1.585004604160909,,,0.8320739352650541,0.0,0.0,0.0,4.075560076743289,0.0,,,,,,,,,,,,,,0.2752546105147261,0.3881748071979434,0.054565099945975144,,,0.44,0.0,0.0,0.0,0.0,0.0,,,,,,,,,,,,,,,,,,,0.44,0.0,0.0,0.0,0.0,0.0,,,,,,,,,,,,,,,,,,,0.44,0.0,0.0,0.0,0.0,0.0,,,,,,,,,,,,,,,,,,,0.44,0.0,0.0,0.0,0.0,0.0,,,,,,,,,,,,,,,,,,,0.44,0.0,0.0,0.0,0.0,0.0
Marcos Senesi,DEF,Bournemouth,4.8,0.0002314236255750877,0.0002314236255750877,0.8298392732354996,0.7153513315222927,0.0,1.0,0.4854368932038835,0.2855511136493432,0.1998857795545403,Nott'm Forest,A,0.0002314236255750877,0.0002314236255750877,0.0002314236255750877,0.07326007326007326,0.004738213693437574,0.0,0.19047619047619047,0.20481310803891445,0.2752546105147261,0.3881748071979434,0.054565099945975144,,,0.7814759001943472,1.2393552579261014,0.8851201300943042,1.2216168677095416,1.585004604160909,,,0.8320739352650541,4.480846475926375,0.08435947080674021,4.649565417539856,4.075560076743289,1.0,,,,,,,,,,,,,,0.2752546105147261,0.3881748071979434,0.054565099945975144,,,0.7153513315222927,0.0,3.646241290815653,0.06472788764256579,3.775697066100785,1.0,,,,,,,,,,,,,,,,,,,0.7153513315222927,0.0,3.4307026630445856,0.05965798804013474,3.550018639124855,1.0,,,,,,,,,,,,,,,,,,,0.7153513315222927,0.0,3.4307026630445856,0.05965798804013474,3.550018639124855,1.0,,,,,,,,,,,,,,,,,,,0.7153513315222927,0.0,3.4307026630445856,0.05965798804013474,3.550018639124855,1.0,,,,,,,,,,,,,,,,,,,0.7153513315222927,0.0,3.4307026630445856,0.05965798804013474,3.550018639124855,17.798960113275115
Matai Akinmboni,DEF,Bournemouth,3.8,0.0002314236255750877,0.0002314236255750877,0.8298392732354996,0.44,0.0,0.0,0.4854368932038835,0.2855511136493432,0.1998857795545403,Nott'm Forest,A,0.0002314236255750877,0.0002314236255750877,0.0002314236255750877,,,,,,0.2752546105147261,0.3881748071979434,0.054565099945975144,,,,,,1.2216168677095416,1.585004604160909,,,0.8320739352650541,0.0,0.0,0.0,4.075560076743289,0.0,,,,,,,,,,,,,,0.2752546105147261,0.3881748071979434,0.054565099945975144,,,0.44,0.0,0.0,0.0,0.0,0.0,,,,,,,,,,,,,,,,,,,0.44,0.0,0.0,0.0,0.0,0.0,,,,,,,,,,,,,,,,,,,0.44,0.0,0.0,0.0,0.0,0.0,,,,,,,,,,,,,,,,,,,0.44,0.0,0.0,0.0,0.0,0.0,,,,,,,,,,,,,,,,,,,0.44,0.0,0.0,0.0,0.0,0.0
Owen Bevan,DEF,Bournemouth,3.8,0.0002314236255750877,0.0002314236255750877,0.8298392732354996,0.44,0.0,0.0,0.4854368932038835,0.2855511136493432,0.1998857795545403,Nott'm Forest,A,0.0002314236255750877,0.0002314236255750877,0.0002314236255750877,,,,,,0.2752546105147261,0.3881748071979434,0.054565099945975144,,,,,,1.2216168677095416,1.585004604160909,,,0.8320739352650541,0.0,0.0,0.0,4.075560076743289,0.0,,,,,,,,,,,,,,0.2752546105147261,0.3881748071979434,0.054565099945975144,,,0.44,0.0,0.0,0.0,0.0,0.0,,,,,,,,,,,,,,,,,,,0.44,0.0,0.0,0.0,0.0,0.0,,,,,,,,,,,,,,,,,,,0.44,0.0,0.0,0.0,0.0,0.0,,,,,,,,,,,,,,,,,,,0.44,0.0,0.0,0.0,0.0,0.0,,,,,,,,,,,,,,,,,,,0.44,0.0,0.0,0.0,0.0,0.0
Veljko Milosavljevic,DEF,Bournemouth,4.4,0.0002314236255750877,0.0002314236255750877,0.8298392732354996,0.4589638279013235,0.0,0.0,0.4854368932038835,0.2855511136493432,0.1998857795545403,Nott'm Forest,A,0.0002314236255750877,0.0002314236255750877,0.0002314236255750877,0.08658008658008658,0.004738213693437574,0.0,0.11904761904761904,0.2140181915462814,0.2752546105147261,0.3881748071979434,0.054565099945975144,,,0.9235624275024102,0.7745970362038134,0.9249008100985426,1.2216168677095416,1.585004604160909,,,0.8320739352650541,0.0,0.0,0.0,4.075560076743289,0.0,,,,,,,,,,,,,,0.2752546105147261,0.3881748071979434,0.054565099945975144,,,0.4589638279013235,0.0,0.0,0.0,0.0,0.0,,,,,,,,,,,,,,,,,,,0.4589638279013235,0.0,0.0,0.0,0.0,0.0,,,,,,,,,,,,,,,,,,,0.4589638279013235,0.0,0.0,0.0,0.0,0.0,,,,,,,,,,,,,,,,,,,0.4589638279013235,0.0,0.0,0.0,0.0,0.0,,,,,,,,,,,,,,,,,,,0.4589638279013235,0.0,0.0,0.0,0.0,0.0
Alex Scott,MID,Bournemouth,5.0,0.0002314236255750877,0.0002314236255750877,0.8298392732354996,0.0,0.4876537579764352,1.0,0.4854368932038835,0.2855511136493432,0.1998857795545403,Nott'm Forest,A,0.0002314236255750877,0.0002314236255750877,0.0002314236255750877,0.15873015873015872,0.0156128024980484,0.0,0.21994941163532386,0.278473962684489,0.2752546105147261,0.3881748071979434,0.054565099945975144,,,0.7718103953644524,0.9231830485326689,1.2349436003700678,1.2147219910675284,1.5622736165125155,,,0.8350852572979588,4.503651204830114,0.08489588364001395,4.673442972110142,4.5920964639505994,1.0,,,,,,,,,,,,,,0.2752546105147261,0.3881748071979434,0.054565099945975144,,,0.0,0.4876537579764352,3.250562126467597,0.05542072233877081,3.3614035711451384,1.0,,,,,,,,,,,,,,,,,,,0.0,0.4876537579764352,2.9753075159528706,0.048946183390243425,3.0731998827333573,1.0,,,,,,,,,,,,,,,,,,,0.0,0.4876537579764352,2.9753075159528706,0.048946183390243425,3.0731998827333573,1.0,,,,,,,,,,,,,,,,,,,0.0,0.4876537579764352,2.9753075159528706,0.048946183390243425,3.0731998827333573,1.0,,,,,,,,,,,,,,,,,,,0.0,0.4876537579764352,2.9753075159528706,0.048946183390243425,3.0731998827333573,16.135595679236914
Alex Tóth,MID,Bournemouth,5.0,0.0002314236255750877,0.0002314236255750877,0.8298392732354996,0.0,0.26,0.0,0.4854368932038835,0.2855511136493432,0.1998857795545403,Nott'm Forest,A,0.0002314236255750877,0.0002314236255750877,0.0002314236255750877,,,,,,0.2752546105147261,0.3881748071979434,0.054565099945975144,,,,,,1.2147219910675284,1.5622736165125155,,,0.8350852572979588,0.0,0.0,0.0,4.5920964639505994,0.0,,,,,,,,,,,,,,0.2752546105147261,0.3881748071979434,0.054565099945975144,,,0.0,0.26,0.0,0.0,0.0,0.0,,,,,,,,,,,,,,,,,,,0.0,0.26,0.0,0.0,0.0,0.0,,,,,,,,,,,,,,,,,,,0.0,0.26,0.0,0.0,0.0,0.0,,,,,,,,,,,,,,,,,,,0.0,0.26,0.0,0.0,0.0,0.0,,,,,,,,,,,,,,,,,,,0.0,0.26,0.0,0.0,0.0,0.0
Amine Adli,MID,Bournemouth,5.4,0.0002314236255750877,0.0002314236255750877,0.8298392732354996,0.0,0.3587116006662633,0.0,0.4854368932038835,0.2855511136493432,0.1998857795545403,Nott'm Forest,A,0.0002314236255750877,0.0002314236255750877,0.0002314236255750877,0.23809523809523808,0.041407867494824016,0.0,0.3072196620583717,0.2392916965781287,0.2752546105147261,0.3881748071979434,0.054565099945975144,,,1.1577155930466785,1.28947825811176,1.0611826917752842,1.2147219910675284,1.5622736165125155,,,0.8350852572979588,0.0,0.0,0.0,4.5920964639505994,0.0,,,,,,,,,,,,,,0.2752546105147261,0.3881748071979434,0.054565099945975144,,,0.0,0.3587116006662633,0.0,0.0,0.0,0.0,,,,,,,,,,,,,,,,,,,0.0,0.3587116006662633,0.0,0.0,0.0,0.0,,,,,,,,,,,,,,,,,,,0.0,0.3587116006662633,0.0,0.0,0.0,0.0,,,,,,,,,,,,,,,,,,,0.0,0.3587116006662633,0.0,0.0,0.0,0.0,,,,,,,,,,,,,,,,,,,0.0,0.3587116006662633,0.0,0.0,0.0,0.0
Ben Gannon-Doak,MID,Bournemouth,4.8,0.0002314236255750877,0.0002314236255750877,0.8298392732354996,0.0,0.26,0.0,0.4854368932038835,0.2855511136493432,0.1998857795545403,Nott'm Forest,A,0.0002314236255750877,0.0002314236255750877,0.0002314236255750877,0.19047619047619047,0.028011204481792715,0.0,0.25396825396825395,0.22675736961451246,0.2752546105147261,0.3881748071979434,0.054565099945975144,,,0.9261724744373429,1.0659686933723884,1.0055969317299123,1.2147219910675284,1.5622736165125155,,,0.8350852572979588,0.0,0.0,0.0,4.5920964639505994,0.0,,,,,,,,,,,,,,0.2752546105147261,0.3881748071979434,0.054565099945975144,,,0.0,0.26,0.0,0.0,0.0,0.0,,,,,,,,,,,,,,,,,,,0.0,0.26,0.0,0.0,0.0,0.0,,,,,,,,,,,,,,,,,,,0.0,0.26,0.0,0.0,0.0,0.0,,,,,,,,,,,,,,,,,,,0.0,0.26,0.0,0.0,0.0,0.0,,,,,,,,,,,,,,,,,,,0.0,0.26,0.0,0.0,0.0,0.0
Ben Winterburn,MID,Bournemouth,4.5,0.0002314236255750877,0.0002314236255750877,0.8298392732354996,0.0,0.26,0.0,0.4854368932038835,0.2855511136493432,0.1998857795545403,Nott'm Forest,A,0.0002314236255750877,0.0002314236255750877,0.0002314236255750877,,,,,,0.2752546105147261,0.3881748071979434,0.054565099945975144,,,,,,1.2147219910675284,1.5622736165125155,,,0.8350852572979588,0.0,0.0,0.0,4.5920964639505994,0.0,,,,,,,,,,,,,,0.2752546105147261,0.3881748071979434,0.054565099945975144,,,0.0,0.26,0.0,0.0,0.0,0.0,,,,,,,,,,,,,,,,,,,0.0,0.26,0.0,0.0,0.0,0.0,,,,,,,,,,,,,,,,,,,0.0,0.26,0.0,0.0,0.0,0.0,,,,,,,,,,,,,,,,,,,0.0,0.26,0.0,0.0,0.0,0.0,,,,,,,,,,,,,,,,,,,0.0,0.26,0.0,0.0,0.0,0.0
Charlie Stevens,MID,Bournemouth,4.5,0.0002314236255750877,0.0002314236255750877,0.8298392732354996,0.0,0.26,0.0,0.4854368932038835,0.2855511136493432,0.1998857795545403,Nott'm Forest,A,0.0002314236255750877,0.0002314236255750877,0.0002314236255750877,,,,,,0.2752546105147261,0.3881748071979434,0.054565099945975144,,,,,,1.2147219910675284,1.5622736165125155,,,0.8350852572979588,0.0,0.0,0.0,4.5920964639505994,0.0,,,,,,,,,,,,,,0.2752546105147261,0.3881748071979434,0.054565099945975144,,,0.0,0.26,0.0,0.0,0.0,0.0,,,,,,,,,,,,,,,,,,,0.0,0.26,0.0,0.0,0.0,0.0,,,,,,,,,,,,,,,,,,,0.0,0.26,0.0,0.0,0.0,0.0,,,,,,,,,,,,,,,,,,,0.0,0.26,0.0,0.0,0.0,0.0,,,,,,,,,,,,,,,,,,,0.0,0.26,0.0,0.0,0.0,0.0
David Brooks,MID,Bournemouth,5.0,0.0002314236255750877,0.0002314236255750877,0.8298392732354996,0.0,0.1192844371110352,0.0,0.4854368932038835,0.2855511136493432,0.1998857795545403,Nott'm Forest,A,0.0002314236255750877,0.0002314236255750877,0.0002314236255750877,0.27210884353741494,0.06349206349206349,0.0,0.25396825396825395,0.1628001628001628,0.2752546105147261,0.3881748071979434,0.054565099945975144,,,1.3231035349104896,1.0659686933723884,0.721967027908655,1.2147219910675284,1.5622736165125155,,,0.8350852572979588,0.0,0.0,0.0,4.5920964639505994,0.0,,,,,,,,,,,,,,0.2752546105147261,0.3881748071979434,0.054565099945975144,,,0.0,0.1192844371110352,0.0,0.0,0.0,0.0,,,,,,,,,,,,,,,,,,,0.0,0.1192844371110352,0.0,0.0,0.0,0.0,,,,,,,,,,,,,,,,,,,0.0,0.1192844371110352,0.0,0.0,0.0,0.0,,,,,,,,,,,,,,,,,,,0.0,0.1192844371110352,0.0,0.0,0.0,0.0,,,,,,,,,,,,,,,,,,,0.0,0.1192844371110352,0.0,0.0,0.0,0.0
Dominic Sadi,MID,Bournemouth,4.5,0.0002314236255750877,0.0002314236255750877,0.8298392732354996,0.0,0.26,0.0,0.4854368932038835,0.2855511136493432,0.1998857795545403,Nott'm Forest,A,0.0002314236255750877,0.0002314236255750877,0.0002314236255750877,,,,,,0.2752546105147261,0.3881748071979434,0.054565099945975144,,,,,,1.2147219910675284,1.5622736165125155,,,0.8350852572979588,0.0,0.0,0.0,4.5920964639505994,0.0,,,,,,,,,,,,,,0.2752546105147261,0.3881748071979434,0.054565099945975144,,,0.0,0.26,0.0,0.0,0.0,0.0,,,,,,,,,,,,,,,,,,,0.0,0.26,0.0,0.0,0.0,0.0,,,,,,,,,,,,,,,,,,,0.0,0.26,0.0,0.0,0.0,0.0,,,,,,,,,,,,,,,,,,,0.0,0.26,0.0,0.0,0.0,0.0,,,,,,,,,,,,,,,,,,,0.0,0.26,0.0,0.0,0.0,0.0
Hamed Traorè,MID,Bournemouth,4.5,0.0002314236255750877,0.0002314236255750877,0.8298392732354996,0.0,0.26,0.0,0.4854368932038835,0.2855511136493432,0.1998857795545403,Nott'm Forest,A,0.0002314236255750877,0.0002314236255750877,0.0002314236255750877,,,,,,0.2752546105147261,0.3881748071979434,0.054565099945975144,,,,,,1.2147219910675284,1.5622736165125155,,,0.8350852572979588,0.0,0.0,0.0,4.5920964639505994,0.0,,,,,,,,,,,,,,0.2752546105147261,0.3881748071979434,0.054565099945975144,,,0.0,0.26,0.0,0.0,0.0,0.0,,,,,,,,,,,,,,,,,,,0.0,0.26,0.0,0.0,0.0,0.0,,,,,,,,,,,,,,,,,,,0.0,0.26,0.0,0.0,0.0,0.0,,,,,,,,,,,,,,,,,,,0.0,0.26,0.0,0.0,0.0,0.0,,,,,,,,,,,,,,,,,,,0.0,0.26,0.0,0.0,0.0,0.0
Justin Kluivert,MID,Bournemouth,7.0,0.0002314236255750877,0.0002314236255750877,0.8298392732354996,0.0,0.08040075910093947,0.0,0.4854368932038835,0.2855511136493432,0.1998857795545403,Nott'm Forest,A,0.0002314236255750877,0.0002314236255750877,0.0002314236255750877,0.3072196620583717,0.06802721088435373,0.01,0.33068783068783064,0.17006802721088435,0.2752546105147261,0.3881748071979434,0.054565099945975144,,,1.4938265716731336,1.387980069495297,0.7541976987974343,1.2147219910675284,1.5622736165125155,,,0.8350852572979588,0.0,0.0,0.0,4.5920964639505994,0.0,,,,,,,,,,,,,,0.2752546105147261,0.3881748071979434,0.054565099945975144,,,0.0,0.08040075910093947,0.0,0.0,0.0,0.0,,,,,,,,,,,,,,,,,,,0.0,0.08040075910093947,0.0,0.0,0.0,0.0,,,,,,,,,,,,,,,,,,,0.0,0.08040075910093947,0.0,0.0,0.0,0.0,,,,,,,,,,,,,,,,,,,0.0,0.08040075910093947,0.0,0.0,0.0,0.0,,,,,,,,,,,,,,,,,,,0.0,0.08040075910093947,0.0,0.0,0.0,0.0
Lewis Cook,MID,Bournemouth,4.9,0.0002314236255750877,0.0002314236255750877,0.8298392732354996,0.0,0.7467462687204561,0.0,0.4854368932038835,0.2855511136493432,0.1998857795545403,Nott'm Forest,A,0.0002314236255750877,0.0002314236255750877,0.0002314236255750877,0.07936507936507936,0.004738213693437574,0.0,0.23809523809523808,0.1885902876001886,0.2752546105147261,0.3881748071979434,0.054565099945975144,,,0.3859051976822262,0.999345650036614,0.8363380422308182,1.2147219910675284,1.5622736165125155,,,0.8350852572979588,0.0,0.0,0.0,4.5920964639505994,0.0,,,,,,,,,,,,,,0.2752546105147261,0.3881748071979434,0.054565099945975144,,,0.0,0.7467462687204561,0.0,0.0,0.0,0.0,,,,,,,,,,,,,,,,,,,0.0,0.7467462687204561,0.0,0.0,0.0,0.0,,,,,,,,,,,,,,,,,,,0.0,0.7467462687204561,0.0,0.0,0.0,0.0,,,,,,,,,,,,,,,,,,,0.0,0.7467462687204561,0.0,0.0,0.0,0.0,,,,,,,,,,,,,,,,,,,0.0,0.7467462687204561,0.0,0.0,0.0,0.0
Luis Sinisterra Lucumí,MID,Bournemouth,5.0,0.0002314236255750877,0.0002314236255750877,0.8298392732354996,0.0,0.26,0.0,0.4854368932038835,0.2855511136493432,0.1998857795545403,Nott'm Forest,A,0.0002314236255750877,0.0002314236255750877,0.0002314236255750877,,,,,,0.2752546105147261,0.3881748071979434,0.054565099945975144,,,,,,1.2147219910675284,1.5622736165125155,,,0.8350852572979588,0.0,0.0,0.0,4.5920964639505994,0.0,,,,,,,,,,,,,,0.2752546105147261,0.3881748071979434,0.054565099945975144,,,0.0,0.26,0.0,0.0,0.0,0.0,,,,,,,,,,,,,,,,,,,0.0,0.26,0.0,0.0,0.0,0.0,,,,,,,,,,,,,,,,,,,0.0,0.26,0.0,0.0,0.0,0.0,,,,,,,,,,,,,,,,,,,0.0,0.26,0.0,0.0,0.0,0.0,,,,,,,,,,,,,,,,,,,0.0,0.26,0.0,0.0,0.0,0.0
Malcom DaCosta,MID,Bournemouth,4.5,0.0002314236255750877,0.0002314236255750877,0.8298392732354996,0.0,0.26,0.0,0.4854368932038835,0.2855511136493432,0.1998857795545403,Nott'm Forest,A,0.0002314236255750877,0.0002314236255750877,0.0002314236255750877,,,,,,0.2752546105147261,0.3881748071979434,0.054565099945975144,,,,,,1.2147219910675284,1.5622736165125155,,,0.8350852572979588,0.0,0.0,0.0,4.5920964639505994,0.0,,,,,,,,,,,,,,0.2752546105147261,0.3881748071979434,0.054565099945975144,,,0.0,0.26,0.0,0.0,0.0,0.0,,,,,,,,,,,,,,,,,,,0.0,0.26,0.0,0.0,0.0,0.0,,,,,,,,,,,,,,,,,,,0.0,0.26,0.0,0.0,0.0,0.0,,,,,,,,,,,,,,,,,,,0.0,0.26,0.0,0.0,0.0,0.0,,,,,,,,,,,,,,,,,,,0.0,0.26,0.0,0.0,0.0,0.0
Marcus Tavernier,MID,Bournemouth,5.3,0.0002314236255750877,0.0002314236255750877,0.8298392732354996,0.0,0.194369964186209,1.0,0.4854368932038835,0.2855511136493432,0.1998857795545403,Nott'm Forest,A,0.0002314236255750877,0.0002314236255750877,0.0002314236255750877,0.26455026455026454,0.05602240896358543,0.0,0.2976190476190476,0.1670843776106934,0.2752546105147261,0.3881748071979434,0.054565099945975144,,,1.2863506589407538,1.2491820625457677,0.7409661602220406,1.2147219910675284,1.5622736165125155,,,0.8350852572979588,4.992630671702844,0.0963976586597943,5.185425989022432,4.5920964639505994,1.0,,,,,,,,,,,,,,0.2752546105147261,0.3881748071979434,0.054565099945975144,,,0.0,0.194369964186209,2.6639945388871444,0.04162347954370341,2.747241497974551,1.0,,,,,,,,,,,,,,,,,,,0.0,0.194369964186209,2.388739928372418,0.03514894059517602,2.45903780956277,1.0,,,,,,,,,,,,,,,,,,,0.0,0.194369964186209,2.388739928372418,0.03514894059517602,2.45903780956277,1.0,,,,,,,,,,,,,,,,,,,0.0,0.194369964186209,2.388739928372418,0.03514894059517602,2.45903780956277,1.0,,,,,,,,,,,,,,,,,,,0.0,0.194369964186209,2.388739928372418,0.03514894059517602,2.45903780956277,14.405887129076554
Philip Billing,MID,Bournemouth,4.9,0.0002314236255750877,0.0002314236255750877,0.8298392732354996,0.0,0.26,0.0,0.4854368932038835,0.2855511136493432,0.1998857795545403,Nott'm Forest,A,0.0002314236255750877,0.0002314236255750877,0.0002314236255750877,,,,,,0.2752546105147261,0.3881748071979434,0.054565099945975144,,,,,,1.2147219910675284,1.5622736165125155,,,0.8350852572979588,0.0,0.0,0.0,4.5920964639505994,0.0,,,,,,,,,,,,,,0.2752546105147261,0.3881748071979434,0.054565099945975144,,,0.0,0.26,0.0,0.0,0.0,0.0,,,,,,,,,,,,,,,,,,,0.0,0.26,0.0,0.0,0.0,0.0,,,,,,,,,,,,,,,,,,,0.0,0.26,0.0,0.0,0.0,0.0,,,,,,,,,,,,,,,,,,,0.0,0.26,0.0,0.0,0.0,0.0,,,,,,,,,,,,,,,,,,,0.0,0.26,0.0,0.0,0.0,0.0
Rayan,MID,Bournemouth,5.5,0.0002314236255750877,0.0002314236255750877,0.8298392732354996,0.0,0.26,1.0,0.4854368932038835,0.2855511136493432,0.1998857795545403,Nott'm Forest,A,0.0002314236255750877,0.0002314236255750877,0.0002314236255750877,0.3401360544217687,0.08658008658008658,0.01,0.23809523809523808,0.1747487986020096,0.2752546105147261,0.3881748071979434,0.054565099945975144,,,1.6538794186381123,0.999345650036614,0.7749554336267214,1.2147219910675284,1.5622736165125155,,,0.8350852572979588,5.518372231207708,0.10876415162246772,5.735900534452644,4.5920964639505994,1.0,,,,,,,,,,,,,,0.2752546105147261,0.3881748071979434,0.054565099945975144,,,0.0,0.26,2.7952546105147262,0.044710978948527394,2.884676568411781,1.0,,,,,,,,,,,,,,,,,,,0.0,0.26,2.52,0.03823644000000001,2.59647288,1.0,,,,,,,,,,,,,,,,,,,0.0,0.26,2.52,0.03823644000000001,2.59647288,1.0,,,,,,,,,,,,,,,,,,,0.0,0.26,2.52,0.03823644000000001,2.59647288,1.0,,,,,,,,,,,,,,,,,,,0.0,0.26,2.52,0.03823644000000001,2.59647288,15.457999681602658
Remy Rees-Dottin,MID,Bournemouth,4.3,0.0002314236255750877,0.0002314236255750877,0.8298392732354996,0.0,0.26,0.0,0.4854368932038835,0.2855511136493432,0.1998857795545403,Nott'm Forest,A,0.0002314236255750877,0.0002314236255750877,0.0002314236255750877,0.26455026455026454,0.05291005291005291,0.0,0.2886002886002886,0.18492834026814609,0.2752546105147261,0.3881748071979434,0.054565099945975144,,,1.2863506589407538,1.2113280606504413,0.8200984685952682,1.2147219910675284,1.5622736165125155,,,0.8350852572979588,0.0,0.0,0.0,4.5920964639505994,0.0,,,,,,,,,,,,,,0.2752546105147261,0.3881748071979434,0.054565099945975144,,,0.0,0.26,0.0,0.0,0.0,0.0,,,,,,,,,,,,,,,,,,,0.0,0.26,0.0,0.0,0.0,0.0,,,,,,,,,,,,,,,,,,,0.0,0.26,0.0,0.0,0.0,0.0,,,,,,,,,,,,,,,,,,,0.0,0.26,0.0,0.0,0.0,0.0,,,,,,,,,,,,,,,,,,,0.0,0.26,0.0,0.0,0.0,0.0
Romain Faivre,MID,Bournemouth,4.5,0.0002314236255750877,0.0002314236255750877,0.8298392732354996,0.0,0.26,0.0,0.4854368932038835,0.2855511136493432,0.1998857795545403,Nott'm Forest,A,0.0002314236255750877,0.0002314236255750877,0.0002314236255750877,,,,,,0.2752546105147261,0.3881748071979434,0.054565099945975144,,,,,,1.2147219910675284,1.5622736165125155,,,0.8350852572979588,0.0,0.0,0.0,4.5920964639505994,0.0,,,,,,,,,,,,,,0.2752546105147261,0.3881748071979434,0.054565099945975144,,,0.0,0.26,0.0,0.0,0.0,0.0,,,,,,,,,,,,,,,,,,,0.0,0.26,0.0,0.0,0.0,0.0,,,,,,,,,,,,,,,,,,,0.0,0.26,0.0,0.0,0.0,0.0,,,,,,,,,,,,,,,,,,,0.0,0.26,0.0,0.0,0.0,0.0,,,,,,,,,,,,,,,,,,,0.0,0.26,0.0,0.0,0.0,0.0
Ryan Christie,MID,Bournemouth,4.9,0.0002314236255750877,0.0002314236255750877,0.8298392732354996,0.0,0.3093762878681472,0.0,0.4854368932038835,0.2855511136493432,0.1998857795545403,Nott'm Forest,A,0.0002314236255750877,0.0002314236255750877,0.0002314236255750877,,,,,,0.2752546105147261,0.3881748071979434,0.054565099945975144,,,,,,1.2147219910675284,1.5622736165125155,,,0.8350852572979588,0.0,0.0,0.0,4.5920964639505994,0.0,,,,,,,,,,,,,,0.2752546105147261,0.3881748071979434,0.054565099945975144,,,0.0,0.3093762878681472,0.0,0.0,0.0,0.0,,,,,,,,,,,,,,,,,,,0.0,0.3093762878681472,0.0,0.0,0.0,0.0,,,,,,,,,,,,,,,,,,,0.0,0.3093762878681472,0.0,0.0,0.0,0.0,,,,,,,,,,,,,,,,,,,0.0,0.3093762878681472,0.0,0.0,0.0,0.0,,,,,,,,,,,,,,,,,,,0.0,0.3093762878681472,0.0,0.0,0.0,0.0
Tyler Adams,MID,Bournemouth,4.9,0.0002314236255750877,0.0002314236255750877,0.8298392732354996,0.0,0.4049805595156327,1.0,0.4854368932038835,0.2855511136493432,0.1998857795545403,Nott'm Forest,A,0.0002314236255750877,0.0002314236255750877,0.0002314236255750877,0.14652014652014653,0.0156128024980484,0.0,0.21164021164021163,0.2519526329050139,0.2752546105147261,0.3881748071979434,0.054565099945975144,,,0.7124403649518023,0.8883072444769903,1.1173299241443473,1.2147219910675284,1.5622736165125155,,,0.8350852572979588,4.278848476652588,0.07960807386782216,4.438064624388232,4.5920964639505994,1.0,,,,,,,,,,,,,,0.2752546105147261,0.3881748071979434,0.054565099945975144,,,0.0,0.4049805595156327,3.0852157295459914,0.05153144439038081,3.188278618326753,1.0,,,,,,,,,,,,,,,,,,,0.0,0.4049805595156327,2.809961119031265,0.04505690544185342,2.900074929914972,1.0,,,,,,,,,,,,,,,,,,,0.0,0.4049805595156327,2.809961119031265,0.04505690544185342,2.900074929914972,1.0,,,,,,,,,,,,,,,,,,,0.0,0.4049805595156327,2.809961119031265,0.04505690544185342,2.900074929914972,1.0,,,,,,,,,,,,,,,,,,,0.0,0.4049805595156327,2.809961119031265,0.04505690544185342,2.900074929914972,15.268311253727894
Zain Silcott-Duberry,MID,Bournemouth,4.4,0.0002314236255750877,0.0002314236255750877,0.8298392732354996,0.0,0.26,0.0,0.4854368932038835,0.2855511136493432,0.1998857795545403,Nott'm Forest,A,0.0002314236255750877,0.0002314236255750877,0.0002314236255750877,,,,,,0.2752546105147261,0.3881748071979434,0.054565099945975144,,,,,,1.2147219910675284,1.5622736165125155,,,0.8350852572979588,0.0,0.0,0.0,4.5920964639505994,0.0,,,,,,,,,,,,,,0.2752546105147261,0.3881748071979434,0.054565099945975144,,,0.0,0.26,0.0,0.0,0.0,0.0,,,,,,,,,,,,,,,,,,,0.0,0.26,0.0,0.0,0.0,0.0,,,,,,,,,,,,,,,,,,,0.0,0.26,0.0,0.0,0.0,0.0,,,,,,,,,,,,,,,,,,,0.0,0.26,0.0,0.0,0.0,0.0,,,,,,,,,,,,,,,,,,,0.0,0.26,0.0,0.0,0.0,0.0
Daniel Adu-Adjei,FWD,Bournemouth,4.4,0.0002314236255750877,0.0002314236255750877,0.8298392732354996,0.0,0.0,0.0,0.4854368932038835,0.2855511136493432,0.1998857795545403,Nott'm Forest,A,0.0002314236255750877,0.0002314236255750877,0.0002314236255750877,,,,,,0.2752546105147261,0.3881748071979434,0.054565099945975144,,,,,,1.2217224201294787,1.6013630480236851,,,0.8323248553805546,0.0,0.0,0.0,4.5856819619517415,0.0,,,,,,,,,,,,,,0.2752546105147261,0.3881748071979434,0.054565099945975144,,,0.0,0.0,0.0,0.0,0.0,0.0,,,,,,,,,,,,,,,,,,,0.0,0.0,0.0,0.0,0.0,0.0,,,,,,,,,,,,,,,,,,,0.0,0.0,0.0,0.0,0.0,0.0,,,,,,,,,,,,,,,,,,,0.0,0.0,0.0,0.0,0.0,0.0,,,,,,,,,,,,,,,,,,,0.0,0.0,0.0,0.0,0.0,0.0
Enes Ünal,FWD,Bournemouth,5.4,0.0002314236255750877,0.0002314236255750877,0.8298392732354996,0.0,0.0,0.0,0.4854368932038835,0.2855511136493432,0.1998857795545403,Nott'm Forest,A,0.0002314236255750877,0.0002314236255750877,0.0002314236255750877,,,,,,0.2752546105147261,0.3881748071979434,0.054565099945975144,,,,,,1.2217224201294787,1.6013630480236851,,,0.8323248553805546,0.0,0.0,0.0,4.5856819619517415,0.0,,,,,,,,,,,,,,0.2752546105147261,0.3881748071979434,0.054565099945975144,,,0.0,0.0,0.0,0.0,0.0,0.0,,,,,,,,,,,,,,,,,,,0.0,0.0,0.0,0.0,0.0,0.0,,,,,,,,,,,,,,,,,,,0.0,0.0,0.0,0.0,0.0,0.0,,,,,,,,,,,,,,,,,,,0.0,0.0,0.0,0.0,0.0,0.0,,,,,,,,,,,,,,,,,,,0.0,0.0,0.0,0.0,0.0,0.0
Evanilson,FWD,Bournemouth,6.9,0.0002314236255750877,0.0002314236255750877,0.8298392732354996,0.0,0.0,1.0,0.4854368932038835,0.2855511136493432,0.1998857795545403,Nott'm Forest,A,0.0002314236255750877,0.0002314236255750877,0.0002314236255750877,0.38095238095238093,0.11204481792717086,0.01,0.26455026455026454,0.1421464108031272,0.2752546105147261,0.3881748071979434,0.054565099945975144,,,0.9703595437754218,1.2269610635631232,0.7786760727051143,1.2217224201294787,1.6013630480236851,,,0.8323248553805546,4.663493178365873,0.08865568654152207,4.840804551448917,4.5856819619517415,1.0,,,,,,,,,,,,,,0.2752546105147261,0.3881748071979434,0.054565099945975144,,,0.0,0.0,2.0,0.026005000000000004,2.05201,1.0,,,,,,,,,,,,,,,,,,,0.0,0.0,2.0,0.026005000000000004,2.05201,1.0,,,,,,,,,,,,,,,,,,,0.0,0.0,2.0,0.026005000000000004,2.05201,1.0,,,,,,,,,,,,,,,,,,,0.0,0.0,2.0,0.026005000000000004,2.05201,1.0,,,,,,,,,,,,,,,,,,,0.0,0.0,2.0,0.026005000000000004,2.05201,12.330641051448914
Junior Kroupi,FWD,Bournemouth,4.7,0.0002314236255750877,0.0002314236255750877,0.8298392732354996,0.0,0.0,1.0,0.4854368932038835,0.2855511136493432,0.1998857795545403,Nott'm Forest,A,0.0002314236255750877,0.0002314236255750877,0.0002314236255750877,0.42328042328042326,0.13605442176870747,0.01,0.23809523809523808,0.1943634596695821,0.2752546105147261,0.3881748071979434,0.054565099945975144,,,1.0781772708615798,1.1042649572068108,1.0647203443110747,1.2217224201294787,1.6013630480236851,,,0.8323248553805546,4.797261634812655,0.09180218817406327,4.980866011160781,4.5856819619517415,1.0,,,,,,,,,,,,,,0.2752546105147261,0.3881748071979434,0.054565099945975144,,,0.0,0.0,2.0,0.026005000000000004,2.05201,1.0,,,,,,,,,,,,,,,,,,,0.0,0.0,2.0,0.026005000000000004,2.05201,1.0,,,,,,,,,,,,,,,,,,,0.0,0.0,2.0,0.026005000000000004,2.05201,1.0,,,,,,,,,,,,,,,,,,,0.0,0.0,2.0,0.026005000000000004,2.05201,1.0,,,,,,,,,,,,,,,,,,,0.0,0.0,2.0,0.026005000000000004,2.05201,12.47070251116078
Caoimhin Kelleher,GK,Brentford,4.6,0.0002314236255750877,0.0002314236255750877,0.0002314236255750877,0.0,0.0,1.0,0.2588996763754045,0.5305321237200912,-0.27163244734468667,Liverpool,A,0.00020571560229414037,0.0002314236255750877,0.9259259259259258,,,,,,0.1400560224089636,0.6,0.14634146341463414,0.6066120715802243,0.14652014652014653,,,,1.1952264895768152,1.4188812295191346,0.9638201441998073,0.8865435245581238,0.719358150648212,1.8206733809069569,0.021786879265693445,1.8642471394383437,2.3580425905227447,1.0,,,,,,,,,,,,,,0.1400560224089636,0.6,0.14634146341463414,,,0.0,0.0,1.0675411628065858,0.004071703231536515,1.0756845692696588,1.0,,,,,,,,,,,,,,,,,,,0.0,0.0,2.0,0.026005000000000004,2.05201,1.0,,,,,,,,,,,,,,,,,,,0.0,0.0,2.0,0.026005000000000004,2.05201,1.0,,,,,,,,,,,,,,,,,,,0.0,0.0,2.0,0.026005000000000004,2.05201,1.0,,,,,,,,,,,,,,,,,,,0.0,0.0,2.0,0.026005000000000004,2.05201,8.524207023317555
Ellery Balcombe,GK,Brentford,3.9,0.0002314236255750877,0.0002314236255750877,0.0002314236255750877,0.0,0.0,0.0,0.2588996763754045,0.5305321237200912,-0.27163244734468667,Liverpool,A,0.00020571560229414037,0.0002314236255750877,0.9259259259259258,,,,,,0.1400560224089636,0.6,0.14634146341463414,0.6066120715802243,0.14652014652014653,,,,1.1952264895768152,1.4188812295191346,0.9638201441998073,0.8865435245581238,0.719358150648212,0.0,0.0,0.0,2.3580425905227447,0.0,,,,,,,,,,,,,,0.1400560224089636,0.6,0.14634146341463414,,,0.0,0.0,0.0,0.0,0.0,0.0,,,,,,,,,,,,,,,,,,,0.0,0.0,0.0,0.0,0.0,0.0,,,,,,,,,,,,,,,,,,,0.0,0.0,0.0,0.0,0.0,0.0,,,,,,,,,,,,,,,,,,,0.0,0.0,0.0,0.0,0.0,0.0,,,,,,,,,,,,,,,,,,,0.0,0.0,0.0,0.0,0.0,0.0
Hákon Rafn Valdimarsson,GK,Brentford,3.9,0.0002314236255750877,0.0002314236255750877,0.0002314236255750877,0.0,0.0,0.0,0.2588996763754045,0.5305321237200912,-0.27163244734468667,Liverpool,A,0.00020571560229414037,0.0002314236255750877,0.9259259259259258,,,,,,0.1400560224089636,0.6,0.14634146341463414,0.6066120715802243,0.14652014652014653,,,,1.1952264895768152,1.4188812295191346,0.9638201441998073,0.8865435245581238,0.719358150648212,0.0,0.0,0.0,2.3580425905227447,0.0,,,,,,,,,,,,,,0.1400560224089636,0.6,0.14634146341463414,,,0.0,0.0,0.0,0.0,0.0,0.0,,,,,,,,,,,,,,,,,,,0.0,0.0,0.0,0.0,0.0,0.0,,,,,,,,,,,,,,,,,,,0.0,0.0,0.0,0.0,0.0,0.0,,,,,,,,,,,,,,,,,,,0.0,0.0,0.0,0.0,0.0,0.0,,,,,,,,,,,,,,,,,,,0.0,0.0,0.0,0.0,0.0,0.0
Julian Eyestone,GK,Brentford,3.9,0.0002314236255750877,0.0002314236255750877,0.0002314236255750877,0.0,0.0,0.0,0.2588996763754045,0.5305321237200912,-0.27163244734468667,Liverpool,A,0.00020571560229414037,0.0002314236255750877,0.9259259259259258,,,,,,0.1400560224089636,0.6,0.14634146341463414,0.6066120715802243,0.14652014652014653,,,,1.1952264895768152,1.4188812295191346,0.9638201441998073,0.8865435245581238,0.719358150648212,0.0,0.0,0.0,2.3580425905227447,0.0,,,,,,,,,,,,,,0.1400560224089636,0.6,0.14634146341463414,,,0.0,0.0,0.0,0.0,0.0,0.0,,,,,,,,,,,,,,,,,,,0.0,0.0,0.0,0.0,0.0,0.0,,,,,,,,,,,,,,,,,,,0.0,0.0,0.0,0.0,0.0,0.0,,,,,,,,,,,,,,,,,,,0.0,0.0,0.0,0.0,0.0,0.0,,,,,,,,,,,,,,,,,,,0.0,0.0,0.0,0.0,0.0,0.0
Matthew Cox,GK,Brentford,3.9,0.0002314236255750877,0.0002314236255750877,0.0002314236255750877,0.0,0.0,0.0,0.2588996763754045,0.5305321237200912,-0.27163244734468667,Liverpool,A,0.00020571560229414037,0.0002314236255750877,0.9259259259259258,,,,,,0.1400560224089636,0.6,0.14634146341463414,0.6066120715802243,0.14652014652014653,,,,1.1952264895768152,1.4188812295191346,0.9638201441998073,0.8865435245581238,0.719358150648212,0.0,0.0,0.0,2.3580425905227447,0.0,,,,,,,,,,,,,,0.1400560224089636,0.6,0.14634146341463414,,,0.0,0.0,0.0,0.0,0.0,0.0,,,,,,,,,,,,,,,,,,,0.0,0.0,0.0,0.0,0.0,0.0,,,,,,,,,,,,,,,,,,,0.0,0.0,0.0,0.0,0.0,0.0,,,,,,,,,,,,,,,,,,,0.0,0.0,0.0,0.0,0.0,0.0,,,,,,,,,,,,,,,,,,,0.0,0.0,0.0,0.0,0.0,0.0
Aaron Hickey,DEF,Brentford,4.0,0.0002314236255750877,0.0002314236255750877,0.0002314236255750877,0.18176346441498015,0.0,0.0,0.2588996763754045,0.5305321237200912,-0.27163244734468667,Liverpool,A,0.00020571560229414037,0.0002314236255750877,0.9259259259259258,0.07326007326007326,0.004738213693437574,0.0,0.14652014652014653,0.2939447383891828,0.1400560224089636,0.6,0.14634146341463414,,,1.0182225527216353,1.2408032960832296,1.1702358168968274,1.19683139718188,1.422235942062394,,,0.7175740379202449,0.0,0.0,0.0,2.860196751114819,0.0,,,,,,,,,,,,,,0.1400560224089636,0.6,0.14634146341463414,,,0.18176346441498015,0.0,0.0,0.0,0.0,0.0,,,,,,,,,,,,,,,,,,,0.18176346441498015,0.0,0.0,0.0,0.0,0.0,,,,,,,,,,,,,,,,,,,0.18176346441498015,0.0,0.0,0.0,0.0,0.0,,,,,,,,,,,,,,,,,,,0.18176346441498015,0.0,0.0,0.0,0.0,0.0,,,,,,,,,,,,,,,,,,,0.18176346441498015,0.0,0.0,0.0,0.0,0.0
Benjamin Arthur,DEF,Brentford,3.8,0.0002314236255750877,0.0002314236255750877,0.0002314236255750877,0.44,0.0,0.0,0.2588996763754045,0.5305321237200912,-0.27163244734468667,Liverpool,A,0.00020571560229414037,0.0002314236255750877,0.9259259259259258,,,,,,0.1400560224089636,0.6,0.14634146341463414,,,,,,1.19683139718188,1.422235942062394,,,0.7175740379202449,0.0,0.0,0.0,2.860196751114819,0.0,,,,,,,,,,,,,,0.1400560224089636,0.6,0.14634146341463414,,,0.44,0.0,0.0,0.0,0.0,0.0,,,,,,,,,,,,,,,,,,,0.44,0.0,0.0,0.0,0.0,0.0,,,,,,,,,,,,,,,,,,,0.44,0.0,0.0,0.0,0.0,0.0,,,,,,,,,,,,,,,,,,,0.44,0.0,0.0,0.0,0.0,0.0,,,,,,,,,,,,,,,,,,,0.44,0.0,0.0,0.0,0.0,0.0
Benjamin Fredrick,DEF,Brentford,4.0,0.0002314236255750877,0.0002314236255750877,0.0002314236255750877,0.44,0.0,0.0,0.2588996763754045,0.5305321237200912,-0.27163244734468667,Liverpool,A,0.00020571560229414037,0.0002314236255750877,0.9259259259259258,,,,,,0.1400560224089636,0.6,0.14634146341463414,,,,,,1.19683139718188,1.422235942062394,,,0.7175740379202449,0.0,0.0,0.0,2.860196751114819,0.0,,,,,,,,,,,,,,0.1400560224089636,0.6,0.14634146341463414,,,0.44,0.0,0.0,0.0,0.0,0.0,,,,,,,,,,,,,,,,,,,0.44,0.0,0.0,0.0,0.0,0.0,,,,,,,,,,,,,,,,,,,0.44,0.0,0.0,0.0,0.0,0.0,,,,,,,,,,,,,,,,,,,0.44,0.0,0.0,0.0,0.0,0.0,,,,,,,,,,,,,,,,,,,0.44,0.0,0.0,0.0,0.0,0.0
Ethan Pinnock,DEF,Brentford,4.2,0.0002314236255750877,0.0002314236255750877,0.0002314236255750877,0.44,0.0,0.0,0.2588996763754045,0.5305321237200912,-0.27163244734468667,Liverpool,A,0.00020571560229414037,0.0002314236255750877,0.9259259259259258,0.06802721088435373,0.004738213693437574,0.0,0.08658008658008658,0.19047619047619047,0.1400560224089636,0.6,0.14634146341463414,,,0.9454923703843756,0.7332019476855447,0.7583128093491442,1.19683139718188,1.422235942062394,,,0.7175740379202449,0.0,0.0,0.0,2.860196751114819,0.0,,,,,,,,,,,,,,0.1400560224089636,0.6,0.14634146341463414,,,0.44,0.0,0.0,0.0,0.0,0.0,,,,,,,,,,,,,,,,,,,0.44,0.0,0.0,0.0,0.0,0.0,,,,,,,,,,,,,,,,,,,0.44,0.0,0.0,0.0,0.0,0.0,,,,,,,,,,,,,,,,,,,0.44,0.0,0.0,0.0,0.0,0.0,,,,,,,,,,,,,,,,,,,0.44,0.0,0.0,0.0,0.0,0.0
Jayden Meghoma,DEF,Brentford,4.0,0.0002314236255750877,0.0002314236255750877,0.0002314236255750877,0.44,0.0,0.0,0.2588996763754045,0.5305321237200912,-0.27163244734468667,Liverpool,A,0.00020571560229414037,0.0002314236255750877,0.9259259259259258,,,,,,0.1400560224089636,0.6,0.14634146341463414,,,,,,1.19683139718188,1.422235942062394,,,0.7175740379202449,0.0,0.0,0.0,2.860196751114819,0.0,,,,,,,,,,,,,,0.1400560224089636,0.6,0.14634146341463414,,,0.44,0.0,0.0,0.0,0.0,0.0,,,,,,,,,,,,,,,,,,,0.44,0.0,0.0,0.0,0.0,0.0,,,,,,,,,,,,,,,,,,,0.44,0.0,0.0,0.0,0.0,0.0,,,,,,,,,,,,,,,,,,,0.44,0.0,0.0,0.0,0.0,0.0,,,,,,,,,,,,,,,,,,,0.44,0.0,0.0,0.0,0.0,0.0
Keane Lewis-Potter,DEF,Brentford,4.8,0.0002314236255750877,0.0002314236255750877,0.0002314236255750877,0.06109245143610642,0.0,1.0,0.2588996763754045,0.5305321237200912,-0.27163244734468667,Liverpool,A,0.00020571560229414037,0.0002314236255750877,0.9259259259259258,0.15873015873015872,0.017006802721088433,0.0,0.21164021164021163,0.22408963585434172,0.1400560224089636,0.6,0.14634146341463414,,,2.20614886423021,1.7922714276757759,0.8921327168813462,1.19683139718188,1.422235942062394,,,0.7175740379202449,2.6549788334525752,0.041411412120471475,2.737801657693518,2.860196751114819,1.0,,,,,,,,,,,,,,0.1400560224089636,0.6,0.14634146341463414,,,0.06109245143610642,0.0,1.1897260656787987,0.006945736516896707,1.203617538712592,1.0,,,,,,,,,,,,,,,,,,,0.06109245143610642,0.0,2.122184902872213,0.028879033285360196,2.179942969442933,1.0,,,,,,,,,,,,,,,,,,,0.06109245143610642,0.0,2.122184902872213,0.028879033285360196,2.179942969442933,1.0,,,,,,,,,,,,,,,,,,,0.06109245143610642,0.0,2.122184902872213,0.028879033285360196,2.179942969442933,1.0,,,,,,,,,,,,,,,,,,,0.06109245143610642,0.0,2.122184902872213,0.028879033285360196,2.179942969442933,9.864716880039433
Kim Ji-soo,DEF,Brentford,3.9,0.0002314236255750877,0.0002314236255750877,0.0002314236255750877,0.44,0.0,0.0,0.2588996763754045,0.5305321237200912,-0.27163244734468667,Liverpool,A,0.00020571560229414037,0.0002314236255750877,0.9259259259259258,,,,,,0.1400560224089636,0.6,0.14634146341463414,,,,,,1.19683139718188,1.422235942062394,,,0.7175740379202449,0.0,0.0,0.0,2.860196751114819,0.0,,,,,,,,,,,,,,0.1400560224089636,0.6,0.14634146341463414,,,0.44,0.0,0.0,0.0,0.0,0.0,,,,,,,,,,,,,,,,,,,0.44,0.0,0.0,0.0,0.0,0.0,,,,,,,,,,,,,,,,,,,0.44,0.0,0.0,0.0,0.0,0.0,,,,,,,,,,,,,,,,,,,0.44,0.0,0.0,0.0,0.0,0.0,,,,,,,,,,,,,,,,,,,0.44,0.0,0.0,0.0,0.0,0.0
Kristoffer Ajer,DEF,Brentford,4.4,0.0002314236255750877,0.0002314236255750877,0.0002314236255750877,0.5065397444617563,0.0,0.0,0.2588996763754045,0.5305321237200912,-0.27163244734468667,Liverpool,A,0.00020571560229414037,0.0002314236255750877,0.9259259259259258,0.06349206349206349,0.004738213693437574,0.0,0.17316017316017315,0.23809523809523808,0.1400560224089636,0.6,0.14634146341463414,,,0.882459545692084,1.4664038953710894,0.9478910116864303,1.19683139718188,1.422235942062394,,,0.7175740379202449,0.0,0.0,0.0,2.860196751114819,0.0,,,,,,,,,,,,,,0.1400560224089636,0.6,0.14634146341463414,,,0.5065397444617563,0.0,0.0,0.0,0.0,0.0,,,,,,,,,,,,,,,,,,,0.5065397444617563,0.0,0.0,0.0,0.0,0.0,,,,,,,,,,,,,,,,,,,0.5065397444617563,0.0,0.0,0.0,0.0,0.0,,,,,,,,,,,,,,,,,,,0.5065397444617563,0.0,0.0,0.0,0.0,0.0,,,,,,,,,,,,,,,,,,,0.5065397444617563,0.0,0.0,0.0,0.0,0.0
Mads Roerslev Rasmussen,DEF,Brentford,4.5,0.0002314236255750877,0.0002314236255750877,0.0002314236255750877,0.44,0.0,0.0,0.2588996763754045,0.5305321237200912,-0.27163244734468667,Liverpool,A,0.00020571560229414037,0.0002314236255750877,0.9259259259259258,,,,,,0.1400560224089636,0.6,0.14634146341463414,,,,,,1.19683139718188,1.422235942062394,,,0.7175740379202449,0.0,0.0,0.0,2.860196751114819,0.0,,,,,,,,,,,,,,0.1400560224089636,0.6,0.14634146341463414,,,0.44,0.0,0.0,0.0,0.0,0.0,,,,,,,,,,,,,,,,,,,0.44,0.0,0.0,0.0,0.0,0.0,,,,,,,,,,,,,,,,,,,0.44,0.0,0.0,0.0,0.0,0.0,,,,,,,,,,,,,,,,,,,0.44,0.0,0.0,0.0,0.0,0.0,,,,,,,,,,,,,,,,,,,0.44,0.0,0.0,0.0,0.0,0.0
Michael Kayode,DEF,Brentford,4.5,0.0002314236255750877,0.0002314236255750877,0.0002314236255750877,0.20155900710908292,0.0,1.0,0.2588996763754045,0.5305321237200912,-0.27163244734468667,Liverpool,A,0.00020571560229414037,0.0002314236255750877,0.9259259259259258,0.07326007326007326,0.004738213693437574,0.0,0.15873015873015872,0.30138637733574436,0.1400560224089636,0.6,0.14634146341463414,,,1.0182225527216353,1.3442035707568318,1.1998620401094053,1.19683139718188,1.422235942062394,,,0.7175740379202449,2.1134529976005485,0.028673641409560104,2.1708002804196687,2.860196751114819,1.0,,,,,,,,,,,,,,0.1400560224089636,0.6,0.14634146341463414,,,0.20155900710908292,0.0,1.4706591770247517,0.013553845161976216,1.4977668673487041,1.0,,,,,,,,,,,,,,,,,,,0.20155900710908292,0.0,2.403118014218166,0.0354871419304397,2.474092298079045,1.0,,,,,,,,,,,,,,,,,,,0.20155900710908292,0.0,2.403118014218166,0.0354871419304397,2.474092298079045,1.0,,,,,,,,,,,,,,,,,,,0.20155900710908292,0.0,2.403118014218166,0.0354871419304397,2.474092298079045,1.0,,,,,,,,,,,,,,,,,,,0.20155900710908292,0.0,2.403118014218166,0.0354871419304397,2.474092298079045,10.371360552287394
Nathan Collins,DEF,Brentford,5.0,0.0002314236255750877,0.0002314236255750877,0.0002314236255750877,0.5326636070804942,0.0,1.0,0.2588996763754045,0.5305321237200912,-0.27163244734468667,Liverpool,A,0.00020571560229414037,0.0002314236255750877,0.9259259259259258,0.07936507936507936,0.004738213693437574,0.0,0.10025062656641603,0.1885902876001886,0.1400560224089636,0.6,0.14634146341463414,,,1.103074432115105,0.8489706762674728,0.7508047617318261,1.19683139718188,1.422235942062394,,,0.7175740379202449,2.749649727417736,0.043638260888319985,2.836926249194376,2.860196751114819,1.0,,,,,,,,,,,,,,0.1400560224089636,0.6,0.14634146341463414,,,0.5326636070804942,0.0,2.1328683769675743,0.029130329963031287,2.1911290368936367,1.0,,,,,,,,,,,,,,,,,,,0.5326636070804942,0.0,3.0653272141609884,0.05106362673149477,3.167454467623978,1.0,,,,,,,,,,,,,,,,,,,0.5326636070804942,0.0,3.0653272141609884,0.05106362673149477,3.167454467623978,1.0,,,,,,,,,,,,,,,,,,,0.5326636070804942,0.0,3.0653272141609884,0.05106362673149477,3.167454467623978,1.0,,,,,,,,,,,,,,,,,,,0.5326636070804942,0.0,3.0653272141609884,0.05106362673149477,3.167454467623978,13.568258439901108
Rico Henry,DEF,Brentford,4.3,0.0002314236255750877,0.0002314236255750877,0.0002314236255750877,0.1051160644950554,0.0,0.0,0.2588996763754045,0.5305321237200912,-0.27163244734468667,Liverpool,A,0.00020571560229414037,0.0002314236255750877,0.9259259259259258,0.06349206349206349,0.004738213693437574,0.0,0.13605442176870747,0.20050125313283207,0.1400560224089636,0.6,0.14634146341463414,,,0.882459545692084,1.1521744892201415,0.7982240098412045,1.19683139718188,1.422235942062394,,,0.7175740379202449,0.0,0.0,0.0,2.860196751114819,0.0,,,,,,,,,,,,,,0.1400560224089636,0.6,0.14634146341463414,,,0.1051160644950554,0.0,0.0,0.0,0.0,0.0,,,,,,,,,,,,,,,,,,,0.1051160644950554,0.0,0.0,0.0,0.0,0.0,,,,,,,,,,,,,,,,,,,0.1051160644950554,0.0,0.0,0.0,0.0,0.0,,,,,,,,,,,,,,,,,,,0.1051160644950554,0.0,0.0,0.0,0.0,0.0,,,,,,,,,,,,,,,,,,,0.1051160644950554,0.0,0.0,0.0,0.0,0.0
Sepp van den Berg,DEF,Brentford,4.5,0.0002314236255750877,0.0002314236255750877,0.0002314236255750877,0.38844570491610797,0.0,1.0,0.2588996763754045,0.5305321237200912,-0.27163244734468667,Liverpool,A,0.00020571560229414037,0.0002314236255750877,0.9259259259259258,0.08658008658008658,0.004738213693437574,0.0,0.09523809523809523,0.19047619047619047,0.1400560224089636,0.6,0.14634146341463414,,,1.203353925943751,0.8065221424540991,0.7583128093491442,1.19683139718188,1.422235942062394,,,0.7175740379202449,2.4875804695180417,0.037473867804003386,2.5625282051260485,2.860196751114819,1.0,,,,,,,,,,,,,,0.1400560224089636,0.6,0.14634146341463414,,,0.38844570491610797,0.0,1.8444325726388018,0.0223457429736099,1.8891240585860216,1.0,,,,,,,,,,,,,,,,,,,0.38844570491610797,0.0,2.776891409832216,0.044279039742073395,2.865449489316363,1.0,,,,,,,,,,,,,,,,,,,0.38844570491610797,0.0,2.776891409832216,0.044279039742073395,2.865449489316363,1.0,,,,,,,,,,,,,,,,,,,0.38844570491610797,0.0,2.776891409832216,0.044279039742073395,2.865449489316363,1.0,,,,,,,,,,,,,,,,,,,0.38844570491610797,0.0,2.776891409832216,0.044279039742073395,2.865449489316363,12.191542225009982
Antoni Milambo,MID,Brentford,5.2,0.0002314236255750877,0.0002314236255750877,0.0002314236255750877,0.0,0.26,0.0,0.2588996763754045,0.5305321237200912,-0.27163244734468667,Liverpool,A,0.00020571560229414037,0.0002314236255750877,0.9259259259259258,,,,,,0.1400560224089636,0.6,0.14634146341463414,,,,,,1.1944316567795903,1.4213742129664395,,,0.7202447003966976,0.0,0.0,0.0,3.907559399318967,0.0,,,,,,,,,,,,,,0.1400560224089636,0.6,0.14634146341463414,,,0.0,0.26,0.0,0.0,0.0,0.0,,,,,,,,,,,,,,,,,,,0.0,0.26,0.0,0.0,0.0,0.0,,,,,,,,,,,,,,,,,,,0.0,0.26,0.0,0.0,0.0,0.0,,,,,,,,,,,,,,,,,,,0.0,0.26,0.0,0.0,0.0,0.0,,,,,,,,,,,,,,,,,,,0.0,0.26,0.0,0.0,0.0,0.0
Dango Ouattara,MID,Brentford,5.8,0.0002314236255750877,0.0002314236255750877,0.0002314236255750877,0.0,0.16507556171974103,1.0,0.2588996763754045,0.5305321237200912,-0.27163244734468667,Liverpool,A,0.00020571560229414037,0.0002314236255750877,0.9259259259259258,0.25396825396825395,0.05012531328320802,0.0,0.2801120448179272,0.2070393374741201,0.1400560224089636,0.6,0.14634146341463414,,,1.7244351042519774,1.5532911918577654,0.8320815167139705,1.1944316567795903,1.4213742129664395,,,0.7202447003966976,4.623971779085418,0.0877260641876472,4.799423907460712,3.907559399318967,1.0,,,,,,,,,,,,,,0.1400560224089636,0.6,0.14634146341463414,,,0.0,0.16507556171974103,2.4702071458484456,0.03706521248464714,2.54433757081774,1.0,,,,,,,,,,,,,,,,,,,0.0,0.16507556171974103,2.330151123439482,0.033770814725543497,2.397692752890569,1.0,,,,,,,,,,,,,,,,,,,0.0,0.16507556171974103,2.330151123439482,0.033770814725543497,2.397692752890569,1.0,,,,,,,,,,,,,,,,,,,0.0,0.16507556171974103,2.330151123439482,0.033770814725543497,2.397692752890569,1.0,,,,,,,,,,,,,,,,,,,0.0,0.16507556171974103,2.330151123439482,0.033770814725543497,2.397692752890569,13.675650550749383
Fabio Carvalho,MID,Brentford,4.7,0.0002314236255750877,0.0002314236255750877,0.0002314236255750877,0.0,0.26,0.0,0.2588996763754045,0.5305321237200912,-0.27163244734468667,Liverpool,A,0.00020571560229414037,0.0002314236255750877,0.9259259259259258,,,,,,0.1400560224089636,0.6,0.14634146341463414,,,,,,1.1944316567795903,1.4213742129664395,,,0.7202447003966976,0.0,0.0,0.0,3.907559399318967,0.0,,,,,,,,,,,,,,0.1400560224089636,0.6,0.14634146341463414,,,0.0,0.26,0.0,0.0,0.0,0.0,,,,,,,,,,,,,,,,,,,0.0,0.26,0.0,0.0,0.0,0.0,,,,,,,,,,,,,,,,,,,0.0,0.26,0.0,0.0,0.0,0.0,,,,,,,,,,,,,,,,,,,0.0,0.26,0.0,0.0,0.0,0.0,,,,,,,,,,,,,,,,,,,0.0,0.26,0.0,0.0,0.0,0.0
Frank Onyeka,MID,Brentford,4.8,0.0002314236255750877,0.0002314236255750877,0.0002314236255750877,0.0,0.26,0.0,0.2588996763754045,0.5305321237200912,-0.27163244734468667,Liverpool,A,0.00020571560229414037,0.0002314236255750877,0.9259259259259258,,,,,,0.1400560224089636,0.6,0.14634146341463414,,,,,,1.1944316567795903,1.4213742129664395,,,0.7202447003966976,0.0,0.0,0.0,3.907559399318967,0.0,,,,,,,,,,,,,,0.1400560224089636,0.6,0.14634146341463414,,,0.0,0.26,0.0,0.0,0.0,0.0,,,,,,,,,,,,,,,,,,,0.0,0.26,0.0,0.0,0.0,0.0,,,,,,,,,,,,,,,,,,,0.0,0.26,0.0,0.0,0.0,0.0,,,,,,,,,,,,,,,,,,,0.0,0.26,0.0,0.0,0.0,0.0,,,,,,,,,,,,,,,,,,,0.0,0.26,0.0,0.0,0.0,0.0
Gustavo Nunes Fernandes Gomes,MID,Brentford,4.9,0.0002314236255750877,0.0002314236255750877,0.0002314236255750877,0.0,0.26,0.0,0.2588996763754045,0.5305321237200912,-0.27163244734468667,Liverpool,A,0.00020571560229414037,0.0002314236255750877,0.9259259259259258,,,,,,0.1400560224089636,0.6,0.14634146341463414,,,,,,1.1944316567795903,1.4213742129664395,,,0.7202447003966976,0.0,0.0,0.0,3.907559399318967,0.0,,,,,,,,,,,,,,0.1400560224089636,0.6,0.14634146341463414,,,0.0,0.26,0.0,0.0,0.0,0.0,,,,,,,,,,,,,,,,,,,0.0,0.26,0.0,0.0,0.0,0.0,,,,,,,,,,,,,,,,,,,0.0,0.26,0.0,0.0,0.0,0.0,,,,,,,,,,,,,,,,,,,0.0,0.26,0.0,0.0,0.0,0.0,,,,,,,,,,,,,,,,,,,0.0,0.26,0.0,0.0,0.0,0.0
Jordan Henderson,MID,Brentford,5.0,0.0002314236255750877,0.0002314236255750877,0.0002314236255750877,0.0,0.19568296915377603,0.0,0.2588996763754045,0.5305321237200912,-0.27163244734468667,Liverpool,A,0.00020571560229414037,0.0002314236255750877,0.9259259259259258,0.06349206349206349,0.004738213693437574,0.0,0.25396825396825395,0.2392916965781287,0.1400560224089636,0.6,0.14634146341463414,,,0.43110877606299436,1.408317347284374,0.9617022554985587,1.1944316567795903,1.4213742129664395,,,0.7202447003966976,0.0,0.0,0.0,3.907559399318967,0.0,,,,,,,,,,,,,,0.1400560224089636,0.6,0.14634146341463414,,,0.0,0.19568296915377603,0.0,0.0,0.0,0.0,,,,,,,,,,,,,,,,,,,0.0,0.19568296915377603,0.0,0.0,0.0,0.0,,,,,,,,,,,,,,,,,,,0.0,0.19568296915377603,0.0,0.0,0.0,0.0,,,,,,,,,,,,,,,,,,,0.0,0.19568296915377603,0.0,0.0,0.0,0.0,,,,,,,,,,,,,,,,,,,0.0,0.19568296915377603,0.0,0.0,0.0,0.0
Josh Dasilva,MID,Brentford,4.9,0.0002314236255750877,0.0002314236255750877,0.0002314236255750877,0.0,0.26,0.0,0.2588996763754045,0.5305321237200912,-0.27163244734468667,Liverpool,A,0.00020571560229414037,0.0002314236255750877,0.9259259259259258,0.19047619047619047,0.026455026455026454,0.0,0.15873015873015872,0.2801120448179272,0.1400560224089636,0.6,0.14634146341463414,,,1.293326328188983,0.8801983420527337,1.1257573461424306,1.1944316567795903,1.4213742129664395,,,0.7202447003966976,0.0,0.0,0.0,3.907559399318967,0.0,,,,,,,,,,,,,,0.1400560224089636,0.6,0.14634146341463414,,,0.0,0.26,0.0,0.0,0.0,0.0,,,,,,,,,,,,,,,,,,,0.0,0.26,0.0,0.0,0.0,0.0,,,,,,,,,,,,,,,,,,,0.0,0.26,0.0,0.0,0.0,0.0,,,,,,,,,,,,,,,,,,,0.0,0.26,0.0,0.0,0.0,0.0,,,,,,,,,,,,,,,,,,,0.0,0.26,0.0,0.0,0.0,0.0
Kevin Schade,MID,Brentford,6.9,0.0002314236255750877,0.0002314236255750877,0.0002314236255750877,0.0,0.11141305962652259,1.0,0.2588996763754045,0.5305321237200912,-0.27163244734468667,Liverpool,A,0.00020571560229414037,0.0002314236255750877,0.9259259259259258,0.29304029304029305,0.06802721088435373,0.0,0.23809523809523808,0.27056277056277056,0.1400560224089636,0.6,0.14634146341463414,,,1.9897328125984355,1.3202975130791006,1.0873792547966659,1.1944316567795903,1.4213742129664395,,,0.7202447003966976,4.611942605008187,0.08744311395500257,4.786828832918192,3.907559399318967,1.0,,,,,,,,,,,,,,0.1400560224089636,0.6,0.14634146341463414,,,0.0,0.11141305962652259,2.3628821416620087,0.034540713736173775,2.431963569134356,1.0,,,,,,,,,,,,,,,,,,,0.0,0.11141305962652259,2.222826119253045,0.031246315977070133,2.2853187512071855,1.0,,,,,,,,,,,,,,,,,,,0.0,0.11141305962652259,2.222826119253045,0.031246315977070133,2.2853187512071855,1.0,,,,,,,,,,,,,,,,,,,0.0,0.11141305962652259,2.222826119253045,0.031246315977070133,2.2853187512071855,1.0,,,,,,,,,,,,,,,,,,,0.0,0.11141305962652259,2.222826119253045,0.031246315977070133,2.2853187512071855,13.252890370062513
Luka Bentt,MID,Brentford,4.5,0.0002314236255750877,0.0002314236255750877,0.0002314236255750877,0.0,0.26,0.0,0.2588996763754045,0.5305321237200912,-0.27163244734468667,Liverpool,A,0.00020571560229414037,0.0002314236255750877,0.9259259259259258,0.17316017316017315,0.023228803716608595,0.0,,,0.1400560224089636,0.6,0.14634146341463414,,,1.17575120744453,,,1.1944316567795903,1.4213742129664395,,,0.7202447003966976,0.0,0.0,0.0,3.907559399318967,0.0,,,,,,,,,,,,,,0.1400560224089636,0.6,0.14634146341463414,,,0.0,0.26,0.0,0.0,0.0,0.0,,,,,,,,,,,,,,,,,,,0.0,0.26,0.0,0.0,0.0,0.0,,,,,,,,,,,,,,,,,,,0.0,0.26,0.0,0.0,0.0,0.0,,,,,,,,,,,,,,,,,,,0.0,0.26,0.0,0.0,0.0,0.0,,,,,,,,,,,,,,,,,,,0.0,0.26,0.0,0.0,0.0,0.0
Mathias Jensen,MID,Brentford,4.9,0.0002314236255750877,0.0002314236255750877,0.0002314236255750877,0.0,0.17409773439405296,1.0,0.2588996763754045,0.5305321237200912,-0.27163244734468667,Liverpool,A,0.00020571560229414037,0.0002314236255750877,0.9259259259259258,0.12698412698412698,0.010465724751439037,0.0,0.17316017316017315,0.20481310803891445,0.1400560224089636,0.6,0.14634146341463414,,,0.8622175521259887,0.9602163731484368,0.8231344036310243,1.1944316567795903,1.4213742129664395,,,0.7202447003966976,3.4901681613165048,0.06105673549048683,3.6122816322974782,3.907559399318967,1.0,,,,,,,,,,,,,,0.1400560224089636,0.6,0.14634146341463414,,,0.0,0.17409773439405296,2.4882514911970697,0.03748965157593748,2.5632307943489447,1.0,,,,,,,,,,,,,,,,,,,0.0,0.17409773439405296,2.3481954687881057,0.03419525381683383,2.416585976421773,1.0,,,,,,,,,,,,,,,,,,,0.0,0.17409773439405296,2.3481954687881057,0.03419525381683383,2.416585976421773,1.0,,,,,,,,,,,,,,,,,,,0.0,0.17409773439405296,2.3481954687881057,0.03419525381683383,2.416585976421773,1.0,,,,,,,,,,,,,,,,,,,0.0,0.17409773439405296,2.3481954687881057,0.03419525381683383,2.416585976421773,12.557468541475046
Mikkel Damsgaard,MID,Brentford,5.6,0.0002314236255750877,0.0002314236255750877,0.0002314236255750877,0.0,0.3560461155901111,1.0,0.2588996763754045,0.5305321237200912,-0.27163244734468667,Liverpool,A,0.00020571560229414037,0.0002314236255750877,0.9259259259259258,0.15873015873015872,0.0156128024980484,0.0,0.21994941163532386,0.1885902876001886,0.1400560224089636,0.6,0.14634146341463414,,,1.077771940157486,1.219674376978384,0.7579356389869829,1.1944316567795903,1.4213742129664395,,,0.7202447003966976,4.195121007036004,0.0776386363275009,4.350398279691006,3.907559399318967,1.0,,,,,,,,,,,,,,0.1400560224089636,0.6,0.14634146341463414,,,0.0,0.3560461155901111,2.8521482535891858,0.04604923122092483,2.9442467160310355,1.0,,,,,,,,,,,,,,,,,,,0.0,0.3560461155901111,2.7120922311802222,0.042754833461821184,2.7976018981038644,1.0,,,,,,,,,,,,,,,,,,,0.0,0.3560461155901111,2.7120922311802222,0.042754833461821184,2.7976018981038644,1.0,,,,,,,,,,,,,,,,,,,0.0,0.3560461155901111,2.7120922311802222,0.042754833461821184,2.7976018981038644,1.0,,,,,,,,,,,,,,,,,,,0.0,0.3560461155901111,2.7120922311802222,0.042754833461821184,2.7976018981038644,14.686293303008206
Myles Peart-Harris,MID,Brentford,4.4,0.0002314236255750877,0.0002314236255750877,0.0002314236255750877,0.0,0.26,0.0,0.2588996763754045,0.5305321237200912,-0.27163244734468667,Liverpool,A,0.00020571560229414037,0.0002314236255750877,0.9259259259259258,,,,,,0.1400560224089636,0.6,0.14634146341463414,,,,,,1.1944316567795903,1.4213742129664395,,,0.7202447003966976,0.0,0.0,0.0,3.907559399318967,0.0,,,,,,,,,,,,,,0.1400560224089636,0.6,0.14634146341463414,,,0.0,0.26,0.0,0.0,0.0,0.0,,,,,,,,,,,,,,,,,,,0.0,0.26,0.0,0.0,0.0,0.0,,,,,,,,,,,,,,,,,,,0.0,0.26,0.0,0.0,0.0,0.0,,,,,,,,,,,,,,,,,,,0.0,0.26,0.0,0.0,0.0,0.0,,,,,,,,,,,,,,,,,,,0.0,0.26,0.0,0.0,0.0,0.0
Paris Maghoma,MID,Brentford,4.5,0.0002314236255750877,0.0002314236255750877,0.0002314236255750877,0.0,0.26,0.0,0.2588996763754045,0.5305321237200912,-0.27163244734468667,Liverpool,A,0.00020571560229414037,0.0002314236255750877,0.9259259259259258,,,,,,0.1400560224089636,0.6,0.14634146341463414,,,,,,1.1944316567795903,1.4213742129664395,,,0.7202447003966976,0.0,0.0,0.0,3.907559399318967,0.0,,,,,,,,,,,,,,0.1400560224089636,0.6,0.14634146341463414,,,0.0,0.26,0.0,0.0,0.0,0.0,,,,,,,,,,,,,,,,,,,0.0,0.26,0.0,0.0,0.0,0.0,,,,,,,,,,,,,,,,,,,0.0,0.26,0.0,0.0,0.0,0.0,,,,,,,,,,,,,,,,,,,0.0,0.26,0.0,0.0,0.0,0.0,,,,,,,,,,,,,,,,,,,0.0,0.26,0.0,0.0,0.0,0.0
Reiss Nelson,MID,Brentford,4.8,0.0002314236255750877,0.0002314236255750877,0.0002314236255750877,0.0,0.26,0.0,0.2588996763754045,0.5305321237200912,-0.27163244734468667,Liverpool,A,0.00020571560229414037,0.0002314236255750877,0.9259259259259258,0.21164021164021163,0.03663003663003663,0.0,0.17316017316017315,0.20050125313283207,0.1400560224089636,0.6,0.14634146341463414,,,1.4370292535433145,0.9602163731484368,0.8058052582914239,1.1944316567795903,1.4213742129664395,,,0.7202447003966976,0.0,0.0,0.0,3.907559399318967,0.0,,,,,,,,,,,,,,0.1400560224089636,0.6,0.14634146341463414,,,0.0,0.26,0.0,0.0,0.0,0.0,,,,,,,,,,,,,,,,,,,0.0,0.26,0.0,0.0,0.0,0.0,,,,,,,,,,,,,,,,,,,0.0,0.26,0.0,0.0,0.0,0.0,,,,,,,,,,,,,,,,,,,0.0,0.26,0.0,0.0,0.0,0.0,,,,,,,,,,,,,,,,,,,0.0,0.26,0.0,0.0,0.0,0.0
Romelle Donovan,MID,Brentford,4.4,0.0002314236255750877,0.0002314236255750877,0.0002314236255750877,0.0,0.26,0.0,0.2588996763754045,0.5305321237200912,-0.27163244734468667,Liverpool,A,0.00020571560229414037,0.0002314236255750877,0.9259259259259258,0.23809523809523808,0.041407867494824016,0.0,0.21164021164021163,0.25740025740025735,0.1400560224089636,0.6,0.14634146341463414,,,1.6166579102362288,1.173597789403645,1.0344797234822334,1.1944316567795903,1.4213742129664395,,,0.7202447003966976,0.0,0.0,0.0,3.907559399318967,0.0,,,,,,,,,,,,,,0.1400560224089636,0.6,0.14634146341463414,,,0.0,0.26,0.0,0.0,0.0,0.0,,,,,,,,,,,,,,,,,,,0.0,0.26,0.0,0.0,0.0,0.0,,,,,,,,,,,,,,,,,,,0.0,0.26,0.0,0.0,0.0,0.0,,,,,,,,,,,,,,,,,,,0.0,0.26,0.0,0.0,0.0,0.0,,,,,,,,,,,,,,,,,,,0.0,0.26,0.0,0.0,0.0,0.0
Ryan Trevitt,MID,Brentford,4.5,0.0002314236255750877,0.0002314236255750877,0.0002314236255750877,0.0,0.26,0.0,0.2588996763754045,0.5305321237200912,-0.27163244734468667,Liverpool,A,0.00020571560229414037,0.0002314236255750877,0.9259259259259258,,,,,,0.1400560224089636,0.6,0.14634146341463414,,,,,,1.1944316567795903,1.4213742129664395,,,0.7202447003966976,0.0,0.0,0.0,3.907559399318967,0.0,,,,,,,,,,,,,,0.1400560224089636,0.6,0.14634146341463414,,,0.0,0.26,0.0,0.0,0.0,0.0,,,,,,,,,,,,,,,,,,,0.0,0.26,0.0,0.0,0.0,0.0,,,,,,,,,,,,,,,,,,,0.0,0.26,0.0,0.0,0.0,0.0,,,,,,,,,,,,,,,,,,,0.0,0.26,0.0,0.0,0.0,0.0,,,,,,,,,,,,,,,,,,,0.0,0.26,0.0,0.0,0.0,0.0
Vitaly Janelt,MID,Brentford,4.9,0.0002314236255750877,0.0002314236255750877,0.0002314236255750877,0.0,0.5066487301936826,0.0,0.2588996763754045,0.5305321237200912,-0.27163244734468667,Liverpool,A,0.00020571560229414037,0.0002314236255750877,0.9259259259259258,0.09523809523809523,0.00630715862503942,0.0,0.21994941163532386,0.26455026455026454,0.1400560224089636,0.6,0.14634146341463414,,,0.6466631640944915,1.219674376978384,1.06321527135674,1.1944316567795903,1.4213742129664395,,,0.7202447003966976,0.0,0.0,0.0,3.907559399318967,0.0,,,,,,,,,,,,,,0.1400560224089636,0.6,0.14634146341463414,,,0.0,0.5066487301936826,0.0,0.0,0.0,0.0,,,,,,,,,,,,,,,,,,,0.0,0.5066487301936826,0.0,0.0,0.0,0.0,,,,,,,,,,,,,,,,,,,0.0,0.5066487301936826,0.0,0.0,0.0,0.0,,,,,,,,,,,,,,,,,,,0.0,0.5066487301936826,0.0,0.0,0.0,0.0,,,,,,,,,,,,,,,,,,,0.0,0.5066487301936826,0.0,0.0,0.0,0.0
Yehor Yarmoliuk,MID,Brentford,5.0,0.0002314236255750877,0.0002314236255750877,0.0002314236255750877,0.0,0.4347531136224858,1.0,0.2588996763754045,0.5305321237200912,-0.27163244734468667,Liverpool,A,0.00020571560229414037,0.0002314236255750877,0.9259259259259258,0.08658008658008658,0.004738213693437574,0.0,0.17316017316017315,0.2675227394328518,0.1400560224089636,0.6,0.14634146341463414,,,0.587875603722265,0.9602163731484368,1.0751615103607484,1.1944316567795903,1.4213742129664395,,,0.7202447003966976,3.7181115310692237,0.06641841943381029,3.850948369936844,3.907559399318967,1.0,,,,,,,,,,,,,,0.1400560224089636,0.6,0.14634146341463414,,,0.0,0.4347531136224858,3.009562249653935,0.049751923236359866,3.109066096126655,1.0,,,,,,,,,,,,,,,,,,,0.0,0.4347531136224858,2.8695062272449716,0.04645752547725622,2.962421278199484,1.0,,,,,,,,,,,,,,,,,,,0.0,0.4347531136224858,2.8695062272449716,0.04645752547725622,2.962421278199484,1.0,,,,,,,,,,,,,,,,,,,0.0,0.4347531136224858,2.8695062272449716,0.04645752547725622,2.962421278199484,1.0,,,,,,,,,,,,,,,,,,,0.0,0.4347531136224858,2.8695062272449716,0.04645752547725622,2.962421278199484,14.788434130603054
Yunus Emre Konak,MID,Brentford,4.3,0.0002314236255750877,0.0002314236255750877,0.0002314236255750877,0.0,0.26,0.0,0.2588996763754045,0.5305321237200912,-0.27163244734468667,Liverpool,A,0.00020571560229414037,0.0002314236255750877,0.9259259259259258,,,,,,0.1400560224089636,0.6,0.14634146341463414,,,,,,1.1944316567795903,1.4213742129664395,,,0.7202447003966976,0.0,0.0,0.0,3.907559399318967,0.0,,,,,,,,,,,,,,0.1400560224089636,0.6,0.14634146341463414,,,0.0,0.26,0.0,0.0,0.0,0.0,,,,,,,,,,,,,,,,,,,0.0,0.26,0.0,0.0,0.0,0.0,,,,,,,,,,,,,,,,,,,0.0,0.26,0.0,0.0,0.0,0.0,,,,,,,,,,,,,,,,,,,0.0,0.26,0.0,0.0,0.0,0.0,,,,,,,,,,,,,,,,,,,0.0,0.26,0.0,0.0,0.0,0.0
Igor Thiago,FWD,Brentford,7.0,0.0002314236255750877,0.0002314236255750877,0.0002314236255750877,0.0,0.0,1.0,0.2588996763754045,0.5305321237200912,-0.27163244734468667,Liverpool,A,0.00020571560229414037,0.0002314236255750877,0.9259259259259258,0.40184850311432585,0.11904761904761904,0.01,0.15873015873015872,0.2976190476190476,0.1400560224089636,0.6,0.14634146341463414,,,1.4288242723689533,0.9357103538748562,1.5333115883776298,1.19544866602841,1.4197430278360015,,,0.719884446503783,4.302155917219208,0.08015631148483021,4.462468540188868,3.6720247605052365,1.0,,,,,,,,,,,,,,0.1400560224089636,0.6,0.14634146341463414,,,0.0,0.0,2.0,0.026005000000000004,2.05201,1.0,,,,,,,,,,,,,,,,,,,0.0,0.0,2.0,0.026005000000000004,2.05201,1.0,,,,,,,,,,,,,,,,,,,0.0,0.0,2.0,0.026005000000000004,2.05201,1.0,,,,,,,,,,,,,,,,,,,0.0,0.0,2.0,0.026005000000000004,2.05201,1.0,,,,,,,,,,,,,,,,,,,0.0,0.0,2.0,0.026005000000000004,2.05201,11.952305040188868
Iwan Morgan,FWD,Brentford,4.4,0.0002314236255750877,0.0002314236255750877,0.0002314236255750877,0.0,0.0,0.0,0.2588996763754045,0.5305321237200912,-0.27163244734468667,Liverpool,A,0.00020571560229414037,0.0002314236255750877,0.9259259259259258,,,,,,0.1400560224089636,0.6,0.14634146341463414,,,,,,1.19544866602841,1.4197430278360015,,,0.719884446503783,0.0,0.0,0.0,3.6720247605052365,0.0,,,,,,,,,,,,,,0.1400560224089636,0.6,0.14634146341463414,,,0.0,0.0,0.0,0.0,0.0,0.0,,,,,,,,,,,,,,,,,,,0.0,0.0,0.0,0.0,0.0,0.0,,,,,,,,,,,,,,,,,,,0.0,0.0,0.0,0.0,0.0,0.0,,,,,,,,,,,,,,,,,,,0.0,0.0,0.0,0.0,0.0,0.0,,,,,,,,,,,,,,,,,,,0.0,0.0,0.0,0.0,0.0,0.0
Kaye Furo,FWD,Brentford,4.5,0.0002314236255750877,0.0002314236255750877,0.0002314236255750877,0.0,0.0,0.0,0.2588996763754045,0.5305321237200912,-0.27163244734468667,Liverpool,A,0.00020571560229414037,0.0002314236255750877,0.9259259259259258,0.3072196620583717,0.07326007326007326,0.01,0.19047619047619047,0.1885902876001886,0.1400560224089636,0.6,0.14634146341463414,,,1.0923592017788448,1.1228524246498275,0.9716033827343397,1.19544866602841,1.4197430278360015,,,0.719884446503783,0.0,0.0,0.0,3.6720247605052365,0.0,,,,,,,,,,,,,,0.1400560224089636,0.6,0.14634146341463414,,,0.0,0.0,0.0,0.0,0.0,0.0,,,,,,,,,,,,,,,,,,,0.0,0.0,0.0,0.0,0.0,0.0,,,,,,,,,,,,,,,,,,,0.0,0.0,0.0,0.0,0.0,0.0,,,,,,,,,,,,,,,,,,,0.0,0.0,0.0,0.0,0.0,0.0,,,,,,,,,,,,,,,,,,,0.0,0.0,0.0,0.0,0.0,0.0
Bart Verbruggen,GK,Brighton,4.5,0.0002314236255750877,0.0002314236255750877,0.15500081579376732,0.0,0.0,1.0,0.5393743257820928,0.25549310168625444,0.2838812240958383,Man Utd,H,0.00020571560229414037,0.0002314236255750877,0.9259259259259258,,,,,,0.27210884353741494,0.3901808785529716,0.0560799555802332,0.5878894767783656,0.12698412698412698,,,,1.3227959733835843,2.036049493854642,1.2270599749421296,1.7380156370077087,0.7777038265278793,2.910787309645743,0.04742853909748716,3.005644387840717,3.311957012312285,1.0,,,,,,,,,,,,,,0.27210884353741494,0.3901808785529716,0.0560799555802332,,,0.0,0.0,2.19591370588325,0.030613282189785814,2.2571402702628216,1.0,,,,,,,,,,,,,,,,,,,0.0,0.0,2.0,0.026005000000000004,2.05201,1.0,,,,,,,,,,,,,,,,,,,0.0,0.0,2.0,0.026005000000000004,2.05201,1.0,,,,,,,,,,,,,,,,,,,0.0,0.0,2.0,0.026005000000000004,2.05201,1.0,,,,,,,,,,,,,,,,,,,0.0,0.0,2.0,0.026005000000000004,2.05201,10.669841617564114
Carl Rushworth,GK,Brighton,4.0,0.0002314236255750877,0.0002314236255750877,0.15500081579376732,0.0,0.0,0.0,0.5393743257820928,0.25549310168625444,0.2838812240958383,Man Utd,H,0.00020571560229414037,0.0002314236255750877,0.9259259259259258,,,,,,0.27210884353741494,0.3901808785529716,0.0560799555802332,0.5878894767783656,0.12698412698412698,,,,1.3227959733835843,2.036049493854642,1.2270599749421296,1.7380156370077087,0.7777038265278793,0.0,0.0,0.0,3.311957012312285,0.0,,,,,,,,,,,,,,0.27210884353741494,0.3901808785529716,0.0560799555802332,,,0.0,0.0,0.0,0.0,0.0,0.0,,,,,,,,,,,,,,,,,,,0.0,0.0,0.0,0.0,0.0,0.0,,,,,,,,,,,,,,,,,,,0.0,0.0,0.0,0.0,0.0,0.0,,,,,,,,,,,,,,,,,,,0.0,0.0,0.0,0.0,0.0,0.0,,,,,,,,,,,,,,,,,,,0.0,0.0,0.0,0.0,0.0,0.0
Jason Steele,GK,Brighton,4.2,0.0002314236255750877,0.0002314236255750877,0.15500081579376732,0.0,0.0,0.0,0.5393743257820928,0.25549310168625444,0.2838812240958383,Man Utd,H,0.00020571560229414037,0.0002314236255750877,0.9259259259259258,,,,,,0.27210884353741494,0.3901808785529716,0.0560799555802332,0.5878894767783656,0.12698412698412698,,,,1.3227959733835843,2.036049493854642,1.2270599749421296,1.7380156370077087,0.7777038265278793,0.0,0.0,0.0,3.311957012312285,0.0,,,,,,,,,,,,,,0.27210884353741494,0.3901808785529716,0.0560799555802332,,,0.0,0.0,0.0,0.0,0.0,0.0,,,,,,,,,,,,,,,,,,,0.0,0.0,0.0,0.0,0.0,0.0,,,,,,,,,,,,,,,,,,,0.0,0.0,0.0,0.0,0.0,0.0,,,,,,,,,,,,,,,,,,,0.0,0.0,0.0,0.0,0.0,0.0,,,,,,,,,,,,,,,,,,,0.0,0.0,0.0,0.0,0.0,0.0
Kjell Scherpen,GK,Brighton,4.0,0.0002314236255750877,0.0002314236255750877,0.15500081579376732,0.0,0.0,0.0,0.5393743257820928,0.25549310168625444,0.2838812240958383,Man Utd,H,0.00020571560229414037,0.0002314236255750877,0.9259259259259258,,,,,,0.27210884353741494,0.3901808785529716,0.0560799555802332,0.5878894767783656,0.12698412698412698,,,,1.3227959733835843,2.036049493854642,1.2270599749421296,1.7380156370077087,0.7777038265278793,0.0,0.0,0.0,3.311957012312285,0.0,,,,,,,,,,,,,,0.27210884353741494,0.3901808785529716,0.0560799555802332,,,0.0,0.0,0.0,0.0,0.0,0.0,,,,,,,,,,,,,,,,,,,0.0,0.0,0.0,0.0,0.0,0.0,,,,,,,,,,,,,,,,,,,0.0,0.0,0.0,0.0,0.0,0.0,,,,,,,,,,,,,,,,,,,0.0,0.0,0.0,0.0,0.0,0.0,,,,,,,,,,,,,,,,,,,0.0,0.0,0.0,0.0,0.0,0.0
Tom McGill,GK,Brighton,3.9,0.0002314236255750877,0.0002314236255750877,0.15500081579376732,0.0,0.0,0.0,0.5393743257820928,0.25549310168625444,0.2838812240958383,Man Utd,H,0.00020571560229414037,0.0002314236255750877,0.9259259259259258,,,,,,0.27210884353741494,0.3901808785529716,0.0560799555802332,0.5878894767783656,0.12698412698412698,,,,1.3227959733835843,2.036049493854642,1.2270599749421296,1.7380156370077087,0.7777038265278793,0.0,0.0,0.0,3.311957012312285,0.0,,,,,,,,,,,,,,0.27210884353741494,0.3901808785529716,0.0560799555802332,,,0.0,0.0,0.0,0.0,0.0,0.0,,,,,,,,,,,,,,,,,,,0.0,0.0,0.0,0.0,0.0,0.0,,,,,,,,,,,,,,,,,,,0.0,0.0,0.0,0.0,0.0,0.0,,,,,,,,,,,,,,,,,,,0.0,0.0,0.0,0.0,0.0,0.0,,,,,,,,,,,,,,,,,,,0.0,0.0,0.0,0.0,0.0,0.0
Adam Webster,DEF,Brighton,4.4,0.0002314236255750877,0.0002314236255750877,0.15500081579376732,0.44,0.0,0.0,0.5393743257820928,0.25549310168625444,0.2838812240958383,Man Utd,H,0.00020571560229414037,0.0002314236255750877,0.9259259259259258,,,,,,0.27210884353741494,0.3901808785529716,0.0560799555802332,,,,,,1.3246583168830313,2.036998165061481,,,0.7770891916792166,0.0,0.0,0.0,4.400553784582769,0.0,,,,,,,,,,,,,,0.27210884353741494,0.3901808785529716,0.0560799555802332,,,0.44,0.0,0.0,0.0,0.0,0.0,,,,,,,,,,,,,,,,,,,0.44,0.0,0.0,0.0,0.0,0.0,,,,,,,,,,,,,,,,,,,0.44,0.0,0.0,0.0,0.0,0.0,,,,,,,,,,,,,,,,,,,0.44,0.0,0.0,0.0,0.0,0.0,,,,,,,,,,,,,,,,,,,0.44,0.0,0.0,0.0,0.0,0.0
Charlie Tasker,DEF,Brighton,3.8,0.0002314236255750877,0.0002314236255750877,0.15500081579376732,0.44,0.0,0.0,0.5393743257820928,0.25549310168625444,0.2838812240958383,Man Utd,H,0.00020571560229414037,0.0002314236255750877,0.9259259259259258,,,,,,0.27210884353741494,0.3901808785529716,0.0560799555802332,,,,,,1.3246583168830313,2.036998165061481,,,0.7770891916792166,0.0,0.0,0.0,4.400553784582769,0.0,,,,,,,,,,,,,,0.27210884353741494,0.3901808785529716,0.0560799555802332,,,0.44,0.0,0.0,0.0,0.0,0.0,,,,,,,,,,,,,,,,,,,0.44,0.0,0.0,0.0,0.0,0.0,,,,,,,,,,,,,,,,,,,0.44,0.0,0.0,0.0,0.0,0.0,,,,,,,,,,,,,,,,,,,0.44,0.0,0.0,0.0,0.0,0.0,,,,,,,,,,,,,,,,,,,0.44,0.0,0.0,0.0,0.0,0.0
Diego Coppola,DEF,Brighton,4.2,0.0002314236255750877,0.0002314236255750877,0.15500081579376732,0.44,0.0,0.0,0.5393743257820928,0.25549310168625444,0.2838812240958383,Man Utd,H,0.00020571560229414037,0.0002314236255750877,0.9259259259259258,,,,,,0.27210884353741494,0.3901808785529716,0.0560799555802332,,,,,,1.3246583168830313,2.036998165061481,,,0.7770891916792166,0.0,0.0,0.0,4.400553784582769,0.0,,,,,,,,,,,,,,0.27210884353741494,0.3901808785529716,0.0560799555802332,,,0.44,0.0,0.0,0.0,0.0,0.0,,,,,,,,,,,,,,,,,,,0.44,0.0,0.0,0.0,0.0,0.0,,,,,,,,,,,,,,,,,,,0.44,0.0,0.0,0.0,0.0,0.0,,,,,,,,,,,,,,,,,,,0.44,0.0,0.0,0.0,0.0,0.0,,,,,,,,,,,,,,,,,,,0.44,0.0,0.0,0.0,0.0,0.0
Eiran Cashin,DEF,Brighton,4.0,0.0002314236255750877,0.0002314236255750877,0.15500081579376732,0.44,0.0,0.0,0.5393743257820928,0.25549310168625444,0.2838812240958383,Man Utd,H,0.00020571560229414037,0.0002314236255750877,0.9259259259259258,,,,,,0.27210884353741494,0.3901808785529716,0.0560799555802332,,,,,,1.3246583168830313,2.036998165061481,,,0.7770891916792166,0.0,0.0,0.0,4.400553784582769,0.0,,,,,,,,,,,,,,0.27210884353741494,0.3901808785529716,0.0560799555802332,,,0.44,0.0,0.0,0.0,0.0,0.0,,,,,,,,,,,,,,,,,,,0.44,0.0,0.0,0.0,0.0,0.0,,,,,,,,,,,,,,,,,,,0.44,0.0,0.0,0.0,0.0,0.0,,,,,,,,,,,,,,,,,,,0.44,0.0,0.0,0.0,0.0,0.0,,,,,,,,,,,,,,,,,,,0.44,0.0,0.0,0.0,0.0,0.0
Ferdi Kadioglu,DEF,Brighton,4.4,0.0002314236255750877,0.0002314236255750877,0.15500081579376732,0.1147970392616684,0.0,1.0,0.5393743257820928,0.25549310168625444,0.2838812240958383,Man Utd,H,0.00020571560229414037,0.0002314236255750877,0.9259259259259258,0.13605442176870747,0.0156128024980484,0.0,,0.2532928064842958,0.27210884353741494,0.3901808785529716,0.0560799555802332,,,1.2998161416098069,,1.1844352473300384,1.3246583168830313,2.036998165061481,,,0.7770891916792166,3.0822183235228264,0.05146093940590392,3.1851402023346345,4.400553784582769,1.0,,,,,,,,,,,,,,0.27210884353741494,0.3901808785529716,0.0560799555802332,,,0.1147970392616684,0.0,2.425507784406587,0.036013794104811744,2.4975353726162104,1.0,,,,,,,,,,,,,,,,,,,0.1147970392616684,0.0,2.229594078523337,0.03140551191502593,2.2924051023533885,1.0,,,,,,,,,,,,,,,,,,,0.1147970392616684,0.0,2.229594078523337,0.03140551191502593,2.2924051023533885,1.0,,,,,,,,,,,,,,,,,,,0.1147970392616684,0.0,2.229594078523337,0.03140551191502593,2.2924051023533885,1.0,,,,,,,,,,,,,,,,,,,0.1147970392616684,0.0,2.229594078523337,0.03140551191502593,2.2924051023533885,11.726779555647898
Freddie Simmonds,DEF,Brighton,4.0,0.0002314236255750877,0.0002314236255750877,0.15500081579376732,0.44,0.0,0.0,0.5393743257820928,0.25549310168625444,0.2838812240958383,Man Utd,H,0.00020571560229414037,0.0002314236255750877,0.9259259259259258,,,,,,0.27210884353741494,0.3901808785529716,0.0560799555802332,,,,,,1.3246583168830313,2.036998165061481,,,0.7770891916792166,0.0,0.0,0.0,4.400553784582769,0.0,,,,,,,,,,,,,,0.27210884353741494,0.3901808785529716,0.0560799555802332,,,0.44,0.0,0.0,0.0,0.0,0.0,,,,,,,,,,,,,,,,,,,0.44,0.0,0.0,0.0,0.0,0.0,,,,,,,,,,,,,,,,,,,0.44,0.0,0.0,0.0,0.0,0.0,,,,,,,,,,,,,,,,,,,0.44,0.0,0.0,0.0,0.0,0.0,,,,,,,,,,,,,,,,,,,0.44,0.0,0.0,0.0,0.0,0.0
Igor Julio,DEF,Brighton,4.5,0.0002314236255750877,0.0002314236255750877,0.15500081579376732,0.44,0.0,0.0,0.5393743257820928,0.25549310168625444,0.2838812240958383,Man Utd,H,0.00020571560229414037,0.0002314236255750877,0.9259259259259258,0.05602240896358543,0.004738213693437574,0.0,,0.2660281989890928,0.27210884353741494,0.3901808785529716,0.0560799555802332,,,0.5352184112510969,,1.24398785753099,1.3246583168830313,2.036998165061481,,,0.7770891916792166,0.0,0.0,0.0,4.400553784582769,0.0,,,,,,,,,,,,,,0.27210884353741494,0.3901808785529716,0.0560799555802332,,,0.44,0.0,0.0,0.0,0.0,0.0,,,,,,,,,,,,,,,,,,,0.44,0.0,0.0,0.0,0.0,0.0,,,,,,,,,,,,,,,,,,,0.44,0.0,0.0,0.0,0.0,0.0,,,,,,,,,,,,,,,,,,,0.44,0.0,0.0,0.0,0.0,0.0,,,,,,,,,,,,,,,,,,,0.44,0.0,0.0,0.0,0.0,0.0
Jacob Slater,DEF,Brighton,4.0,0.0002314236255750877,0.0002314236255750877,0.15500081579376732,0.44,0.0,0.0,0.5393743257820928,0.25549310168625444,0.2838812240958383,Man Utd,H,0.00020571560229414037,0.0002314236255750877,0.9259259259259258,,,,,,0.27210884353741494,0.3901808785529716,0.0560799555802332,,,,,,1.3246583168830313,2.036998165061481,,,0.7770891916792166,0.0,0.0,0.0,4.400553784582769,0.0,,,,,,,,,,,,,,0.27210884353741494,0.3901808785529716,0.0560799555802332,,,0.44,0.0,0.0,0.0,0.0,0.0,,,,,,,,,,,,,,,,,,,0.44,0.0,0.0,0.0,0.0,0.0,,,,,,,,,,,,,,,,,,,0.44,0.0,0.0,0.0,0.0,0.0,,,,,,,,,,,,,,,,,,,0.44,0.0,0.0,0.0,0.0,0.0,,,,,,,,,,,,,,,,,,,0.44,0.0,0.0,0.0,0.0,0.0
Jan Paul van Hecke,DEF,Brighton,4.4,0.0002314236255750877,0.0002314236255750877,0.15500081579376732,0.35132970215011783,0.0,1.0,0.5393743257820928,0.25549310168625444,0.2838812240958383,Man Utd,H,0.00020571560229414037,0.0002314236255750877,0.9259259259259258,0.13605442176870747,0.014214641080312722,0.0,,0.2294893861158921,0.27210884353741494,0.3901808785529716,0.0560799555802332,,,1.2998161416098069,,1.073126874689384,1.3246583168830313,2.036998165061481,,,0.7770891916792166,3.5706981011617147,0.06295096073552585,3.6966000226327664,4.400553784582769,1.0,,,,,,,,,,,,,,0.27210884353741494,0.3901808785529716,0.0560799555802332,,,0.35132970215011783,0.0,2.8985731101834857,0.047141236697735955,2.9928555835789576,1.0,,,,,,,,,,,,,,,,,,,0.35132970215011783,0.0,2.7026594043002357,0.04253295450795014,2.7877253133161357,1.0,,,,,,,,,,,,,,,,,,,0.35132970215011783,0.0,2.7026594043002357,0.04253295450795014,2.7877253133161357,1.0,,,,,,,,,,,,,,,,,,,0.35132970215011783,0.0,2.7026594043002357,0.04253295450795014,2.7877253133161357,1.0,,,,,,,,,,,,,,,,,,,0.35132970215011783,0.0,2.7026594043002357,0.04253295450795014,2.7877253133161357,14.046158145960062
Joel Veltman,DEF,Brighton,4.3,0.0002314236255750877,0.0002314236255750877,0.15500081579376732,0.45710559522736105,0.0,0.0,0.5393743257820928,0.25549310168625444,0.2838812240958383,Man Utd,H,0.00020571560229414037,0.0002314236255750877,0.9259259259259258,0.06802721088435373,0.004738213693437574,0.0,,0.2532928064842958,0.27210884353741494,0.3901808785529716,0.0560799555802332,,,0.6499080708049034,,1.1844352473300384,1.3246583168830313,2.036998165061481,,,0.7770891916792166,0.0,0.0,0.0,4.400553784582769,0.0,,,,,,,,,,,,,,0.27210884353741494,0.3901808785529716,0.0560799555802332,,,0.45710559522736105,0.0,0.0,0.0,0.0,0.0,,,,,,,,,,,,,,,,,,,0.45710559522736105,0.0,0.0,0.0,0.0,0.0,,,,,,,,,,,,,,,,,,,0.45710559522736105,0.0,0.0,0.0,0.0,0.0,,,,,,,,,,,,,,,,,,,0.45710559522736105,0.0,0.0,0.0,0.0,0.0,,,,,,,,,,,,,,,,,,,0.45710559522736105,0.0,0.0,0.0,0.0,0.0
Lewis Dunk,DEF,Brighton,4.5,0.0002314236255750877,0.0002314236255750877,0.15500081579376732,0.2862400133617653,0.0,1.0,0.5393743257820928,0.25549310168625444,0.2838812240958383,Man Utd,H,0.00020571560229414037,0.0002314236255750877,0.9259259259259258,0.10025062656641603,0.00630715862503942,0.0,,0.2392916965781287,0.27210884353741494,0.3901808785529716,0.0560799555802332,,,0.9577592622388051,,1.1189639522514936,1.3246583168830313,2.036998165061481,,,0.7770891916792166,3.1684487471773846,0.053489251431106444,3.2754272500395976,4.400553784582769,1.0,,,,,,,,,,,,,,0.27210884353741494,0.3901808785529716,0.0560799555802332,,,0.2862400133617653,0.0,2.7683937326067807,0.0440791573783767,2.856552047363534,1.0,,,,,,,,,,,,,,,,,,,0.2862400133617653,0.0,2.5724800267235306,0.039470875188590895,2.6514217771007123,1.0,,,,,,,,,,,,,,,,,,,0.2862400133617653,0.0,2.5724800267235306,0.039470875188590895,2.6514217771007123,1.0,,,,,,,,,,,,,,,,,,,0.2862400133617653,0.0,2.5724800267235306,0.039470875188590895,2.6514217771007123,1.0,,,,,,,,,,,,,,,,,,,0.2862400133617653,0.0,2.5724800267235306,0.039470875188590895,2.6514217771007123,13.127477466180597
Maxim De Cuyper,DEF,Brighton,4.3,0.0002314236255750877,0.0002314236255750877,0.15500081579376732,0.07292706475560373,0.0,1.0,0.5393743257820928,0.25549310168625444,0.2838812240958383,Man Utd,H,0.00020571560229414037,0.0002314236255750877,0.9259259259259258,0.21164021164021163,0.03663003663003663,0.0,,0.20931449502878072,0.27210884353741494,0.3901808785529716,0.0560799555802332,,,2.0219362202819218,,0.9787860505408669,1.3246583168830313,2.036998165061481,,,0.7770891916792166,3.622074829987167,0.06415944415095814,3.750393718289083,4.400553784582769,1.0,,,,,,,,,,,,,,0.27210884353741494,0.3901808785529716,0.0560799555802332,,,0.07292706475560373,0.0,2.3417678353944575,0.03404406302414843,2.4098559614427546,1.0,,,,,,,,,,,,,,,,,,,0.07292706475560373,0.0,2.1458541295112075,0.029435780834362626,2.2047256911799327,1.0,,,,,,,,,,,,,,,,,,,0.07292706475560373,0.0,2.1458541295112075,0.029435780834362626,2.2047256911799327,1.0,,,,,,,,,,,,,,,,,,,0.07292706475560373,0.0,2.1458541295112075,0.029435780834362626,2.2047256911799327,1.0,,,,,,,,,,,,,,,,,,,0.07292706475560373,0.0,2.1458541295112075,0.029435780834362626,2.2047256911799327,11.972003220819236
Olivier Boscagli,DEF,Brighton,4.2,0.0002314236255750877,0.0002314236255750877,0.15500081579376732,0.44,0.0,0.0,0.5393743257820928,0.25549310168625444,0.2838812240958383,Man Utd,H,0.00020571560229414037,0.0002314236255750877,0.9259259259259258,0.09523809523809523,0.004738213693437574,0.0,,0.1943634596695821,0.27210884353741494,0.3901808785529716,0.0560799555802332,,,0.9098712991268648,,0.9088727612165193,1.3246583168830313,2.036998165061481,,,0.7770891916792166,0.0,0.0,0.0,4.400553784582769,0.0,,,,,,,,,,,,,,0.27210884353741494,0.3901808785529716,0.0560799555802332,,,0.44,0.0,0.0,0.0,0.0,0.0,,,,,,,,,,,,,,,,,,,0.44,0.0,0.0,0.0,0.0,0.0,,,,,,,,,,,,,,,,,,,0.44,0.0,0.0,0.0,0.0,0.0,,,,,,,,,,,,,,,,,,,0.44,0.0,0.0,0.0,0.0,0.0,,,,,,,,,,,,,,,,,,,0.44,0.0,0.0,0.0,0.0,0.0
Pervis Estupiñán Tenorio,DEF,Brighton,4.5,0.0002314236255750877,0.0002314236255750877,0.15500081579376732,0.44,0.0,0.0,0.5393743257820928,0.25549310168625444,0.2838812240958383,Man Utd,H,0.00020571560229414037,0.0002314236255750877,0.9259259259259258,,,,,,0.27210884353741494,0.3901808785529716,0.0560799555802332,,,,,,1.3246583168830313,2.036998165061481,,,0.7770891916792166,0.0,0.0,0.0,4.400553784582769,0.0,,,,,,,,,,,,,,0.27210884353741494,0.3901808785529716,0.0560799555802332,,,0.44,0.0,0.0,0.0,0.0,0.0,,,,,,,,,,,,,,,,,,,0.44,0.0,0.0,0.0,0.0,0.0,,,,,,,,,,,,,,,,,,,0.44,0.0,0.0,0.0,0.0,0.0,,,,,,,,,,,,,,,,,,,0.44,0.0,0.0,0.0,0.0,0.0,,,,,,,,,,,,,,,,,,,0.44,0.0,0.0,0.0,0.0,0.0
Tariq Lamptey,DEF,Brighton,4.4,0.0002314236255750877,0.0002314236255750877,0.15500081579376732,0.44,0.0,0.0,0.5393743257820928,0.25549310168625444,0.2838812240958383,Man Utd,H,0.00020571560229414037,0.0002314236255750877,0.9259259259259258,,,,,,0.27210884353741494,0.3901808785529716,0.0560799555802332,,,,,,1.3246583168830313,2.036998165061481,,,0.7770891916792166,0.0,0.0,0.0,4.400553784582769,0.0,,,,,,,,,,,,,,0.27210884353741494,0.3901808785529716,0.0560799555802332,,,0.44,0.0,0.0,0.0,0.0,0.0,,,,,,,,,,,,,,,,,,,0.44,0.0,0.0,0.0,0.0,0.0,,,,,,,,,,,,,,,,,,,0.44,0.0,0.0,0.0,0.0,0.0,,,,,,,,,,,,,,,,,,,0.44,0.0,0.0,0.0,0.0,0.0,,,,,,,,,,,,,,,,,,,0.44,0.0,0.0,0.0,0.0,0.0
Abdallah Sima,MID,Brighton,5.4,0.0002314236255750877,0.0002314236255750877,0.15500081579376732,0.0,0.26,0.0,0.5393743257820928,0.25549310168625444,0.2838812240958383,Man Utd,H,0.00020571560229414037,0.0002314236255750877,0.9259259259259258,,,,,,0.27210884353741494,0.3901808785529716,0.0560799555802332,,,,,,1.3190629173120991,2.016778900415178,,,0.7796239224582298,0.0,0.0,0.0,4.789949696238931,0.0,,,,,,,,,,,,,,0.27210884353741494,0.3901808785529716,0.0560799555802332,,,0.0,0.26,0.0,0.0,0.0,0.0,,,,,,,,,,,,,,,,,,,0.0,0.26,0.0,0.0,0.0,0.0,,,,,,,,,,,,,,,,,,,0.0,0.26,0.0,0.0,0.0,0.0,,,,,,,,,,,,,,,,,,,0.0,0.26,0.0,0.0,0.0,0.0,,,,,,,,,,,,,,,,,,,0.0,0.26,0.0,0.0,0.0,0.0
Adrian Mazilu,MID,Brighton,4.5,0.0002314236255750877,0.0002314236255750877,0.15500081579376732,0.0,0.26,0.0,0.5393743257820928,0.25549310168625444,0.2838812240958383,Man Utd,H,0.00020571560229414037,0.0002314236255750877,0.9259259259259258,,,,,,0.27210884353741494,0.3901808785529716,0.0560799555802332,,,,,,1.3190629173120991,2.016778900415178,,,0.7796239224582298,0.0,0.0,0.0,4.789949696238931,0.0,,,,,,,,,,,,,,0.27210884353741494,0.3901808785529716,0.0560799555802332,,,0.0,0.26,0.0,0.0,0.0,0.0,,,,,,,,,,,,,,,,,,,0.0,0.26,0.0,0.0,0.0,0.0,,,,,,,,,,,,,,,,,,,0.0,0.26,0.0,0.0,0.0,0.0,,,,,,,,,,,,,,,,,,,0.0,0.26,0.0,0.0,0.0,0.0,,,,,,,,,,,,,,,,,,,0.0,0.26,0.0,0.0,0.0,0.0
Andrew Moran,MID,Brighton,4.5,0.0002314236255750877,0.0002314236255750877,0.15500081579376732,0.0,0.26,0.0,0.5393743257820928,0.25549310168625444,0.2838812240958383,Man Utd,H,0.00020571560229414037,0.0002314236255750877,0.9259259259259258,,,,,,0.27210884353741494,0.3901808785529716,0.0560799555802332,,,,,,1.3190629173120991,2.016778900415178,,,0.7796239224582298,0.0,0.0,0.0,4.789949696238931,0.0,,,,,,,,,,,,,,0.27210884353741494,0.3901808785529716,0.0560799555802332,,,0.0,0.26,0.0,0.0,0.0,0.0,,,,,,,,,,,,,,,,,,,0.0,0.26,0.0,0.0,0.0,0.0,,,,,,,,,,,,,,,,,,,0.0,0.26,0.0,0.0,0.0,0.0,,,,,,,,,,,,,,,,,,,0.0,0.26,0.0,0.0,0.0,0.0,,,,,,,,,,,,,,,,,,,0.0,0.26,0.0,0.0,0.0,0.0
Brajan Gruda,MID,Brighton,5.4,0.0002314236255750877,0.0002314236255750877,0.15500081579376732,0.0,0.13514804442760786,0.0,0.5393743257820928,0.25549310168625444,0.2838812240958383,Man Utd,H,0.00020571560229414037,0.0002314236255750877,0.9259259259259258,,,,,,0.27210884353741494,0.3901808785529716,0.0560799555802332,,,,,,1.3190629173120991,2.016778900415178,,,0.7796239224582298,0.0,0.0,0.0,4.789949696238931,0.0,,,,,,,,,,,,,,0.27210884353741494,0.3901808785529716,0.0560799555802332,,,0.0,0.13514804442760786,0.0,0.0,0.0,0.0,,,,,,,,,,,,,,,,,,,0.0,0.13514804442760786,0.0,0.0,0.0,0.0,,,,,,,,,,,,,,,,,,,0.0,0.13514804442760786,0.0,0.0,0.0,0.0,,,,,,,,,,,,,,,,,,,0.0,0.13514804442760786,0.0,0.0,0.0,0.0,,,,,,,,,,,,,,,,,,,0.0,0.13514804442760786,0.0,0.0,0.0,0.0
Carlos Baleba,MID,Brighton,4.5,0.0002314236255750877,0.0002314236255750877,0.15500081579376732,0.0,0.3775564517213661,1.0,0.5393743257820928,0.25549310168625444,0.2838812240958383,Man Utd,H,0.00020571560229414037,0.0002314236255750877,0.9259259259259258,0.11204481792717086,0.009429514380009428,0.0,,0.26308866087871613,0.27210884353741494,0.3901808785529716,0.0560799555802332,,,0.5066960888964207,,1.236595240567685,1.3190629173120991,2.016778900415178,,,0.7796239224582298,3.3715047476373323,0.058265534673925326,3.488035816985183,4.789949696238931,1.0,,,,,,,,,,,,,,0.27210884353741494,0.3901808785529716,0.0560799555802332,,,0.0,0.3775564517213661,3.027221746980147,0.050167309932467014,3.127556366845081,1.0,,,,,,,,,,,,,,,,,,,0.0,0.3775564517213661,2.755112903442732,0.04376676571477994,2.842646434872292,1.0,,,,,,,,,,,,,,,,,,,0.0,0.3775564517213661,2.755112903442732,0.04376676571477994,2.842646434872292,1.0,,,,,,,,,,,,,,,,,,,0.0,0.3775564517213661,2.755112903442732,0.04376676571477994,2.842646434872292,1.0,,,,,,,,,,,,,,,,,,,0.0,0.3775564517213661,2.755112903442732,0.04376676571477994,2.842646434872292,14.105868746445921
Diego Gomez,MID,Brighton,4.9,0.0002314236255750877,0.0002314236255750877,0.15500081579376732,0.0,0.26794249453351915,1.0,0.5393743257820928,0.25549310168625444,0.2838812240958383,Man Utd,H,0.00020571560229414037,0.0002314236255750877,0.9259259259259258,0.33068783068783064,0.07936507936507936,0.01,,0.26455026455026454,0.27210884353741494,0.3901808785529716,0.0560799555802332,,,1.4954572068123526,,1.2434652141263942,1.3190629173120991,2.016778900415178,,,0.7796239224582298,4.643708118318738,0.08819030235909336,4.820088723036925,4.789949696238931,1.0,,,,,,,,,,,,,,0.27210884353741494,0.3901808785529716,0.0560799555802332,,,0.0,0.26794249453351915,2.807993832604453,0.04501063093052195,2.898015094465497,1.0,,,,,,,,,,,,,,,,,,,0.0,0.26794249453351915,2.5358849890670383,0.038610086712834876,2.613105162492708,1.0,,,,,,,,,,,,,,,,,,,0.0,0.26794249453351915,2.5358849890670383,0.038610086712834876,2.613105162492708,1.0,,,,,,,,,,,,,,,,,,,0.0,0.26794249453351915,2.5358849890670383,0.038610086712834876,2.613105162492708,1.0,,,,,,,,,,,,,,,,,,,0.0,0.26794249453351915,2.5358849890670383,0.038610086712834876,2.613105162492708,14.60009600831218
Georginio Rutter,MID,Brighton,5.6,0.0002314236255750877,0.0002314236255750877,0.15500081579376732,0.0,0.07829020354481742,0.0,0.5393743257820928,0.25549310168625444,0.2838812240958383,Man Utd,H,0.00020571560229414037,0.0002314236255750877,0.9259259259259258,0.31746031746031744,0.07326007326007326,0.01,,0.18140589569160995,0.27210884353741494,0.3901808785529716,0.0560799555802332,,,1.4356389185398588,,0.8526618611152417,1.3190629173120991,2.016778900415178,,,0.7796239224582298,0.0,0.0,0.0,4.789949696238931,0.0,,,,,,,,,,,,,,0.27210884353741494,0.3901808785529716,0.0560799555802332,,,0.0,0.07829020354481742,0.0,0.0,0.0,0.0,,,,,,,,,,,,,,,,,,,0.0,0.07829020354481742,0.0,0.0,0.0,0.0,,,,,,,,,,,,,,,,,,,0.0,0.07829020354481742,0.0,0.0,0.0,0.0,,,,,,,,,,,,,,,,,,,0.0,0.07829020354481742,0.0,0.0,0.0,0.0,,,,,,,,,,,,,,,,,,,0.0,0.07829020354481742,0.0,0.0,0.0,0.0
Harry Howell,MID,Brighton,4.5,0.0002314236255750877,0.0002314236255750877,0.15500081579376732,0.0,0.26,0.0,0.5393743257820928,0.25549310168625444,0.2838812240958383,Man Utd,H,0.00020571560229414037,0.0002314236255750877,0.9259259259259258,0.26455026455026454,0.05602240896358543,0.0,,0.22148394241417496,0.27210884353741494,0.3901808785529716,0.0560799555802332,,,1.1963657654498823,,1.0410406443848883,1.3190629173120991,2.016778900415178,,,0.7796239224582298,0.0,0.0,0.0,4.789949696238931,0.0,,,,,,,,,,,,,,0.27210884353741494,0.3901808785529716,0.0560799555802332,,,0.0,0.26,0.0,0.0,0.0,0.0,,,,,,,,,,,,,,,,,,,0.0,0.26,0.0,0.0,0.0,0.0,,,,,,,,,,,,,,,,,,,0.0,0.26,0.0,0.0,0.0,0.0,,,,,,,,,,,,,,,,,,,0.0,0.26,0.0,0.0,0.0,0.0,,,,,,,,,,,,,,,,,,,0.0,0.26,0.0,0.0,0.0,0.0
Jack Hinshelwood,MID,Brighton,5.1,0.0002314236255750877,0.0002314236255750877,0.15500081579376732,0.0,0.21811610752925636,1.0,0.5393743257820928,0.25549310168625444,0.2838812240958383,Man Utd,H,0.00020571560229414037,0.0002314236255750877,0.9259259259259258,0.25396825396825395,0.05012531328320802,0.0,,0.2140181915462814,0.27210884353741494,0.3901808785529716,0.0560799555802332,,,1.148511134831887,,1.005949386708993,1.3190629173120991,2.016778900415178,,,0.7796239224582298,4.014790703306955,0.0733969069231862,4.161584517153328,4.789949696238931,1.0,,,,,,,,,,,,,,0.27210884353741494,0.3901808785529716,0.0560799555802332,,,0.0,0.21811610752925636,2.7083410585959276,0.04266659838029341,2.7936742553565144,1.0,,,,,,,,,,,,,,,,,,,0.0,0.21811610752925636,2.4362322150585127,0.03626605416260634,2.5087643233837253,1.0,,,,,,,,,,,,,,,,,,,0.0,0.21811610752925636,2.4362322150585127,0.03626605416260634,2.5087643233837253,1.0,,,,,,,,,,,,,,,,,,,0.0,0.21811610752925636,2.4362322150585127,0.03626605416260634,2.5087643233837253,1.0,,,,,,,,,,,,,,,,,,,0.0,0.21811610752925636,2.4362322150585127,0.03626605416260634,2.5087643233837253,13.560747739680794
James Milner,MID,Brighton,4.9,0.0002314236255750877,0.0002314236255750877,0.15500081579376732,0.0,0.2838545830986763,0.0,0.5393743257820928,0.25549310168625444,0.2838812240958383,Man Utd,H,0.00020571560229414037,0.0002314236255750877,0.9259259259259258,0.11904761904761904,0.009429514380009428,0.0,,0.21893814997263275,0.27210884353741494,0.3901808785529716,0.0560799555802332,,,0.538364594452447,,1.0290746599666714,1.3190629173120991,2.016778900415178,,,0.7796239224582298,0.0,0.0,0.0,4.789949696238931,0.0,,,,,,,,,,,,,,0.27210884353741494,0.3901808785529716,0.0560799555802332,,,0.0,0.2838545830986763,0.0,0.0,0.0,0.0,,,,,,,,,,,,,,,,,,,0.0,0.2838545830986763,0.0,0.0,0.0,0.0,,,,,,,,,,,,,,,,,,,0.0,0.2838545830986763,0.0,0.0,0.0,0.0,,,,,,,,,,,,,,,,,,,0.0,0.2838545830986763,0.0,0.0,0.0,0.0,,,,,,,,,,,,,,,,,,,0.0,0.2838545830986763,0.0,0.0,0.0,0.0
Jeremy Sarmiento Morante,MID,Brighton,4.9,0.0002314236255750877,0.0002314236255750877,0.15500081579376732,0.0,0.26,0.0,0.5393743257820928,0.25549310168625444,0.2838812240958383,Man Utd,H,0.00020571560229414037,0.0002314236255750877,0.9259259259259258,,,,,,0.27210884353741494,0.3901808785529716,0.0560799555802332,,,,,,1.3190629173120991,2.016778900415178,,,0.7796239224582298,0.0,0.0,0.0,4.789949696238931,0.0,,,,,,,,,,,,,,0.27210884353741494,0.3901808785529716,0.0560799555802332,,,0.0,0.26,0.0,0.0,0.0,0.0,,,,,,,,,,,,,,,,,,,0.0,0.26,0.0,0.0,0.0,0.0,,,,,,,,,,,,,,,,,,,0.0,0.26,0.0,0.0,0.0,0.0,,,,,,,,,,,,,,,,,,,0.0,0.26,0.0,0.0,0.0,0.0,,,,,,,,,,,,,,,,,,,0.0,0.26,0.0,0.0,0.0,0.0
Joe Knight,MID,Brighton,4.4,0.0002314236255750877,0.0002314236255750877,0.15500081579376732,0.0,0.26,0.0,0.5393743257820928,0.25549310168625444,0.2838812240958383,Man Utd,H,0.00020571560229414037,0.0002314236255750877,0.9259259259259258,,,,,,0.27210884353741494,0.3901808785529716,0.0560799555802332,,,,,,1.3190629173120991,2.016778900415178,,,0.7796239224582298,0.0,0.0,0.0,4.789949696238931,0.0,,,,,,,,,,,,,,0.27210884353741494,0.3901808785529716,0.0560799555802332,,,0.0,0.26,0.0,0.0,0.0,0.0,,,,,,,,,,,,,,,,,,,0.0,0.26,0.0,0.0,0.0,0.0,,,,,,,,,,,,,,,,,,,0.0,0.26,0.0,0.0,0.0,0.0,,,,,,,,,,,,,,,,,,,0.0,0.26,0.0,0.0,0.0,0.0,,,,,,,,,,,,,,,,,,,0.0,0.26,0.0,0.0,0.0,0.0
Julio Enciso Espínola,MID,Brighton,5.4,0.0002314236255750877,0.0002314236255750877,0.15500081579376732,0.0,0.26,0.0,0.5393743257820928,0.25549310168625444,0.2838812240958383,Man Utd,H,0.00020571560229414037,0.0002314236255750877,0.9259259259259258,,,,,,0.27210884353741494,0.3901808785529716,0.0560799555802332,,,,,,1.3190629173120991,2.016778900415178,,,0.7796239224582298,0.0,0.0,0.0,4.789949696238931,0.0,,,,,,,,,,,,,,0.27210884353741494,0.3901808785529716,0.0560799555802332,,,0.0,0.26,0.0,0.0,0.0,0.0,,,,,,,,,,,,,,,,,,,0.0,0.26,0.0,0.0,0.0,0.0,,,,,,,,,,,,,,,,,,,0.0,0.26,0.0,0.0,0.0,0.0,,,,,,,,,,,,,,,,,,,0.0,0.26,0.0,0.0,0.0,0.0,,,,,,,,,,,,,,,,,,,0.0,0.26,0.0,0.0,0.0,0.0
Kaoru Mitoma,MID,Brighton,6.1,0.0002314236255750877,0.0002314236255750877,0.15500081579376732,0.0,0.05020624699305143,0.0,0.5393743257820928,0.25549310168625444,0.2838812240958383,Man Utd,H,0.00020571560229414037,0.0002314236255750877,0.9259259259259258,,,,,,0.27210884353741494,0.3901808785529716,0.0560799555802332,,,,,,1.3190629173120991,2.016778900415178,,,0.7796239224582298,0.0,0.0,0.0,4.789949696238931,0.0,,,,,,,,,,,,,,0.27210884353741494,0.3901808785529716,0.0560799555802332,,,0.0,0.05020624699305143,0.0,0.0,0.0,0.0,,,,,,,,,,,,,,,,,,,0.0,0.05020624699305143,0.0,0.0,0.0,0.0,,,,,,,,,,,,,,,,,,,0.0,0.05020624699305143,0.0,0.0,0.0,0.0,,,,,,,,,,,,,,,,,,,0.0,0.05020624699305143,0.0,0.0,0.0,0.0,,,,,,,,,,,,,,,,,,,0.0,0.05020624699305143,0.0,0.0,0.0,0.0
Malick Yalcouyé,MID,Brighton,5.0,0.0002314236255750877,0.0002314236255750877,0.15500081579376732,0.0,0.26,0.0,0.5393743257820928,0.25549310168625444,0.2838812240958383,Man Utd,H,0.00020571560229414037,0.0002314236255750877,0.9259259259259258,,,,,,0.27210884353741494,0.3901808785529716,0.0560799555802332,,,,,,1.3190629173120991,2.016778900415178,,,0.7796239224582298,0.0,0.0,0.0,4.789949696238931,0.0,,,,,,,,,,,,,,0.27210884353741494,0.3901808785529716,0.0560799555802332,,,0.0,0.26,0.0,0.0,0.0,0.0,,,,,,,,,,,,,,,,,,,0.0,0.26,0.0,0.0,0.0,0.0,,,,,,,,,,,,,,,,,,,0.0,0.26,0.0,0.0,0.0,0.0,,,,,,,,,,,,,,,,,,,0.0,0.26,0.0,0.0,0.0,0.0,,,,,,,,,,,,,,,,,,,0.0,0.26,0.0,0.0,0.0,0.0
Mats Wieffer,MID,Brighton,4.9,0.0002314236255750877,0.0002314236255750877,0.15500081579376732,0.0,0.6872588080679001,0.0,0.5393743257820928,0.25549310168625444,0.2838812240958383,Man Utd,H,0.00020571560229414037,0.0002314236255750877,0.9259259259259258,0.14652014652014653,0.0156128024980484,0.0,,0.2994908655286013,0.27210884353741494,0.3901808785529716,0.0560799555802332,,,0.6626025777876272,,1.407696468822333,1.3190629173120991,2.016778900415178,,,0.7796239224582298,0.0,0.0,0.0,4.789949696238931,0.0,,,,,,,,,,,,,,0.27210884353741494,0.3901808785529716,0.0560799555802332,,,0.0,0.6872588080679001,0.0,0.0,0.0,0.0,,,,,,,,,,,,,,,,,,,0.0,0.6872588080679001,0.0,0.0,0.0,0.0,,,,,,,,,,,,,,,,,,,0.0,0.6872588080679001,0.0,0.0,0.0,0.0,,,,,,,,,,,,,,,,,,,0.0,0.6872588080679001,0.0,0.0,0.0,0.0,,,,,,,,,,,,,,,,,,,0.0,0.6872588080679001,0.0,0.0,0.0,0.0
Matt O'Riley,MID,Brighton,5.5,0.0002314236255750877,0.0002314236255750877,0.15500081579376732,0.0,0.26,0.0,0.5393743257820928,0.25549310168625444,0.2838812240958383,Man Utd,H,0.00020571560229414037,0.0002314236255750877,0.9259259259259258,0.2801120448179272,0.06349206349206349,0.0,,0.16142050040355124,0.27210884353741494,0.3901808785529716,0.0560799555802332,,,1.266740222241052,,0.7587245374330541,1.3190629173120991,2.016778900415178,,,0.7796239224582298,0.0,0.0,0.0,4.789949696238931,0.0,,,,,,,,,,,,,,0.27210884353741494,0.3901808785529716,0.0560799555802332,,,0.0,0.26,0.0,0.0,0.0,0.0,,,,,,,,,,,,,,,,,,,0.0,0.26,0.0,0.0,0.0,0.0,,,,,,,,,,,,,,,,,,,0.0,0.26,0.0,0.0,0.0,0.0,,,,,,,,,,,,,,,,,,,0.0,0.26,0.0,0.0,0.0,0.0,,,,,,,,,,,,,,,,,,,0.0,0.26,0.0,0.0,0.0,0.0
Nehemiah Oriola,MID,Brighton,4.5,0.0002314236255750877,0.0002314236255750877,0.15500081579376732,0.0,0.26,0.0,0.5393743257820928,0.25549310168625444,0.2838812240958383,Man Utd,H,0.00020571560229414037,0.0002314236255750877,0.9259259259259258,,,,,,0.27210884353741494,0.3901808785529716,0.0560799555802332,,,,,,1.3190629173120991,2.016778900415178,,,0.7796239224582298,0.0,0.0,0.0,4.789949696238931,0.0,,,,,,,,,,,,,,0.27210884353741494,0.3901808785529716,0.0560799555802332,,,0.0,0.26,0.0,0.0,0.0,0.0,,,,,,,,,,,,,,,,,,,0.0,0.26,0.0,0.0,0.0,0.0,,,,,,,,,,,,,,,,,,,0.0,0.26,0.0,0.0,0.0,0.0,,,,,,,,,,,,,,,,,,,0.0,0.26,0.0,0.0,0.0,0.0,,,,,,,,,,,,,,,,,,,0.0,0.26,0.0,0.0,0.0,0.0
Pascal Gross,MID,Brighton,5.5,0.0002314236255750877,0.0002314236255750877,0.15500081579376732,0.0,0.23022828862728983,1.0,0.5393743257820928,0.25549310168625444,0.2838812240958383,Man Utd,H,0.00020571560229414037,0.0002314236255750877,0.9259259259259258,0.21164021164021163,0.03072196620583717,0.0,,0.21645021645021642,0.27210884353741494,0.3901808785529716,0.0560799555802332,,,0.9570926123599058,,1.0173806297397772,1.3190629173120991,2.016778900415178,,,0.7796239224582298,3.727926093572022,0.06664927757300111,3.8612246487180246,4.789949696238931,1.0,,,,,,,,,,,,,,0.27210884353741494,0.3901808785529716,0.0560799555802332,,,0.0,0.23022828862728983,2.7325654207919943,0.043236403827869294,2.8190382284477327,1.0,,,,,,,,,,,,,,,,,,,0.0,0.23022828862728983,2.46045657725458,0.03683585961018224,2.5341282964749445,1.0,,,,,,,,,,,,,,,,,,,0.0,0.23022828862728983,2.46045657725458,0.03683585961018224,2.5341282964749445,1.0,,,,,,,,,,,,,,,,,,,0.0,0.23022828862728983,2.46045657725458,0.03683585961018224,2.5341282964749445,1.0,,,,,,,,,,,,,,,,,,,0.0,0.23022828862728983,2.46045657725458,0.03683585961018224,2.5341282964749445,13.35296637302844
Solly March,MID,Brighton,5.8,0.0002314236255750877,0.0002314236255750877,0.15500081579376732,0.0,0.26,0.0,0.5393743257820928,0.25549310168625444,0.2838812240958383,Man Utd,H,0.00020571560229414037,0.0002314236255750877,0.9259259259259258,0.26455026455026454,0.05291005291005291,0.0,,0.14652014652014653,0.27210884353741494,0.3901808785529716,0.0560799555802332,,,1.1963657654498823,,0.6886884262853877,1.3190629173120991,2.016778900415178,,,0.7796239224582298,0.0,0.0,0.0,4.789949696238931,0.0,,,,,,,,,,,,,,0.27210884353741494,0.3901808785529716,0.0560799555802332,,,0.0,0.26,0.0,0.0,0.0,0.0,,,,,,,,,,,,,,,,,,,0.0,0.26,0.0,0.0,0.0,0.0,,,,,,,,,,,,,,,,,,,0.0,0.26,0.0,0.0,0.0,0.0,,,,,,,,,,,,,,,,,,,0.0,0.26,0.0,0.0,0.0,0.0,,,,,,,,,,,,,,,,,,,0.0,0.26,0.0,0.0,0.0,0.0
Tom Watson,MID,Brighton,4.8,0.0002314236255750877,0.0002314236255750877,0.15500081579376732,0.0,0.26,0.0,0.5393743257820928,0.25549310168625444,0.2838812240958383,Man Utd,H,0.00020571560229414037,0.0002314236255750877,0.9259259259259258,,,,,,0.27210884353741494,0.3901808785529716,0.0560799555802332,,,,,,1.3190629173120991,2.016778900415178,,,0.7796239224582298,0.0,0.0,0.0,4.789949696238931,0.0,,,,,,,,,,,,,,0.27210884353741494,0.3901808785529716,0.0560799555802332,,,0.0,0.26,0.0,0.0,0.0,0.0,,,,,,,,,,,,,,,,,,,0.0,0.26,0.0,0.0,0.0,0.0,,,,,,,,,,,,,,,,,,,0.0,0.26,0.0,0.0,0.0,0.0,,,,,,,,,,,,,,,,,,,0.0,0.26,0.0,0.0,0.0,0.0,,,,,,,,,,,,,,,,,,,0.0,0.26,0.0,0.0,0.0,0.0
Yankuba Minteh,MID,Brighton,5.6,0.0002314236255750877,0.0002314236255750877,0.15500081579376732,0.0,0.11141305962652259,1.0,0.5393743257820928,0.25549310168625444,0.2838812240958383,Man Utd,H,0.00020571560229414037,0.0002314236255750877,0.9259259259259258,0.27210884353741494,0.05602240896358543,0.0,,0.19240019240019238,0.27210884353741494,0.3901808785529716,0.0560799555802332,,,1.230547644462736,,0.9043383375464685,1.3190629173120991,2.016778900415178,,,0.7796239224582298,3.9431910328952697,0.07171273947576254,4.0866165118467945,4.789949696238931,1.0,,,,,,,,,,,,,,0.27210884353741494,0.3901808785529716,0.0560799555802332,,,0.0,0.11141305962652259,2.49493496279046,0.0376468601947572,2.5702286831799745,1.0,,,,,,,,,,,,,,,,,,,0.0,0.11141305962652259,2.222826119253045,0.031246315977070133,2.2853187512071855,1.0,,,,,,,,,,,,,,,,,,,0.0,0.11141305962652259,2.222826119253045,0.031246315977070133,2.2853187512071855,1.0,,,,,,,,,,,,,,,,,,,0.0,0.11141305962652259,2.222826119253045,0.031246315977070133,2.2853187512071855,1.0,,,,,,,,,,,,,,,,,,,0.0,0.11141305962652259,2.222826119253045,0.031246315977070133,2.2853187512071855,12.67020339592989
Yasin Ayari,MID,Brighton,4.8,0.0002314236255750877,0.0002314236255750877,0.15500081579376732,0.0,0.3685431660015108,0.0,0.5393743257820928,0.25549310168625444,0.2838812240958383,Man Utd,H,0.00020571560229414037,0.0002314236255750877,0.9259259259259258,0.22675736961451246,0.041407867494824016,0.0,,0.22408963585434172,0.27210884353741494,0.3901808785529716,0.0560799555802332,,,1.0254563703856134,,1.0532881813776516,1.3190629173120991,2.016778900415178,,,0.7796239224582298,0.0,0.0,0.0,4.789949696238931,0.0,,,,,,,,,,,,,,0.27210884353741494,0.3901808785529716,0.0560799555802332,,,0.0,0.3685431660015108,0.0,0.0,0.0,0.0,,,,,,,,,,,,,,,,,,,0.0,0.3685431660015108,0.0,0.0,0.0,0.0,,,,,,,,,,,,,,,,,,,0.0,0.3685431660015108,0.0,0.0,0.0,0.0,,,,,,,,,,,,,,,,,,,0.0,0.3685431660015108,0.0,0.0,0.0,0.0,,,,,,,,,,,,,,,,,,,0.0,0.3685431660015108,0.0,0.0,0.0,0.0
Charalampos Kostoulas,FWD,Brighton,4.8,0.0002314236255750877,0.0002314236255750877,0.15500081579376732,0.0,0.0,0.0,0.5393743257820928,0.25549310168625444,0.2838812240958383,Man Utd,H,0.00020571560229414037,0.0002314236255750877,0.9259259259259258,0.4140786749482402,0.11904761904761904,0.01,,0.18674136321195145,0.27210884353741494,0.3901808785529716,0.0560799555802332,,,1.0044697809235579,,1.0986265501202468,1.3265436979892884,2.0406674132825224,,,0.7751763001019426,0.0,0.0,0.0,4.770951260651581,0.0,,,,,,,,,,,,,,0.27210884353741494,0.3901808785529716,0.0560799555802332,,,0.0,0.0,0.0,0.0,0.0,0.0,,,,,,,,,,,,,,,,,,,0.0,0.0,0.0,0.0,0.0,0.0,,,,,,,,,,,,,,,,,,,0.0,0.0,0.0,0.0,0.0,0.0,,,,,,,,,,,,,,,,,,,0.0,0.0,0.0,0.0,0.0,0.0,,,,,,,,,,,,,,,,,,,0.0,0.0,0.0,0.0,0.0,0.0
Danny Welbeck,FWD,Brighton,6.1,0.0002314236255750877,0.0002314236255750877,0.15500081579376732,0.0,0.0,1.0,0.5393743257820928,0.25549310168625444,0.2838812240958383,Man Utd,H,0.00020571560229414037,0.0002314236255750877,0.9259259259259258,0.49862877088007973,0.17316017316017315,0.01,,0.17969451931716082,0.27210884353741494,0.3901808785529716,0.0560799555802332,,,1.2095709403791532,,1.0571689444553316,1.3265436979892884,2.0406674132825224,,,0.7751763001019426,4.547461256843851,0.08592638368348107,4.719314024210814,4.770951260651581,1.0,,,,,,,,,,,,,,0.27210884353741494,0.3901808785529716,0.0560799555802332,,,0.0,0.0,2.0,0.026005000000000004,2.05201,1.0,,,,,,,,,,,,,,,,,,,0.0,0.0,2.0,0.026005000000000004,2.05201,1.0,,,,,,,,,,,,,,,,,,,0.0,0.0,2.0,0.026005000000000004,2.05201,1.0,,,,,,,,,,,,,,,,,,,0.0,0.0,2.0,0.026005000000000004,2.05201,1.0,,,,,,,,,,,,,,,,,,,0.0,0.0,2.0,0.026005000000000004,2.05201,12.209150524210813
Evan Ferguson,FWD,Brighton,5.5,0.0002314236255750877,0.0002314236255750877,0.15500081579376732,0.0,0.0,0.0,0.5393743257820928,0.25549310168625444,0.2838812240958383,Man Utd,H,0.00020571560229414037,0.0002314236255750877,0.9259259259259258,,,,,,0.27210884353741494,0.3901808785529716,0.0560799555802332,,,,,,1.3265436979892884,2.0406674132825224,,,0.7751763001019426,0.0,0.0,0.0,4.770951260651581,0.0,,,,,,,,,,,,,,0.27210884353741494,0.3901808785529716,0.0560799555802332,,,0.0,0.0,0.0,0.0,0.0,0.0,,,,,,,,,,,,,,,,,,,0.0,0.0,0.0,0.0,0.0,0.0,,,,,,,,,,,,,,,,,,,0.0,0.0,0.0,0.0,0.0,0.0,,,,,,,,,,,,,,,,,,,0.0,0.0,0.0,0.0,0.0,0.0,,,,,,,,,,,,,,,,,,,0.0,0.0,0.0,0.0,0.0,0.0
Stefanos Tzimas,FWD,Brighton,5.2,0.0002314236255750877,0.0002314236255750877,0.15500081579376732,0.0,0.0,0.0,0.5393743257820928,0.25549310168625444,0.2838812240958383,Man Utd,H,0.00020571560229414037,0.0002314236255750877,0.9259259259259258,,,,,,0.27210884353741494,0.3901808785529716,0.0560799555802332,,,,,,1.3265436979892884,2.0406674132825224,,,0.7751763001019426,0.0,0.0,0.0,4.770951260651581,0.0,,,,,,,,,,,,,,0.27210884353741494,0.3901808785529716,0.0560799555802332,,,0.0,0.0,0.0,0.0,0.0,0.0,,,,,,,,,,,,,,,,,,,0.0,0.0,0.0,0.0,0.0,0.0,,,,,,,,,,,,,,,,,,,0.0,0.0,0.0,0.0,0.0,0.0,,,,,,,,,,,,,,,,,,,0.0,0.0,0.0,0.0,0.0,0.0,,,,,,,,,,,,,,,,,,,0.0,0.0,0.0,0.0,0.0,0.0
Etienne Green,GK,Burnley,4.0,0.0002314236255750877,0.9259259259259258,0.0002314236255750877,0.0,0.0,0.0,0.42211903756859437,0.3382835492709989,0.08383548829759546,Wolves,H,0.0002314236255750877,0.9259259259259258,0.0002314236255750877,,,,,,0.26021337496747327,0.40731070496083555,0.06082289803220036,0.5878894767783656,0.11904761904761904,,,,1.1351549657429707,1.327330530436322,1.1010492819179407,1.2066339403156383,0.8806933387620993,0.0,0.0,0.0,2.9326310576356427,0.0,,,,,,,,,,,,,,0.26021337496747327,0.40731070496083555,0.06082289803220036,,,0.0,0.0,0.0,0.0,0.0,0.0,,,,,,,,,,,,,,,,,,,0.0,0.0,0.0,0.0,0.0,0.0,,,,,,,,,,,,,,,,,,,0.0,0.0,0.0,0.0,0.0,0.0,,,,,,,,,,,,,,,,,,,0.0,0.0,0.0,0.0,0.0,0.0,,,,,,,,,,,,,,,,,,,0.0,0.0,0.0,0.0,0.0,0.0
Martin Dubravka,GK,Burnley,4.0,0.0002314236255750877,0.9259259259259258,0.0002314236255750877,0.0,0.0,1.0,0.42211903756859437,0.3382835492709989,0.08383548829759546,Wolves,H,0.0002314236255750877,0.9259259259259258,0.0002314236255750877,,,,,,0.26021337496747327,0.40731070496083555,0.06082289803220036,0.5878894767783656,0.11904761904761904,,,,1.1351549657429707,1.327330530436322,1.1010492819179407,1.2066339403156383,0.8806933387620993,2.811523389709806,0.04509365317275406,2.9017106960553143,2.9326310576356427,1.0,,,,,,,,,,,,,,0.26021337496747327,0.40731070496083555,0.06082289803220036,,,0.0,0.0,2.1045862938838216,0.028465078804735252,2.161516451493292,1.0,,,,,,,,,,,,,,,,,,,0.0,0.0,2.0,0.026005000000000004,2.05201,1.0,,,,,,,,,,,,,,,,,,,0.0,0.0,2.0,0.026005000000000004,2.05201,1.0,,,,,,,,,,,,,,,,,,,0.0,0.0,2.0,0.026005000000000004,2.05201,1.0,,,,,,,,,,,,,,,,,,,0.0,0.0,2.0,0.026005000000000004,2.05201,10.484627679824612
Max Weiss,GK,Burnley,4.3,0.0002314236255750877,0.9259259259259258,0.0002314236255750877,0.0,0.0,0.0,0.42211903756859437,0.3382835492709989,0.08383548829759546,Wolves,H,0.0002314236255750877,0.9259259259259258,0.0002314236255750877,,,,,,0.26021337496747327,0.40731070496083555,0.06082289803220036,0.5878894767783656,0.11904761904761904,,,,1.1351549657429707,1.327330530436322,1.1010492819179407,1.2066339403156383,0.8806933387620993,0.0,0.0,0.0,2.9326310576356427,0.0,,,,,,,,,,,,,,0.26021337496747327,0.40731070496083555,0.06082289803220036,,,0.0,0.0,0.0,0.0,0.0,0.0,,,,,,,,,,,,,,,,,,,0.0,0.0,0.0,0.0,0.0,0.0,,,,,,,,,,,,,,,,,,,0.0,0.0,0.0,0.0,0.0,0.0,,,,,,,,,,,,,,,,,,,0.0,0.0,0.0,0.0,0.0,0.0,,,,,,,,,,,,,,,,,,,0.0,0.0,0.0,0.0,0.0,0.0
Václav Hladký,GK,Burnley,3.9,0.0002314236255750877,0.9259259259259258,0.0002314236255750877,0.0,0.0,0.0,0.42211903756859437,0.3382835492709989,0.08383548829759546,Wolves,H,0.0002314236255750877,0.9259259259259258,0.0002314236255750877,,,,,,0.26021337496747327,0.40731070496083555,0.06082289803220036,0.5878894767783656,0.11904761904761904,,,,1.1351549657429707,1.327330530436322,1.1010492819179407,1.2066339403156383,0.8806933387620993,0.0,0.0,0.0,2.9326310576356427,0.0,,,,,,,,,,,,,,0.26021337496747327,0.40731070496083555,0.06082289803220036,,,0.0,0.0,0.0,0.0,0.0,0.0,,,,,,,,,,,,,,,,,,,0.0,0.0,0.0,0.0,0.0,0.0,,,,,,,,,,,,,,,,,,,0.0,0.0,0.0,0.0,0.0,0.0,,,,,,,,,,,,,,,,,,,0.0,0.0,0.0,0.0,0.0,0.0,,,,,,,,,,,,,,,,,,,0.0,0.0,0.0,0.0,0.0,0.0
Axel Tuanzebe,DEF,Burnley,3.9,0.0002314236255750877,0.9259259259259258,0.0002314236255750877,0.4422768527646813,0.0,1.0,0.42211903756859437,0.3382835492709989,0.08383548829759546,Wolves,H,0.0002314236255750877,0.9259259259259258,0.0002314236255750877,0.06349206349206349,0.004738213693437574,0.0,0.11904761904761904,0.16006402561024408,0.26021337496747327,0.40731070496083555,0.06082289803220036,,,0.7521058336031606,0.8159623953507331,0.7019239413753783,1.136165291435446,1.3267057261851138,,,0.8798602961482402,3.5956004940588038,0.06353671482125119,3.722673923701306,3.836286547389328,1.0,,,,,,,,,,,,,,0.26021337496747327,0.40731070496083555,0.06082289803220036,,,0.4422768527646813,0.0,2.989139999413184,0.04927155106619692,3.087683101545578,1.0,,,,,,,,,,,,,,,,,,,0.4422768527646813,0.0,2.8845537055293624,0.046811472261461665,2.9781766500522857,1.0,,,,,,,,,,,,,,,,,,,0.4422768527646813,0.0,2.8845537055293624,0.046811472261461665,2.9781766500522857,1.0,,,,,,,,,,,,,,,,,,,0.4422768527646813,0.0,2.8845537055293624,0.046811472261461665,2.9781766500522857,1.0,,,,,,,,,,,,,,,,,,,0.4422768527646813,0.0,2.8845537055293624,0.046811472261461665,2.9781766500522857,14.686099180161445
Bashir Humphreys,DEF,Burnley,3.9,0.0002314236255750877,0.9259259259259258,0.0002314236255750877,0.3600542394639452,0.0,0.0,0.42211903756859437,0.3382835492709989,0.08383548829759546,Wolves,H,0.0002314236255750877,0.9259259259259258,0.0002314236255750877,0.08658008658008658,0.004738213693437574,0.0,0.19047619047619047,0.19636720667648502,0.26021337496747327,0.40731070496083555,0.06082289803220036,,,1.0255988640043099,1.305539832561173,0.8611231858110312,1.136165291435446,1.3267057261851138,,,0.8798602961482402,0.0,0.0,0.0,3.836286547389328,0.0,,,,,,,,,,,,,,0.26021337496747327,0.40731070496083555,0.06082289803220036,,,0.3600542394639452,0.0,0.0,0.0,0.0,0.0,,,,,,,,,,,,,,,,,,,0.3600542394639452,0.0,0.0,0.0,0.0,0.0,,,,,,,,,,,,,,,,,,,0.3600542394639452,0.0,0.0,0.0,0.0,0.0,,,,,,,,,,,,,,,,,,,0.3600542394639452,0.0,0.0,0.0,0.0,0.0,,,,,,,,,,,,,,,,,,,0.3600542394639452,0.0,0.0,0.0,0.0,0.0
Connor Roberts,DEF,Burnley,4.4,0.0002314236255750877,0.9259259259259258,0.0002314236255750877,0.44,0.0,0.0,0.42211903756859437,0.3382835492709989,0.08383548829759546,Wolves,H,0.0002314236255750877,0.9259259259259258,0.0002314236255750877,0.09523809523809523,0.00630715862503942,0.0,0.21164021164021163,0.1747487986020096,0.26021337496747327,0.40731070496083555,0.06082289803220036,,,1.128158750404741,1.4505998139568588,0.766320633244679,1.136165291435446,1.3267057261851138,,,0.8798602961482402,0.0,0.0,0.0,3.836286547389328,0.0,,,,,,,,,,,,,,0.26021337496747327,0.40731070496083555,0.06082289803220036,,,0.44,0.0,0.0,0.0,0.0,0.0,,,,,,,,,,,,,,,,,,,0.44,0.0,0.0,0.0,0.0,0.0,,,,,,,,,,,,,,,,,,,0.44,0.0,0.0,0.0,0.0,0.0,,,,,,,,,,,,,,,,,,,0.44,0.0,0.0,0.0,0.0,0.0,,,,,,,,,,,,,,,,,,,0.44,0.0,0.0,0.0,0.0,0.0
Hannes Delcroix,DEF,Burnley,3.8,0.0002314236255750877,0.9259259259259258,0.0002314236255750877,0.44,0.0,0.0,0.42211903756859437,0.3382835492709989,0.08383548829759546,Wolves,H,0.0002314236255750877,0.9259259259259258,0.0002314236255750877,,,,,,0.26021337496747327,0.40731070496083555,0.06082289803220036,,,,,,1.136165291435446,1.3267057261851138,,,0.8798602961482402,0.0,0.0,0.0,3.836286547389328,0.0,,,,,,,,,,,,,,0.26021337496747327,0.40731070496083555,0.06082289803220036,,,0.44,0.0,0.0,0.0,0.0,0.0,,,,,,,,,,,,,,,,,,,0.44,0.0,0.0,0.0,0.0,0.0,,,,,,,,,,,,,,,,,,,0.44,0.0,0.0,0.0,0.0,0.0,,,,,,,,,,,,,,,,,,,0.44,0.0,0.0,0.0,0.0,0.0,,,,,,,,,,,,,,,,,,,0.44,0.0,0.0,0.0,0.0,0.0
Hjalmar Ekdal,DEF,Burnley,3.9,0.0002314236255750877,0.9259259259259258,0.0002314236255750877,0.5074738911960185,0.0,0.0,0.42211903756859437,0.3382835492709989,0.08383548829759546,Wolves,H,0.0002314236255750877,0.9259259259259258,0.0002314236255750877,0.07936507936507936,0.004738213693437574,0.0,0.09523809523809523,0.17006802721088435,0.26021337496747327,0.40731070496083555,0.06082289803220036,,,0.9401322920039508,0.6527699162805864,0.7457941877113394,1.136165291435446,1.3267057261851138,,,0.8798602961482402,0.0,0.0,0.0,3.836286547389328,0.0,,,,,,,,,,,,,,0.26021337496747327,0.40731070496083555,0.06082289803220036,,,0.5074738911960185,0.0,0.0,0.0,0.0,0.0,,,,,,,,,,,,,,,,,,,0.5074738911960185,0.0,0.0,0.0,0.0,0.0,,,,,,,,,,,,,,,,,,,0.5074738911960185,0.0,0.0,0.0,0.0,0.0,,,,,,,,,,,,,,,,,,,0.5074738911960185,0.0,0.0,0.0,0.0,0.0,,,,,,,,,,,,,,,,,,,0.5074738911960185,0.0,0.0,0.0,0.0,0.0
Joe Worrall,DEF,Burnley,3.8,0.0002314236255750877,0.9259259259259258,0.0002314236255750877,0.44,0.0,0.0,0.42211903756859437,0.3382835492709989,0.08383548829759546,Wolves,H,0.0002314236255750877,0.9259259259259258,0.0002314236255750877,0.06349206349206349,0.004738213693437574,0.0,0.10025062656641603,0.20481310803891445,0.26021337496747327,0.40731070496083555,0.06082289803220036,,,0.7521058336031606,0.6871262276637752,0.8981607421900001,1.136165291435446,1.3267057261851138,,,0.8798602961482402,0.0,0.0,0.0,3.836286547389328,0.0,,,,,,,,,,,,,,0.26021337496747327,0.40731070496083555,0.06082289803220036,,,0.44,0.0,0.0,0.0,0.0,0.0,,,,,,,,,,,,,,,,,,,0.44,0.0,0.0,0.0,0.0,0.0,,,,,,,,,,,,,,,,,,,0.44,0.0,0.0,0.0,0.0,0.0,,,,,,,,,,,,,,,,,,,0.44,0.0,0.0,0.0,0.0,0.0,,,,,,,,,,,,,,,,,,,0.44,0.0,0.0,0.0,0.0,0.0
Jordan Beyer,DEF,Burnley,3.9,0.0002314236255750877,0.9259259259259258,0.0002314236255750877,0.44,0.0,0.0,0.42211903756859437,0.3382835492709989,0.08383548829759546,Wolves,H,0.0002314236255750877,0.9259259259259258,0.0002314236255750877,,,,,,0.26021337496747327,0.40731070496083555,0.06082289803220036,,,,,,1.136165291435446,1.3267057261851138,,,0.8798602961482402,0.0,0.0,0.0,3.836286547389328,0.0,,,,,,,,,,,,,,0.26021337496747327,0.40731070496083555,0.06082289803220036,,,0.44,0.0,0.0,0.0,0.0,0.0,,,,,,,,,,,,,,,,,,,0.44,0.0,0.0,0.0,0.0,0.0,,,,,,,,,,,,,,,,,,,0.44,0.0,0.0,0.0,0.0,0.0,,,,,,,,,,,,,,,,,,,0.44,0.0,0.0,0.0,0.0,0.0,,,,,,,,,,,,,,,,,,,0.44,0.0,0.0,0.0,0.0,0.0
Kyle Walker,DEF,Burnley,4.4,0.0002314236255750877,0.9259259259259258,0.0002314236255750877,0.17685932377979885,0.0,1.0,0.42211903756859437,0.3382835492709989,0.08383548829759546,Wolves,H,0.0002314236255750877,0.9259259259259258,0.0002314236255750877,0.07326007326007326,0.004738213693437574,0.0,0.21164021164021163,0.24673081667900323,0.26021337496747327,0.40731070496083555,0.06082289803220036,,,0.8678144233882623,1.4505998139568588,1.081981204969819,1.136165291435446,1.3267057261851138,,,0.8798602961482402,3.314484481406115,0.05692430397163464,3.4283330893493846,3.836286547389328,1.0,,,,,,,,,,,,,,0.26021337496747327,0.40731070496083555,0.06082289803220036,,,0.17685932377979885,0.0,2.4583049414434193,0.03678524883263211,2.5318754391086835,1.0,,,,,,,,,,,,,,,,,,,0.17685932377979885,0.0,2.3537186475595977,0.03432517002789687,2.4223689876153913,1.0,,,,,,,,,,,,,,,,,,,0.17685932377979885,0.0,2.3537186475595977,0.03432517002789687,2.4223689876153913,1.0,,,,,,,,,,,,,,,,,,,0.17685932377979885,0.0,2.3537186475595977,0.03432517002789687,2.4223689876153913,1.0,,,,,,,,,,,,,,,,,,,0.17685932377979885,0.0,2.3537186475595977,0.03432517002789687,2.4223689876153913,12.363060377914863
Lucas Pires,DEF,Burnley,3.8,0.0002314236255750877,0.9259259259259258,0.0002314236255750877,0.19828159531801792,0.0,1.0,0.42211903756859437,0.3382835492709989,0.08383548829759546,Wolves,H,0.0002314236255750877,0.9259259259259258,0.0002314236255750877,0.09523809523809523,0.00630715862503942,0.0,0.22675736961451246,0.19047619047619047,0.26021337496747327,0.40731070496083555,0.06082289803220036,,,1.128158750404741,1.5542140863823486,0.8352894902367002,1.136165291435446,1.3267057261851138,,,0.8798602961482402,3.6002169260660124,0.06364530253492474,3.727507531135862,3.836286547389328,1.0,,,,,,,,,,,,,,0.26021337496747327,0.40731070496083555,0.06082289803220036,,,0.19828159531801792,0.0,2.5011494845198574,0.03779303817487609,2.5767355608696096,1.0,,,,,,,,,,,,,,,,,,,0.19828159531801792,0.0,2.396563190636036,0.035332959370140846,2.4672291093763175,1.0,,,,,,,,,,,,,,,,,,,0.19828159531801792,0.0,2.396563190636036,0.035332959370140846,2.4672291093763175,1.0,,,,,,,,,,,,,,,,,,,0.19828159531801792,0.0,2.396563190636036,0.035332959370140846,2.4672291093763175,1.0,,,,,,,,,,,,,,,,,,,0.19828159531801792,0.0,2.396563190636036,0.035332959370140846,2.4672291093763175,12.825974264128718
Maxime Esteve,DEF,Burnley,3.9,0.0002314236255750877,0.9259259259259258,0.0002314236255750877,0.500934290200771,0.0,1.0,0.42211903756859437,0.3382835492709989,0.08383548829759546,Wolves,H,0.0002314236255750877,0.9259259259259258,0.0002314236255750877,0.08658008658008658,0.004738213693437574,0.0,0.11204481792717086,0.1443001443001443,0.26021337496747327,0.40731070496083555,0.06082289803220036,,,1.0255988640043099,0.7679646073889252,0.6327950683611365,1.136165291435446,1.3267057261851138,,,0.8798602961482402,3.8461989854078764,0.06943129253476407,3.9850615704774044,3.836286547389328,1.0,,,,,,,,,,,,,,0.26021337496747327,0.40731070496083555,0.06082289803220036,,,0.500934290200771,0.0,3.1064548742853635,0.052031031552940324,3.2105169373912443,1.0,,,,,,,,,,,,,,,,,,,0.500934290200771,0.0,3.001868580401542,0.04957095274820507,3.101010485897952,1.0,,,,,,,,,,,,,,,,,,,0.500934290200771,0.0,3.001868580401542,0.04957095274820507,3.101010485897952,1.0,,,,,,,,,,,,,,,,,,,0.500934290200771,0.0,3.001868580401542,0.04957095274820507,3.101010485897952,1.0,,,,,,,,,,,,,,,,,,,0.500934290200771,0.0,3.001868580401542,0.04957095274820507,3.101010485897952,15.396830327774225
Oliver Sonne,DEF,Burnley,3.8,0.0002314236255750877,0.9259259259259258,0.0002314236255750877,0.44,0.0,0.0,0.42211903756859437,0.3382835492709989,0.08383548829759546,Wolves,H,0.0002314236255750877,0.9259259259259258,0.0002314236255750877,,,,,,0.26021337496747327,0.40731070496083555,0.06082289803220036,,,,,,1.136165291435446,1.3267057261851138,,,0.8798602961482402,0.0,0.0,0.0,3.836286547389328,0.0,,,,,,,,,,,,,,0.26021337496747327,0.40731070496083555,0.06082289803220036,,,0.44,0.0,0.0,0.0,0.0,0.0,,,,,,,,,,,,,,,,,,,0.44,0.0,0.0,0.0,0.0,0.0,,,,,,,,,,,,,,,,,,,0.44,0.0,0.0,0.0,0.0,0.0,,,,,,,,,,,,,,,,,,,0.44,0.0,0.0,0.0,0.0,0.0,,,,,,,,,,,,,,,,,,,0.44,0.0,0.0,0.0,0.0,0.0
Owen Dodgson,DEF,Burnley,4.0,0.0002314236255750877,0.9259259259259258,0.0002314236255750877,0.44,0.0,0.0,0.42211903756859437,0.3382835492709989,0.08383548829759546,Wolves,H,0.0002314236255750877,0.9259259259259258,0.0002314236255750877,,,,,,0.26021337496747327,0.40731070496083555,0.06082289803220036,,,,,,1.136165291435446,1.3267057261851138,,,0.8798602961482402,0.0,0.0,0.0,3.836286547389328,0.0,,,,,,,,,,,,,,0.26021337496747327,0.40731070496083555,0.06082289803220036,,,0.44,0.0,0.0,0.0,0.0,0.0,,,,,,,,,,,,,,,,,,,0.44,0.0,0.0,0.0,0.0,0.0,,,,,,,,,,,,,,,,,,,0.44,0.0,0.0,0.0,0.0,0.0,,,,,,,,,,,,,,,,,,,0.44,0.0,0.0,0.0,0.0,0.0,,,,,,,,,,,,,,,,,,,0.44,0.0,0.0,0.0,0.0,0.0
Quilindschy Hartman,DEF,Burnley,4.0,0.0002314236255750877,0.9259259259259258,0.0002314236255750877,0.2411599767221242,0.0,0.0,0.42211903756859437,0.3382835492709989,0.08383548829759546,Wolves,H,0.0002314236255750877,0.9259259259259258,0.0002314236255750877,0.09523809523809523,0.005411255411255411,0.0,0.29304029304029305,0.1747487986020096,0.26021337496747327,0.40731070496083555,0.06082289803220036,,,1.128158750404741,2.0085228193248814,0.766320633244679,1.136165291435446,1.3267057261851138,,,0.8798602961482402,0.0,0.0,0.0,3.836286547389328,0.0,,,,,,,,,,,,,,0.26021337496747327,0.40731070496083555,0.06082289803220036,,,0.2411599767221242,0.0,0.0,0.0,0.0,0.0,,,,,,,,,,,,,,,,,,,0.2411599767221242,0.0,0.0,0.0,0.0,0.0,,,,,,,,,,,,,,,,,,,0.2411599767221242,0.0,0.0,0.0,0.0,0.0,,,,,,,,,,,,,,,,,,,0.2411599767221242,0.0,0.0,0.0,0.0,0.0,,,,,,,,,,,,,,,,,,,0.2411599767221242,0.0,0.0,0.0,0.0,0.0
Shurandy Sambo,DEF,Burnley,4.0,0.0002314236255750877,0.9259259259259258,0.0002314236255750877,0.44,0.0,0.0,0.42211903756859437,0.3382835492709989,0.08383548829759546,Wolves,H,0.0002314236255750877,0.9259259259259258,0.0002314236255750877,,,,,,0.26021337496747327,0.40731070496083555,0.06082289803220036,,,,,,1.136165291435446,1.3267057261851138,,,0.8798602961482402,0.0,0.0,0.0,3.836286547389328,0.0,,,,,,,,,,,,,,0.26021337496747327,0.40731070496083555,0.06082289803220036,,,0.44,0.0,0.0,0.0,0.0,0.0,,,,,,,,,,,,,,,,,,,0.44,0.0,0.0,0.0,0.0,0.0,,,,,,,,,,,,,,,,,,,0.44,0.0,0.0,0.0,0.0,0.0,,,,,,,,,,,,,,,,,,,0.44,0.0,0.0,0.0,0.0,0.0,,,,,,,,,,,,,,,,,,,0.44,0.0,0.0,0.0,0.0,0.0
Aaron Ramsey,MID,Burnley,4.4,0.0002314236255750877,0.9259259259259258,0.0002314236255750877,0.0,0.26,0.0,0.42211903756859437,0.3382835492709989,0.08383548829759546,Wolves,H,0.0002314236255750877,0.9259259259259258,0.0002314236255750877,,,,,,0.26021337496747327,0.40731070496083555,0.06082289803220036,,,,,,1.133283532145642,1.3241072788072246,,,0.8826640354721407,0.0,0.0,0.0,4.450890147538173,0.0,,,,,,,,,,,,,,0.26021337496747327,0.40731070496083555,0.06082289803220036,,,0.0,0.26,0.0,0.0,0.0,0.0,,,,,,,,,,,,,,,,,,,0.0,0.26,0.0,0.0,0.0,0.0,,,,,,,,,,,,,,,,,,,0.0,0.26,0.0,0.0,0.0,0.0,,,,,,,,,,,,,,,,,,,0.0,0.26,0.0,0.0,0.0,0.0,,,,,,,,,,,,,,,,,,,0.0,0.26,0.0,0.0,0.0,0.0
Darko Churlinov,MID,Burnley,4.9,0.0002314236255750877,0.9259259259259258,0.0002314236255750877,0.0,0.26,0.0,0.42211903756859437,0.3382835492709989,0.08383548829759546,Wolves,H,0.0002314236255750877,0.9259259259259258,0.0002314236255750877,,,,,,0.26021337496747327,0.40731070496083555,0.06082289803220036,,,,,,1.133283532145642,1.3241072788072246,,,0.8826640354721407,0.0,0.0,0.0,4.450890147538173,0.0,,,,,,,,,,,,,,0.26021337496747327,0.40731070496083555,0.06082289803220036,,,0.0,0.26,0.0,0.0,0.0,0.0,,,,,,,,,,,,,,,,,,,0.0,0.26,0.0,0.0,0.0,0.0,,,,,,,,,,,,,,,,,,,0.0,0.26,0.0,0.0,0.0,0.0,,,,,,,,,,,,,,,,,,,0.0,0.26,0.0,0.0,0.0,0.0,,,,,,,,,,,,,,,,,,,0.0,0.26,0.0,0.0,0.0,0.0
Enock Agyei,MID,Burnley,4.7,0.0002314236255750877,0.9259259259259258,0.0002314236255750877,0.0,0.26,0.0,0.42211903756859437,0.3382835492709989,0.08383548829759546,Wolves,H,0.0002314236255750877,0.9259259259259258,0.0002314236255750877,,,,,,0.26021337496747327,0.40731070496083555,0.06082289803220036,,,,,,1.133283532145642,1.3241072788072246,,,0.8826640354721407,0.0,0.0,0.0,4.450890147538173,0.0,,,,,,,,,,,,,,0.26021337496747327,0.40731070496083555,0.06082289803220036,,,0.0,0.26,0.0,0.0,0.0,0.0,,,,,,,,,,,,,,,,,,,0.0,0.26,0.0,0.0,0.0,0.0,,,,,,,,,,,,,,,,,,,0.0,0.26,0.0,0.0,0.0,0.0,,,,,,,,,,,,,,,,,,,0.0,0.26,0.0,0.0,0.0,0.0,,,,,,,,,,,,,,,,,,,0.0,0.26,0.0,0.0,0.0,0.0
Florentino,MID,Burnley,5.0,0.0002314236255750877,0.9259259259259258,0.0002314236255750877,0.0,0.6395075690491646,1.0,0.42211903756859437,0.3382835492709989,0.08383548829759546,Wolves,H,0.0002314236255750877,0.9259259259259258,0.0002314236255750877,0.09523809523809523,0.00630715862503942,0.0,0.25396825396825395,0.24673081667900323,0.26021337496747327,0.40731070496083555,0.06082289803220036,,,0.5138198085306319,1.1527954932517759,1.0800768473563227,1.133283532145642,1.3241072788072246,,,0.8826640354721407,4.562128727607234,0.08627139193077737,4.73467151146879,4.450890147538173,1.0,,,,,,,,,,,,,,0.26021337496747327,0.40731070496083555,0.06082289803220036,,,0.0,0.6395075690491646,3.5392285130658028,0.06221073308433382,3.6636499792344703,1.0,,,,,,,,,,,,,,,,,,,0.0,0.6395075690491646,3.2790151380983295,0.0560899940783489,3.391195126255027,1.0,,,,,,,,,,,,,,,,,,,0.0,0.6395075690491646,3.2790151380983295,0.0560899940783489,3.391195126255027,1.0,,,,,,,,,,,,,,,,,,,0.0,0.6395075690491646,3.2790151380983295,0.0560899940783489,3.391195126255027,1.0,,,,,,,,,,,,,,,,,,,0.0,0.6395075690491646,3.2790151380983295,0.0560899940783489,3.391195126255027,17.34412034733216
George Brierley,MID,Burnley,4.5,0.0002314236255750877,0.9259259259259258,0.0002314236255750877,0.0,0.26,0.0,0.42211903756859437,0.3382835492709989,0.08383548829759546,Wolves,H,0.0002314236255750877,0.9259259259259258,0.0002314236255750877,,,,,,0.26021337496747327,0.40731070496083555,0.06082289803220036,,,,,,1.133283532145642,1.3241072788072246,,,0.8826640354721407,0.0,0.0,0.0,4.450890147538173,0.0,,,,,,,,,,,,,,0.26021337496747327,0.40731070496083555,0.06082289803220036,,,0.0,0.26,0.0,0.0,0.0,0.0,,,,,,,,,,,,,,,,,,,0.0,0.26,0.0,0.0,0.0,0.0,,,,,,,,,,,,,,,,,,,0.0,0.26,0.0,0.0,0.0,0.0,,,,,,,,,,,,,,,,,,,0.0,0.26,0.0,0.0,0.0,0.0,,,,,,,,,,,,,,,,,,,0.0,0.26,0.0,0.0,0.0,0.0
Hannibal Mejbri,MID,Burnley,4.7,0.0002314236255750877,0.9259259259259258,0.0002314236255750877,0.0,0.19766254312269238,1.0,0.42211903756859437,0.3382835492709989,0.08383548829759546,Wolves,H,0.0002314236255750877,0.9259259259259258,0.0002314236255750877,0.17316017316017315,0.020703933747412008,0.0,0.2801120448179272,0.29214139643587494,0.26021337496747327,0.40731070496083555,0.06082289803220036,,,0.9342178336920581,1.2714656175571057,1.2788639971765046,1.133283532145642,1.3241072788072246,,,0.8826640354721407,4.173053733768691,0.07711956992570715,4.327292873620105,4.450890147538173,1.0,,,,,,,,,,,,,,0.26021337496747327,0.40731070496083555,0.06082289803220036,,,0.0,0.19766254312269238,2.655538461212858,0.04142457568464886,2.738387612582156,1.0,,,,,,,,,,,,,,,,,,,0.0,0.19766254312269238,2.3953250862453848,0.03530383667866395,2.4659327596027127,1.0,,,,,,,,,,,,,,,,,,,0.0,0.19766254312269238,2.3953250862453848,0.03530383667866395,2.4659327596027127,1.0,,,,,,,,,,,,,,,,,,,0.0,0.19766254312269238,2.3953250862453848,0.03530383667866395,2.4659327596027127,1.0,,,,,,,,,,,,,,,,,,,0.0,0.19766254312269238,2.3953250862453848,0.03530383667866395,2.4659327596027127,13.559534071202533
Jacob Bruun Larsen,MID,Burnley,5.3,0.0002314236255750877,0.9259259259259258,0.0002314236255750877,0.0,0.07221049616292474,0.0,0.42211903756859437,0.3382835492709989,0.08383548829759546,Wolves,H,0.0002314236255750877,0.9259259259259258,0.0002314236255750877,0.27210884353741494,0.05602240896358543,0.0,0.25396825396825395,0.11074197120708748,0.26021337496747327,0.40731070496083555,0.06082289803220036,,,1.4680565958018055,1.1527954932517759,0.48477867799946567,1.133283532145642,1.3241072788072246,,,0.8826640354721407,0.0,0.0,0.0,4.450890147538173,0.0,,,,,,,,,,,,,,0.26021337496747327,0.40731070496083555,0.06082289803220036,,,0.0,0.07221049616292474,0.0,0.0,0.0,0.0,,,,,,,,,,,,,,,,,,,0.0,0.07221049616292474,0.0,0.0,0.0,0.0,,,,,,,,,,,,,,,,,,,0.0,0.07221049616292474,0.0,0.0,0.0,0.0,,,,,,,,,,,,,,,,,,,0.0,0.07221049616292474,0.0,0.0,0.0,0.0,,,,,,,,,,,,,,,,,,,0.0,0.07221049616292474,0.0,0.0,0.0,0.0
Jaidon Anthony,MID,Burnley,5.0,0.0002314236255750877,0.9259259259259258,0.0002314236255750877,0.0,0.19046324655722124,1.0,0.42211903756859437,0.3382835492709989,0.08383548829759546,Wolves,H,0.0002314236255750877,0.9259259259259258,0.0002314236255750877,0.2886002886002886,0.06802721088435373,0.0,0.21994941163532386,0.13605442176870747,0.26021337496747327,0.40731070496083555,0.06082289803220036,,,1.5570297228200969,0.9983794687515379,0.595585232970772,1.133283532145642,1.3241072788072246,,,0.8826640354721407,4.948071178642391,0.09534953026402633,5.1387702391704435,4.450890147538173,1.0,,,,,,,,,,,,,,0.26021337496747327,0.40731070496083555,0.06082289803220036,,,0.0,0.19046324655722124,2.6411398680819156,0.04108589197702282,2.723311652035961,1.0,,,,,,,,,,,,,,,,,,,0.0,0.19046324655722124,2.3809264931144423,0.034965152971037916,2.450856799056518,1.0,,,,,,,,,,,,,,,,,,,0.0,0.19046324655722124,2.3809264931144423,0.034965152971037916,2.450856799056518,1.0,,,,,,,,,,,,,,,,,,,0.0,0.19046324655722124,2.3809264931144423,0.034965152971037916,2.450856799056518,1.0,,,,,,,,,,,,,,,,,,,0.0,0.19046324655722124,2.3809264931144423,0.034965152971037916,2.450856799056518,14.315984180759262
James Ward-Prowse,MID,Burnley,5.6,0.0002314236255750877,0.9259259259259258,0.0002314236255750877,0.0,0.04592542198093419,0.0,0.42211903756859437,0.3382835492709989,0.08383548829759546,Wolves,H,0.0002314236255750877,0.9259259259259258,0.0002314236255750877,0.15873015873015872,0.0156128024980484,0.0,0.29304029304029305,0.156128024980484,0.26021337496747327,0.40731070496083555,0.06082289803220036,,,0.8563663475510532,1.3301486460597414,0.6834584640648206,1.133283532145642,1.3241072788072246,,,0.8826640354721407,0.0,0.0,0.0,4.450890147538173,0.0,,,,,,,,,,,,,,0.26021337496747327,0.40731070496083555,0.06082289803220036,,,0.0,0.04592542198093419,0.0,0.0,0.0,0.0,,,,,,,,,,,,,,,,,,,0.0,0.04592542198093419,0.0,0.0,0.0,0.0,,,,,,,,,,,,,,,,,,,0.0,0.04592542198093419,0.0,0.0,0.0,0.0,,,,,,,,,,,,,,,,,,,0.0,0.04592542198093419,0.0,0.0,0.0,0.0,,,,,,,,,,,,,,,,,,,0.0,0.04592542198093419,0.0,0.0,0.0,0.0
Jaydon Banel,MID,Burnley,4.5,0.0002314236255750877,0.9259259259259258,0.0002314236255750877,0.0,0.26,0.0,0.42211903756859437,0.3382835492709989,0.08383548829759546,Wolves,H,0.0002314236255750877,0.9259259259259258,0.0002314236255750877,,,,,,0.26021337496747327,0.40731070496083555,0.06082289803220036,,,,,,1.133283532145642,1.3241072788072246,,,0.8826640354721407,0.0,0.0,0.0,4.450890147538173,0.0,,,,,,,,,,,,,,0.26021337496747327,0.40731070496083555,0.06082289803220036,,,0.0,0.26,0.0,0.0,0.0,0.0,,,,,,,,,,,,,,,,,,,0.0,0.26,0.0,0.0,0.0,0.0,,,,,,,,,,,,,,,,,,,0.0,0.26,0.0,0.0,0.0,0.0,,,,,,,,,,,,,,,,,,,0.0,0.26,0.0,0.0,0.0,0.0,,,,,,,,,,,,,,,,,,,0.0,0.26,0.0,0.0,0.0,0.0
Josh Cullen,MID,Burnley,4.9,0.0002314236255750877,0.9259259259259258,0.0002314236255750877,0.0,0.34195153398988354,0.0,0.42211903756859437,0.3382835492709989,0.08383548829759546,Wolves,H,0.0002314236255750877,0.9259259259259258,0.0002314236255750877,,,,,,0.26021337496747327,0.40731070496083555,0.06082289803220036,,,,,,1.133283532145642,1.3241072788072246,,,0.8826640354721407,0.0,0.0,0.0,4.450890147538173,0.0,,,,,,,,,,,,,,0.26021337496747327,0.40731070496083555,0.06082289803220036,,,0.0,0.34195153398988354,0.0,0.0,0.0,0.0,,,,,,,,,,,,,,,,,,,0.0,0.34195153398988354,0.0,0.0,0.0,0.0,,,,,,,,,,,,,,,,,,,0.0,0.34195153398988354,0.0,0.0,0.0,0.0,,,,,,,,,,,,,,,,,,,0.0,0.34195153398988354,0.0,0.0,0.0,0.0,,,,,,,,,,,,,,,,,,,0.0,0.34195153398988354,0.0,0.0,0.0,0.0
Josh Laurent,MID,Burnley,4.8,0.0002314236255750877,0.9259259259259258,0.0002314236255750877,0.0,0.3118984869972815,0.0,0.42211903756859437,0.3382835492709989,0.08383548829759546,Wolves,H,0.0002314236255750877,0.9259259259259258,0.0002314236255750877,0.12698412698412698,0.010465724751439037,0.0,0.19047619047619047,0.20481310803891445,0.26021337496747327,0.40731070496083555,0.06082289803220036,,,0.6850930780408426,0.8645966199388319,0.8965799206011622,1.133283532145642,1.3241072788072246,,,0.8826640354721407,0.0,0.0,0.0,4.450890147538173,0.0,,,,,,,,,,,,,,0.26021337496747327,0.40731070496083555,0.06082289803220036,,,0.0,0.3118984869972815,0.0,0.0,0.0,0.0,,,,,,,,,,,,,,,,,,,0.0,0.3118984869972815,0.0,0.0,0.0,0.0,,,,,,,,,,,,,,,,,,,0.0,0.3118984869972815,0.0,0.0,0.0,0.0,,,,,,,,,,,,,,,,,,,0.0,0.3118984869972815,0.0,0.0,0.0,0.0,,,,,,,,,,,,,,,,,,,0.0,0.3118984869972815,0.0,0.0,0.0,0.0
Lesley Ugochukwu,MID,Burnley,5.0,0.0002314236255750877,0.9259259259259258,0.0002314236255750877,0.0,0.24122081038592624,1.0,0.42211903756859437,0.3382835492709989,0.08383548829759546,Wolves,H,0.0002314236255750877,0.9259259259259258,0.0002314236255750877,0.19047619047619047,0.026455026455026454,0.0,0.21164021164021163,0.21893814997263275,0.26021337496747327,0.40731070496083555,0.06082289803220036,,,1.0276396170612638,0.9606629110431465,0.9584130185736565,1.133283532145642,1.3241072788072246,,,0.8826640354721407,4.2432935653434125,0.07877175124400775,4.400837067831428,4.450890147538173,1.0,,,,,,,,,,,,,,0.26021337496747327,0.40731070496083555,0.06082289803220036,,,0.0,0.24122081038592624,2.7426549957393256,0.04347373080978041,2.8296024573588863,1.0,,,,,,,,,,,,,,,,,,,0.0,0.24122081038592624,2.4824416207718523,0.03735299180379552,2.5571476043794434,1.0,,,,,,,,,,,,,,,,,,,0.0,0.24122081038592624,2.4824416207718523,0.03735299180379552,2.5571476043794434,1.0,,,,,,,,,,,,,,,,,,,0.0,0.24122081038592624,2.4824416207718523,0.03735299180379552,2.5571476043794434,1.0,,,,,,,,,,,,,,,,,,,0.0,0.24122081038592624,2.4824416207718523,0.03735299180379552,2.5571476043794434,13.966012448848922
Loum Tchaouna,MID,Burnley,4.9,0.0002314236255750877,0.9259259259259258,0.0002314236255750877,0.0,0.058596313040485626,1.0,0.42211903756859437,0.3382835492709989,0.08383548829759546,Wolves,H,0.0002314236255750877,0.9259259259259258,0.0002314236255750877,0.25396825396825395,0.047619047619047616,0.0,0.25396825396825395,0.16006402561024408,0.26021337496747327,0.40731070496083555,0.06082289803220036,,,1.3701861560816853,1.1527954932517759,0.7006885093773789,1.133283532145642,1.3241072788072246,,,0.8826640354721407,4.48718324527947,0.08450852429546371,4.6562002938703975,4.450890147538173,1.0,,,,,,,,,,,,,,0.26021337496747327,0.40731070496083555,0.06082289803220036,,,0.0,0.058596313040485626,2.3774060010484446,0.034882343956661524,2.4471706889617675,1.0,,,,,,,,,,,,,,,,,,,0.0,0.058596313040485626,2.1171926260809713,0.028761604950676607,2.1747158359823247,1.0,,,,,,,,,,,,,,,,,,,0.0,0.058596313040485626,2.1171926260809713,0.028761604950676607,2.1747158359823247,1.0,,,,,,,,,,,,,,,,,,,0.0,0.058596313040485626,2.1171926260809713,0.028761604950676607,2.1747158359823247,1.0,,,,,,,,,,,,,,,,,,,0.0,0.058596313040485626,2.1171926260809713,0.028761604950676607,2.1747158359823247,12.825499720238406
Luca Koleosho,MID,Burnley,5.0,0.0002314236255750877,0.9259259259259258,0.0002314236255750877,0.0,0.26,0.0,0.42211903756859437,0.3382835492709989,0.08383548829759546,Wolves,H,0.0002314236255750877,0.9259259259259258,0.0002314236255750877,,,,,,0.26021337496747327,0.40731070496083555,0.06082289803220036,,,,,,1.133283532145642,1.3241072788072246,,,0.8826640354721407,0.0,0.0,0.0,4.450890147538173,0.0,,,,,,,,,,,,,,0.26021337496747327,0.40731070496083555,0.06082289803220036,,,0.0,0.26,0.0,0.0,0.0,0.0,,,,,,,,,,,,,,,,,,,0.0,0.26,0.0,0.0,0.0,0.0,,,,,,,,,,,,,,,,,,,0.0,0.26,0.0,0.0,0.0,0.0,,,,,,,,,,,,,,,,,,,0.0,0.26,0.0,0.0,0.0,0.0,,,,,,,,,,,,,,,,,,,0.0,0.26,0.0,0.0,0.0,0.0
Manuel Benson Hedilazio,MID,Burnley,5.4,0.0002314236255750877,0.9259259259259258,0.0002314236255750877,0.0,0.26,0.0,0.42211903756859437,0.3382835492709989,0.08383548829759546,Wolves,H,0.0002314236255750877,0.9259259259259258,0.0002314236255750877,,,,,,0.26021337496747327,0.40731070496083555,0.06082289803220036,,,,,,1.133283532145642,1.3241072788072246,,,0.8826640354721407,0.0,0.0,0.0,4.450890147538173,0.0,,,,,,,,,,,,,,0.26021337496747327,0.40731070496083555,0.06082289803220036,,,0.0,0.26,0.0,0.0,0.0,0.0,,,,,,,,,,,,,,,,,,,0.0,0.26,0.0,0.0,0.0,0.0,,,,,,,,,,,,,,,,,,,0.0,0.26,0.0,0.0,0.0,0.0,,,,,,,,,,,,,,,,,,,0.0,0.26,0.0,0.0,0.0,0.0,,,,,,,,,,,,,,,,,,,0.0,0.26,0.0,0.0,0.0,0.0
Marcus Edwards,MID,Burnley,4.7,0.0002314236255750877,0.9259259259259258,0.0002314236255750877,0.0,0.04731852819297688,0.0,0.42211903756859437,0.3382835492709989,0.08383548829759546,Wolves,H,0.0002314236255750877,0.9259259259259258,0.0002314236255750877,0.26455026455026454,0.05012531328320802,0.0,0.3401360544217687,0.16142050040355124,0.26021337496747327,0.40731070496083555,0.06082289803220036,,,1.4272772459184222,1.543922535605057,0.7066265475924415,1.133283532145642,1.3241072788072246,,,0.8826640354721407,0.0,0.0,0.0,4.450890147538173,0.0,,,,,,,,,,,,,,0.26021337496747327,0.40731070496083555,0.06082289803220036,,,0.0,0.04731852819297688,0.0,0.0,0.0,0.0,,,,,,,,,,,,,,,,,,,0.0,0.04731852819297688,0.0,0.0,0.0,0.0,,,,,,,,,,,,,,,,,,,0.0,0.04731852819297688,0.0,0.0,0.0,0.0,,,,,,,,,,,,,,,,,,,0.0,0.04731852819297688,0.0,0.0,0.0,0.0,,,,,,,,,,,,,,,,,,,0.0,0.04731852819297688,0.0,0.0,0.0,0.0
Mike Trésor Ndayishimiye,MID,Burnley,4.4,0.0002314236255750877,0.9259259259259258,0.0002314236255750877,0.0,0.26,0.0,0.42211903756859437,0.3382835492709989,0.08383548829759546,Wolves,H,0.0002314236255750877,0.9259259259259258,0.0002314236255750877,,,,,,0.26021337496747327,0.40731070496083555,0.06082289803220036,,,,,,1.133283532145642,1.3241072788072246,,,0.8826640354721407,0.0,0.0,0.0,4.450890147538173,0.0,,,,,,,,,,,,,,0.26021337496747327,0.40731070496083555,0.06082289803220036,,,0.0,0.26,0.0,0.0,0.0,0.0,,,,,,,,,,,,,,,,,,,0.0,0.26,0.0,0.0,0.0,0.0,,,,,,,,,,,,,,,,,,,0.0,0.26,0.0,0.0,0.0,0.0,,,,,,,,,,,,,,,,,,,0.0,0.26,0.0,0.0,0.0,0.0,,,,,,,,,,,,,,,,,,,0.0,0.26,0.0,0.0,0.0,0.0
Oliver Pimlott,MID,Burnley,4.5,0.0002314236255750877,0.9259259259259258,0.0002314236255750877,0.0,0.26,0.0,0.42211903756859437,0.3382835492709989,0.08383548829759546,Wolves,H,0.0002314236255750877,0.9259259259259258,0.0002314236255750877,,,,,,0.26021337496747327,0.40731070496083555,0.06082289803220036,,,,,,1.133283532145642,1.3241072788072246,,,0.8826640354721407,0.0,0.0,0.0,4.450890147538173,0.0,,,,,,,,,,,,,,0.26021337496747327,0.40731070496083555,0.06082289803220036,,,0.0,0.26,0.0,0.0,0.0,0.0,,,,,,,,,,,,,,,,,,,0.0,0.26,0.0,0.0,0.0,0.0,,,,,,,,,,,,,,,,,,,0.0,0.26,0.0,0.0,0.0,0.0,,,,,,,,,,,,,,,,,,,0.0,0.26,0.0,0.0,0.0,0.0,,,,,,,,,,,,,,,,,,,0.0,0.26,0.0,0.0,0.0,0.0
Oluwaseun Adewumi,MID,Burnley,4.5,0.0002314236255750877,0.9259259259259258,0.0002314236255750877,0.0,0.26,0.0,0.42211903756859437,0.3382835492709989,0.08383548829759546,Wolves,H,0.0002314236255750877,0.9259259259259258,0.0002314236255750877,,,,,,0.26021337496747327,0.40731070496083555,0.06082289803220036,,,,,,1.133283532145642,1.3241072788072246,,,0.8826640354721407,0.0,0.0,0.0,4.450890147538173,0.0,,,,,,,,,,,,,,0.26021337496747327,0.40731070496083555,0.06082289803220036,,,0.0,0.26,0.0,0.0,0.0,0.0,,,,,,,,,,,,,,,,,,,0.0,0.26,0.0,0.0,0.0,0.0,,,,,,,,,,,,,,,,,,,0.0,0.26,0.0,0.0,0.0,0.0,,,,,,,,,,,,,,,,,,,0.0,0.26,0.0,0.0,0.0,0.0,,,,,,,,,,,,,,,,,,,0.0,0.26,0.0,0.0,0.0,0.0
Armando Broja,FWD,Burnley,5.2,0.0002314236255750877,0.9259259259259258,0.0002314236255750877,0.0,0.0,0.0,0.42211903756859437,0.3382835492709989,0.08383548829759546,Wolves,H,0.0002314236255750877,0.9259259259259258,0.0002314236255750877,0.33068783068783064,0.08658008658008658,0.01,0.21994941163532386,0.11757789535567313,0.26021337496747327,0.40731070496083555,0.06082289803220036,,,0.9341686137956579,1.0461984654589445,0.6507941815279524,1.1366757076814933,1.3216219135794172,,,0.8779584516918131,0.0,0.0,0.0,4.334685488011741,0.0,,,,,,,,,,,,,,0.26021337496747327,0.40731070496083555,0.06082289803220036,,,0.0,0.0,0.0,0.0,0.0,0.0,,,,,,,,,,,,,,,,,,,0.0,0.0,0.0,0.0,0.0,0.0,,,,,,,,,,,,,,,,,,,0.0,0.0,0.0,0.0,0.0,0.0,,,,,,,,,,,,,,,,,,,0.0,0.0,0.0,0.0,0.0,0.0,,,,,,,,,,,,,,,,,,,0.0,0.0,0.0,0.0,0.0,0.0
Ashley Barnes,FWD,Burnley,4.2,0.0002314236255750877,0.9259259259259258,0.0002314236255750877,0.0,0.0,0.0,0.42211903756859437,0.3382835492709989,0.08383548829759546,Wolves,H,0.0002314236255750877,0.9259259259259258,0.0002314236255750877,0.3463203463203463,0.09523809523809523,0.01,0.21994941163532386,0.20931449502878072,0.26021337496747327,0.40731070496083555,0.06082289803220036,,,0.9783293119023618,1.0461984654589445,1.158556674808003,1.1366757076814933,1.3216219135794172,,,0.8779584516918131,0.0,0.0,0.0,4.334685488011741,0.0,,,,,,,,,,,,,,0.26021337496747327,0.40731070496083555,0.06082289803220036,,,0.0,0.0,0.0,0.0,0.0,0.0,,,,,,,,,,,,,,,,,,,0.0,0.0,0.0,0.0,0.0,0.0,,,,,,,,,,,,,,,,,,,0.0,0.0,0.0,0.0,0.0,0.0,,,,,,,,,,,,,,,,,,,0.0,0.0,0.0,0.0,0.0,0.0,,,,,,,,,,,,,,,,,,,0.0,0.0,0.0,0.0,0.0,0.0
Lyle Foster,FWD,Burnley,4.9,0.0002314236255750877,0.9259259259259258,0.0002314236255750877,0.0,0.0,0.0,0.42211903756859437,0.3382835492709989,0.08383548829759546,Wolves,H,0.0002314236255750877,0.9259259259259258,0.0002314236255750877,0.3621220351258374,0.09523809523809523,0.01,0.23809523809523808,0.18492834026814609,0.26021337496747327,0.40731070496083555,0.06082289803220036,,,1.022967911684979,1.1325098388593073,1.0235791981313425,1.1366757076814933,1.3216219135794172,,,0.8779584516918131,0.0,0.0,0.0,4.334685488011741,0.0,,,,,,,,,,,,,,0.26021337496747327,0.40731070496083555,0.06082289803220036,,,0.0,0.0,0.0,0.0,0.0,0.0,,,,,,,,,,,,,,,,,,,0.0,0.0,0.0,0.0,0.0,0.0,,,,,,,,,,,,,,,,,,,0.0,0.0,0.0,0.0,0.0,0.0,,,,,,,,,,,,,,,,,,,0.0,0.0,0.0,0.0,0.0,0.0,,,,,,,,,,,,,,,,,,,0.0,0.0,0.0,0.0,0.0,0.0
Michael Obafemi,FWD,Burnley,4.4,0.0002314236255750877,0.9259259259259258,0.0002314236255750877,0.0,0.0,0.0,0.42211903756859437,0.3382835492709989,0.08383548829759546,Wolves,H,0.0002314236255750877,0.9259259259259258,0.0002314236255750877,,,,,,0.26021337496747327,0.40731070496083555,0.06082289803220036,,,,,,1.1366757076814933,1.3216219135794172,,,0.8779584516918131,0.0,0.0,0.0,4.334685488011741,0.0,,,,,,,,,,,,,,0.26021337496747327,0.40731070496083555,0.06082289803220036,,,0.0,0.0,0.0,0.0,0.0,0.0,,,,,,,,,,,,,,,,,,,0.0,0.0,0.0,0.0,0.0,0.0,,,,,,,,,,,,,,,,,,,0.0,0.0,0.0,0.0,0.0,0.0,,,,,,,,,,,,,,,,,,,0.0,0.0,0.0,0.0,0.0,0.0,,,,,,,,,,,,,,,,,,,0.0,0.0,0.0,0.0,0.0,0.0
Zeki Amdouni,FWD,Burnley,4.8,0.0002314236255750877,0.9259259259259258,0.0002314236255750877,0.0,0.0,0.0,0.42211903756859437,0.3382835492709989,0.08383548829759546,Wolves,H,0.0002314236255750877,0.9259259259259258,0.0002314236255750877,0.31746031746031744,0.07326007326007326,0.01,0.21994941163532386,0.1488095238095238,0.26021337496747327,0.40731070496083555,0.06082289803220036,,,0.8968018692438317,1.0461984654589445,0.8236613859963148,1.1366757076814933,1.3216219135794172,,,0.8779584516918131,0.0,0.0,0.0,4.334685488011741,0.0,,,,,,,,,,,,,,0.26021337496747327,0.40731070496083555,0.06082289803220036,,,0.0,0.0,0.0,0.0,0.0,0.0,,,,,,,,,,,,,,,,,,,0.0,0.0,0.0,0.0,0.0,0.0,,,,,,,,,,,,,,,,,,,0.0,0.0,0.0,0.0,0.0,0.0,,,,,,,,,,,,,,,,,,,0.0,0.0,0.0,0.0,0.0,0.0,,,,,,,,,,,,,,,,,,,0.0,0.0,0.0,0.0,0.0,0.0
Zian Flemming,FWD,Burnley,5.3,0.0002314236255750877,0.9259259259259258,0.0002314236255750877,0.0,0.0,1.0,0.42211903756859437,0.3382835492709989,0.08383548829759546,Wolves,H,0.0002314236255750877,0.9259259259259258,0.0002314236255750877,0.4140786749482402,0.12698412698412698,0.01,0.19047619047619047,0.20263424518743667,0.26021337496747327,0.40731070496083555,0.06082289803220036,,,1.169741568578911,0.9060078710874458,1.1215814617822157,1.1366757076814933,1.3216219135794172,,,0.8779584516918131,4.573045533970603,0.08652817705005654,4.746101888070716,4.334685488011741,1.0,,,,,,,,,,,,,,0.26021337496747327,0.40731070496083555,0.06082289803220036,,,0.0,0.0,2.0,0.026005000000000004,2.05201,1.0,,,,,,,,,,,,,,,,,,,0.0,0.0,2.0,0.026005000000000004,2.05201,1.0,,,,,,,,,,,,,,,,,,,0.0,0.0,2.0,0.026005000000000004,2.05201,1.0,,,,,,,,,,,,,,,,,,,0.0,0.0,2.0,0.026005000000000004,2.05201,1.0,,,,,,,,,,,,,,,,,,,0.0,0.0,2.0,0.026005000000000004,2.05201,12.235938388070714
Filip Jörgensen,GK,Chelsea,4.3,0.0002314236255750877,0.0002314236255750877,0.0002314236255750877,0.0,0.0,0.0,0.4854368932038835,0.27739251040221913,0.20804438280166437,Sunderland,A,0.0002314236255750877,0.0002314236255750877,0.0002314236255750877,,,,,,0.30921459492888065,0.3447432762836185,0.04695490469549047,0.5204267499349465,0.10025062656641603,,,,1.0808215035003303,1.3370642483127069,1.054199028348457,1.1197149093233998,0.9351784277833847,0.0,0.0,0.0,3.1382053840462754,0.0,,,,,,,,,,,,,,0.30921459492888065,0.3447432762836185,0.04695490469549047,,,0.0,0.0,0.0,0.0,0.0,0.0,,,,,,,,,,,,,,,,,,,0.0,0.0,0.0,0.0,0.0,0.0,,,,,,,,,,,,,,,,,,,0.0,0.0,0.0,0.0,0.0,0.0,,,,,,,,,,,,,,,,,,,0.0,0.0,0.0,0.0,0.0,0.0,,,,,,,,,,,,,,,,,,,0.0,0.0,0.0,0.0,0.0,0.0
Gabriel Słonina,GK,Chelsea,3.9,0.0002314236255750877,0.0002314236255750877,0.0002314236255750877,0.0,0.0,0.0,0.4854368932038835,0.27739251040221913,0.20804438280166437,Sunderland,A,0.0002314236255750877,0.0002314236255750877,0.0002314236255750877,,,,,,0.30921459492888065,0.3447432762836185,0.04695490469549047,0.5204267499349465,0.10025062656641603,,,,1.0808215035003303,1.3370642483127069,1.054199028348457,1.1197149093233998,0.9351784277833847,0.0,0.0,0.0,3.1382053840462754,0.0,,,,,,,,,,,,,,0.30921459492888065,0.3447432762836185,0.04695490469549047,,,0.0,0.0,0.0,0.0,0.0,0.0,,,,,,,,,,,,,,,,,,,0.0,0.0,0.0,0.0,0.0,0.0,,,,,,,,,,,,,,,,,,,0.0,0.0,0.0,0.0,0.0,0.0,,,,,,,,,,,,,,,,,,,0.0,0.0,0.0,0.0,0.0,0.0,,,,,,,,,,,,,,,,,,,0.0,0.0,0.0,0.0,0.0,0.0
Max Merrick,GK,Chelsea,4.0,0.0002314236255750877,0.0002314236255750877,0.0002314236255750877,0.0,0.0,0.0,0.4854368932038835,0.27739251040221913,0.20804438280166437,Sunderland,A,0.0002314236255750877,0.0002314236255750877,0.0002314236255750877,,,,,,0.30921459492888065,0.3447432762836185,0.04695490469549047,0.5204267499349465,0.10025062656641603,,,,1.0808215035003303,1.3370642483127069,1.054199028348457,1.1197149093233998,0.9351784277833847,0.0,0.0,0.0,3.1382053840462754,0.0,,,,,,,,,,,,,,0.30921459492888065,0.3447432762836185,0.04695490469549047,,,0.0,0.0,0.0,0.0,0.0,0.0,,,,,,,,,,,,,,,,,,,0.0,0.0,0.0,0.0,0.0,0.0,,,,,,,,,,,,,,,,,,,0.0,0.0,0.0,0.0,0.0,0.0,,,,,,,,,,,,,,,,,,,0.0,0.0,0.0,0.0,0.0,0.0,,,,,,,,,,,,,,,,,,,0.0,0.0,0.0,0.0,0.0,0.0
Mike Penders,GK,Chelsea,4.0,0.0002314236255750877,0.0002314236255750877,0.0002314236255750877,0.0,0.0,0.0,0.4854368932038835,0.27739251040221913,0.20804438280166437,Sunderland,A,0.0002314236255750877,0.0002314236255750877,0.0002314236255750877,,,,,,0.30921459492888065,0.3447432762836185,0.04695490469549047,0.5204267499349465,0.10025062656641603,,,,1.0808215035003303,1.3370642483127069,1.054199028348457,1.1197149093233998,0.9351784277833847,0.0,0.0,0.0,3.1382053840462754,0.0,,,,,,,,,,,,,,0.30921459492888065,0.3447432762836185,0.04695490469549047,,,0.0,0.0,0.0,0.0,0.0,0.0,,,,,,,,,,,,,,,,,,,0.0,0.0,0.0,0.0,0.0,0.0,,,,,,,,,,,,,,,,,,,0.0,0.0,0.0,0.0,0.0,0.0,,,,,,,,,,,,,,,,,,,0.0,0.0,0.0,0.0,0.0,0.0,,,,,,,,,,,,,,,,,,,0.0,0.0,0.0,0.0,0.0,0.0
Robert Sanchez,GK,Chelsea,4.9,0.0002314236255750877,0.0002314236255750877,0.0002314236255750877,0.0,0.0,1.0,0.4854368932038835,0.27739251040221913,0.20804438280166437,Sunderland,A,0.0002314236255750877,0.0002314236255750877,0.0002314236255750877,,,,,,0.30921459492888065,0.3447432762836185,0.04695490469549047,0.5204267499349465,0.10025062656641603,,,,1.0808215035003303,1.3370642483127069,1.054199028348457,1.1197149093233998,0.9351784277833847,3.0741393942586677,0.05127090683175238,3.1766812079221722,3.1382053840462754,1.0,,,,,,,,,,,,,,0.30921459492888065,0.3447432762836185,0.04695490469549047,,,0.0,0.0,2.453462017757305,0.03667133358168734,2.5268046849206796,1.0,,,,,,,,,,,,,,,,,,,0.0,0.0,2.0,0.026005000000000004,2.05201,1.0,,,,,,,,,,,,,,,,,,,0.0,0.0,2.0,0.026005000000000004,2.05201,1.0,,,,,,,,,,,,,,,,,,,0.0,0.0,2.0,0.026005000000000004,2.05201,1.0,,,,,,,,,,,,,,,,,,,0.0,0.0,2.0,0.026005000000000004,2.05201,11.07009319010475
Teddy Sharman-Lowe,GK,Chelsea,4.0,0.0002314236255750877,0.0002314236255750877,0.0002314236255750877,0.0,0.0,0.0,0.4854368932038835,0.27739251040221913,0.20804438280166437,Sunderland,A,0.0002314236255750877,0.0002314236255750877,0.0002314236255750877,,,,,,0.30921459492888065,0.3447432762836185,0.04695490469549047,0.5204267499349465,0.10025062656641603,,,,1.0808215035003303,1.3370642483127069,1.054199028348457,1.1197149093233998,0.9351784277833847,0.0,0.0,0.0,3.1382053840462754,0.0,,,,,,,,,,,,,,0.30921459492888065,0.3447432762836185,0.04695490469549047,,,0.0,0.0,0.0,0.0,0.0,0.0,,,,,,,,,,,,,,,,,,,0.0,0.0,0.0,0.0,0.0,0.0,,,,,,,,,,,,,,,,,,,0.0,0.0,0.0,0.0,0.0,0.0,,,,,,,,,,,,,,,,,,,0.0,0.0,0.0,0.0,0.0,0.0,,,,,,,,,,,,,,,,,,,0.0,0.0,0.0,0.0,0.0,0.0
Aarón Anselmino,DEF,Chelsea,4.0,0.0002314236255750877,0.0002314236255750877,0.0002314236255750877,0.44,0.0,0.0,0.4854368932038835,0.27739251040221913,0.20804438280166437,Sunderland,A,0.0002314236255750877,0.0002314236255750877,0.0002314236255750877,,,,,,0.30921459492888065,0.3447432762836185,0.04695490469549047,,,,,,1.083888148372114,1.3495841391373258,,,0.9338316015561285,0.0,0.0,0.0,4.0838183757245,0.0,,,,,,,,,,,,,,0.30921459492888065,0.3447432762836185,0.04695490469549047,,,0.44,0.0,0.0,0.0,0.0,0.0,,,,,,,,,,,,,,,,,,,0.44,0.0,0.0,0.0,0.0,0.0,,,,,,,,,,,,,,,,,,,0.44,0.0,0.0,0.0,0.0,0.0,,,,,,,,,,,,,,,,,,,0.44,0.0,0.0,0.0,0.0,0.0,,,,,,,,,,,,,,,,,,,0.44,0.0,0.0,0.0,0.0,0.0
Benoit Badiashile,DEF,Chelsea,4.4,0.0002314236255750877,0.0002314236255750877,0.0002314236255750877,0.42477385390376954,0.0,0.0,0.4854368932038835,0.27739251040221913,0.20804438280166437,Sunderland,A,0.0002314236255750877,0.0002314236255750877,0.0002314236255750877,0.06802721088435373,0.004738213693437574,0.0,0.12698412698412698,0.21164021164021163,0.30921459492888065,0.3447432762836185,0.04695490469549047,,,0.7293100219836577,0.8268978331017293,0.9163873774475271,1.083888148372114,1.3495841391373258,,,0.9338316015561285,0.0,0.0,0.0,4.0838183757245,0.0,,,,,,,,,,,,,,0.30921459492888065,0.3447432762836185,0.04695490469549047,,,0.42477385390376954,0.0,0.0,0.0,0.0,0.0,,,,,,,,,,,,,,,,,,,0.42477385390376954,0.0,0.0,0.0,0.0,0.0,,,,,,,,,,,,,,,,,,,0.42477385390376954,0.0,0.0,0.0,0.0,0.0,,,,,,,,,,,,,,,,,,,0.42477385390376954,0.0,0.0,0.0,0.0,0.0,,,,,,,,,,,,,,,,,,,0.42477385390376954,0.0,0.0,0.0,0.0,0.0
Jorrel Hato,DEF,Chelsea,4.6,0.0002314236255750877,0.0002314236255750877,0.0002314236255750877,0.35046145180676547,0.0,0.0,0.4854368932038835,0.27739251040221913,0.20804438280166437,Sunderland,A,0.0002314236255750877,0.0002314236255750877,0.0002314236255750877,0.10582010582010581,0.007558578987150415,0.0,0.19047619047619047,0.26903416733925206,0.30921459492888065,0.3447432762836185,0.04695490469549047,,,1.1344822564190231,1.240346749652594,1.1648992086197378,1.083888148372114,1.3495841391373258,,,0.9338316015561285,0.0,0.0,0.0,4.0838183757245,0.0,,,,,,,,,,,,,,0.30921459492888065,0.3447432762836185,0.04695490469549047,,,0.35046145180676547,0.0,0.0,0.0,0.0,0.0,,,,,,,,,,,,,,,,,,,0.35046145180676547,0.0,0.0,0.0,0.0,0.0,,,,,,,,,,,,,,,,,,,0.35046145180676547,0.0,0.0,0.0,0.0,0.0,,,,,,,,,,,,,,,,,,,0.35046145180676547,0.0,0.0,0.0,0.0,0.0,,,,,,,,,,,,,,,,,,,0.35046145180676547,0.0,0.0,0.0,0.0,0.0
Josh Acheampong,DEF,Chelsea,3.7,0.0002314236255750877,0.0002314236255750877,0.0002314236255750877,0.19697968830696122,0.0,0.0,0.4854368932038835,0.27739251040221913,0.20804438280166437,Sunderland,A,0.0002314236255750877,0.0002314236255750877,0.0002314236255750877,0.09523809523809523,0.005411255411255411,0.0,0.17316017316017315,0.30138637733574436,0.30921459492888065,0.3447432762836185,0.04695490469549047,,,1.0210340307771208,1.1275879542296308,1.3049820248461617,1.083888148372114,1.3495841391373258,,,0.9338316015561285,0.0,0.0,0.0,4.0838183757245,0.0,,,,,,,,,,,,,,0.30921459492888065,0.3447432762836185,0.04695490469549047,,,0.19697968830696122,0.0,0.0,0.0,0.0,0.0,,,,,,,,,,,,,,,,,,,0.19697968830696122,0.0,0.0,0.0,0.0,0.0,,,,,,,,,,,,,,,,,,,0.19697968830696122,0.0,0.0,0.0,0.0,0.0,,,,,,,,,,,,,,,,,,,0.19697968830696122,0.0,0.0,0.0,0.0,0.0,,,,,,,,,,,,,,,,,,,0.19697968830696122,0.0,0.0,0.0,0.0,0.0
Levi Samuels Colwill,DEF,Chelsea,4.7,0.0002314236255750877,0.0002314236255750877,0.0002314236255750877,0.44,0.0,0.0,0.4854368932038835,0.27739251040221913,0.20804438280166437,Sunderland,A,0.0002314236255750877,0.0002314236255750877,0.0002314236255750877,,,,,,0.30921459492888065,0.3447432762836185,0.04695490469549047,,,,,,1.083888148372114,1.3495841391373258,,,0.9338316015561285,0.0,0.0,0.0,4.0838183757245,0.0,,,,,,,,,,,,,,0.30921459492888065,0.3447432762836185,0.04695490469549047,,,0.44,0.0,0.0,0.0,0.0,0.0,,,,,,,,,,,,,,,,,,,0.44,0.0,0.0,0.0,0.0,0.0,,,,,,,,,,,,,,,,,,,0.44,0.0,0.0,0.0,0.0,0.0,,,,,,,,,,,,,,,,,,,0.44,0.0,0.0,0.0,0.0,0.0,,,,,,,,,,,,,,,,,,,0.44,0.0,0.0,0.0,0.0,0.0
Malang Sarr,DEF,Chelsea,4.5,0.0002314236255750877,0.0002314236255750877,0.0002314236255750877,0.44,0.0,0.0,0.4854368932038835,0.27739251040221913,0.20804438280166437,Sunderland,A,0.0002314236255750877,0.0002314236255750877,0.0002314236255750877,,,,,,0.30921459492888065,0.3447432762836185,0.04695490469549047,,,,,,1.083888148372114,1.3495841391373258,,,0.9338316015561285,0.0,0.0,0.0,4.0838183757245,0.0,,,,,,,,,,,,,,0.30921459492888065,0.3447432762836185,0.04695490469549047,,,0.44,0.0,0.0,0.0,0.0,0.0,,,,,,,,,,,,,,,,,,,0.44,0.0,0.0,0.0,0.0,0.0,,,,,,,,,,,,,,,,,,,0.44,0.0,0.0,0.0,0.0,0.0,,,,,,,,,,,,,,,,,,,0.44,0.0,0.0,0.0,0.0,0.0,,,,,,,,,,,,,,,,,,,0.44,0.0,0.0,0.0,0.0,0.0
Malo Gusto,DEF,Chelsea,4.9,0.0002314236255750877,0.0002314236255750877,0.0002314236255750877,0.1391138785005479,0.0,1.0,0.4854368932038835,0.27739251040221913,0.20804438280166437,Sunderland,A,0.0002314236255750877,0.0002314236255750877,0.0002314236255750877,0.11904761904761904,0.009429514380009428,0.0,0.15873015873015872,0.26308866087871613,0.30921459492888065,0.3447432762836185,0.04695490469549047,,,1.276292538471401,1.0336222913771616,1.1391555796999646,1.083888148372114,1.3495841391373258,,,0.9338316015561285,3.7156543906359323,0.06636062257653841,3.848375635789009,4.0838183757245,1.0,,,,,,,,,,,,,,0.30921459492888065,0.3447432762836185,0.04695490469549047,,,0.1391138785005479,0.0,2.731689774758401,0.0432158068818671,2.818121388522135,1.0,,,,,,,,,,,,,,,,,,,0.1391138785005479,0.0,2.278227757001096,0.03254947330017978,2.3433267036014556,1.0,,,,,,,,,,,,,,,,,,,0.1391138785005479,0.0,2.278227757001096,0.03254947330017978,2.3433267036014556,1.0,,,,,,,,,,,,,,,,,,,0.1391138785005479,0.0,2.278227757001096,0.03254947330017978,2.3433267036014556,1.0,,,,,,,,,,,,,,,,,,,0.1391138785005479,0.0,2.278227757001096,0.03254947330017978,2.3433267036014556,12.805093586116898
Marc Cucurella,DEF,Chelsea,6.1,0.0002314236255750877,0.0002314236255750877,0.0002314236255750877,0.21842673789719536,0.0,1.0,0.4854368932038835,0.27739251040221913,0.20804438280166437,Sunderland,A,0.0002314236255750877,0.0002314236255750877,0.0002314236255750877,0.13605442176870747,0.012531328320802004,0.0,0.17316017316017315,0.2957704821058858,0.30921459492888065,0.3447432762836185,0.04695490469549047,,,1.4586200439673154,1.1275879542296308,1.2806655896005812,1.083888148372114,1.3495841391373258,,,0.9338316015561285,4.005540031463386,0.07317931262008177,4.15189865670355,4.0838183757245,1.0,,,,,,,,,,,,,,0.30921459492888065,0.3447432762836185,0.04695490469549047,,,0.21842673789719536,0.0,2.8903154935516957,0.04694700103932299,2.9842094956303415,1.0,,,,,,,,,,,,,,,,,,,0.21842673789719536,0.0,2.4368534757943907,0.03628066745763567,2.509414810709662,1.0,,,,,,,,,,,,,,,,,,,0.21842673789719536,0.0,2.4368534757943907,0.03628066745763567,2.509414810709662,1.0,,,,,,,,,,,,,,,,,,,0.21842673789719536,0.0,2.4368534757943907,0.03628066745763567,2.509414810709662,1.0,,,,,,,,,,,,,,,,,,,0.21842673789719536,0.0,2.4368534757943907,0.03628066745763567,2.509414810709662,13.714838197976393
Reece James,DEF,Chelsea,5.6,0.0002314236255750877,0.0002314236255750877,0.0002314236255750877,0.1842471295887116,0.0,1.0,0.4854368932038835,0.27739251040221913,0.20804438280166437,Sunderland,A,0.0002314236255750877,0.0002314236255750877,0.0002314236255750877,0.13605442176870747,0.011757789535567312,0.0,0.2886002886002886,0.22408963585434172,0.30921459492888065,0.3447432762836185,0.04695490469549047,,,1.4586200439673154,1.8793132570493847,0.9702925172973815,1.083888148372114,1.3495841391373258,,,0.9338316015561285,4.3505407747069,0.08129442010265571,4.513129614912211,4.0838183757245,1.0,,,,,,,,,,,,,,0.30921459492888065,0.3447432762836185,0.04695490469549047,,,0.1842471295887116,0.0,2.821956276934728,0.045339055546058674,2.9126343880268455,1.0,,,,,,,,,,,,,,,,,,,0.1842471295887116,0.0,2.368494259177423,0.03467272196437135,2.437839703106166,1.0,,,,,,,,,,,,,,,,,,,0.1842471295887116,0.0,2.368494259177423,0.03467272196437135,2.437839703106166,1.0,,,,,,,,,,,,,,,,,,,0.1842471295887116,0.0,2.368494259177423,0.03467272196437135,2.437839703106166,1.0,,,,,,,,,,,,,,,,,,,0.1842471295887116,0.0,2.368494259177423,0.03467272196437135,2.437839703106166,13.814820013432294
Tosin Adarabioyo,DEF,Chelsea,4.0,0.0002314236255750877,0.0002314236255750877,0.0002314236255750877,0.6034530233218462,0.0,0.0,0.4854368932038835,0.27739251040221913,0.20804438280166437,Sunderland,A,0.0002314236255750877,0.0002314236255750877,0.0002314236255750877,0.07936507936507936,0.004738213693437574,0.0,0.10582010582010581,0.21893814997263275,0.30921459492888065,0.3447432762836185,0.04695490469549047,,,0.8508616923142673,0.6890815275847744,0.9479869421870971,1.083888148372114,1.3495841391373258,,,0.9338316015561285,0.0,0.0,0.0,4.0838183757245,0.0,,,,,,,,,,,,,,0.30921459492888065,0.3447432762836185,0.04695490469549047,,,0.6034530233218462,0.0,0.0,0.0,0.0,0.0,,,,,,,,,,,,,,,,,,,0.6034530233218462,0.0,0.0,0.0,0.0,0.0,,,,,,,,,,,,,,,,,,,0.6034530233218462,0.0,0.0,0.0,0.0,0.0,,,,,,,,,,,,,,,,,,,0.6034530233218462,0.0,0.0,0.0,0.0,0.0,,,,,,,,,,,,,,,,,,,0.6034530233218462,0.0,0.0,0.0,0.0,0.0
Trevoh Chalobah,DEF,Chelsea,5.8,0.0002314236255750877,0.0002314236255750877,0.0002314236255750877,0.4302868053006962,0.0,0.0,0.4854368932038835,0.27739251040221913,0.20804438280166437,Sunderland,A,0.0002314236255750877,0.0002314236255750877,0.0002314236255750877,0.10025062656641603,0.00630715862503942,0.0,0.10582010582010581,0.22148394241417496,0.30921459492888065,0.3447432762836185,0.04695490469549047,,,1.0747726639759168,0.6890815275847744,0.9590100461660167,1.083888148372114,1.3495841391373258,,,0.9338316015561285,0.0,0.0,0.0,4.0838183757245,0.0,,,,,,,,,,,,,,0.30921459492888065,0.3447432762836185,0.04695490469549047,,,0.4302868053006962,0.0,0.0,0.0,0.0,0.0,,,,,,,,,,,,,,,,,,,0.4302868053006962,0.0,0.0,0.0,0.0,0.0,,,,,,,,,,,,,,,,,,,0.4302868053006962,0.0,0.0,0.0,0.0,0.0,,,,,,,,,,,,,,,,,,,0.4302868053006962,0.0,0.0,0.0,0.0,0.0,,,,,,,,,,,,,,,,,,,0.4302868053006962,0.0,0.0,0.0,0.0,0.0
Wesley Fofana,DEF,Chelsea,4.4,0.0002314236255750877,0.0002314236255750877,0.0002314236255750877,0.681081790866248,0.0,1.0,0.4854368932038835,0.27739251040221913,0.20804438280166437,Sunderland,A,0.0002314236255750877,0.0002314236255750877,0.0002314236255750877,0.06349206349206349,0.004738213693437574,0.0,0.12698412698412698,0.3185220576524924,0.30921459492888065,0.3447432762836185,0.04695490469549047,,,0.6806893538514139,0.8268978331017293,1.3791783272621645,1.083888148372114,1.3495841391373258,,,0.9338316015561285,4.287437585902696,0.07981010689560321,4.447057799693902,4.0838183757245,1.0,,,,,,,,,,,,,,0.30921459492888065,0.3447432762836185,0.04695490469549047,,,0.681081790866248,0.0,3.8156255994898007,0.0687121453511991,3.953049890192199,1.0,,,,,,,,,,,,,,,,,,,0.681081790866248,0.0,3.3621635817324957,0.05804581176951176,3.478255205271519,1.0,,,,,,,,,,,,,,,,,,,0.681081790866248,0.0,3.3621635817324957,0.05804581176951176,3.478255205271519,1.0,,,,,,,,,,,,,,,,,,,0.681081790866248,0.0,3.3621635817324957,0.05804581176951176,3.478255205271519,1.0,,,,,,,,,,,,,,,,,,,0.681081790866248,0.0,3.3621635817324957,0.05804581176951176,3.478255205271519,17.54626478111752
Alejandro Garnacho,MID,Chelsea,6.4,0.0002314236255750877,0.0002314236255750877,0.0002314236255750877,0.0,0.04685044453548404,0.0,0.4854368932038835,0.27739251040221913,0.20804438280166437,Sunderland,A,0.0002314236255750877,0.0002314236255750877,0.0002314236255750877,0.23809523809523808,0.041407867494824016,0.0,0.29304029304029305,0.2140181915462814,0.30921459492888065,0.3447432762836185,0.04695490469549047,,,1.1567965775046485,1.2286066018755673,0.9512391111164828,1.0777300578779956,1.330144297421635,,,0.9372309816798435,0.0,0.0,0.0,4.59116996240966,0.0,,,,,,,,,,,,,,0.30921459492888065,0.3447432762836185,0.04695490469549047,,,0.0,0.04685044453548404,0.0,0.0,0.0,0.0,,,,,,,,,,,,,,,,,,,0.0,0.04685044453548404,0.0,0.0,0.0,0.0,,,,,,,,,,,,,,,,,,,0.0,0.04685044453548404,0.0,0.0,0.0,0.0,,,,,,,,,,,,,,,,,,,0.0,0.04685044453548404,0.0,0.0,0.0,0.0,,,,,,,,,,,,,,,,,,,0.0,0.04685044453548404,0.0,0.0,0.0,0.0
Andrey Santos,MID,Chelsea,4.5,0.0002314236255750877,0.0002314236255750877,0.0002314236255750877,0.0,0.3631693488243809,0.0,0.4854368932038835,0.27739251040221913,0.20804438280166437,Sunderland,A,0.0002314236255750877,0.0002314236255750877,0.0002314236255750877,0.17316017316017315,0.023228803716608595,0.0,0.21164021164021163,0.3052503052503052,0.30921459492888065,0.3447432762836185,0.04695490469549047,,,0.8413066018215626,0.8873269902434652,1.3567352706629323,1.0777300578779956,1.330144297421635,,,0.9372309816798435,0.0,0.0,0.0,4.59116996240966,0.0,,,,,,,,,,,,,,0.30921459492888065,0.3447432762836185,0.04695490469549047,,,0.0,0.3631693488243809,0.0,0.0,0.0,0.0,,,,,,,,,,,,,,,,,,,0.0,0.3631693488243809,0.0,0.0,0.0,0.0,,,,,,,,,,,,,,,,,,,0.0,0.3631693488243809,0.0,0.0,0.0,0.0,,,,,,,,,,,,,,,,,,,0.0,0.3631693488243809,0.0,0.0,0.0,0.0,,,,,,,,,,,,,,,,,,,0.0,0.3631693488243809,0.0,0.0,0.0,0.0
Christopher Nkunku,MID,Chelsea,5.9,0.0002314236255750877,0.0002314236255750877,0.0002314236255750877,0.0,0.26,0.0,0.4854368932038835,0.27739251040221913,0.20804438280166437,Sunderland,A,0.0002314236255750877,0.0002314236255750877,0.0002314236255750877,,,,,,0.30921459492888065,0.3447432762836185,0.04695490469549047,,,,,,1.0777300578779956,1.330144297421635,,,0.9372309816798435,0.0,0.0,0.0,4.59116996240966,0.0,,,,,,,,,,,,,,0.30921459492888065,0.3447432762836185,0.04695490469549047,,,0.0,0.26,0.0,0.0,0.0,0.0,,,,,,,,,,,,,,,,,,,0.0,0.26,0.0,0.0,0.0,0.0,,,,,,,,,,,,,,,,,,,0.0,0.26,0.0,0.0,0.0,0.0,,,,,,,,,,,,,,,,,,,0.0,0.26,0.0,0.0,0.0,0.0,,,,,,,,,,,,,,,,,,,0.0,0.26,0.0,0.0,0.0,0.0
Cole Palmer,MID,Chelsea,10.6,0.0002314236255750877,0.0002314236255750877,0.0002314236255750877,0.0,0.09639309532219509,1.0,0.4854368932038835,0.27739251040221913,0.20804438280166437,Sunderland,A,0.0002314236255750877,0.0002314236255750877,0.0002314236255750877,0.3463203463203463,0.09523809523809523,0.01,0.2801120448179272,0.20050125313283207,0.30921459492888065,0.3447432762836185,0.04695490469549047,,,1.6826132036431252,1.1744033694398803,0.8911608514670208,1.0777300578779956,1.330144297421635,,,0.9372309816798435,5.399627874686427,0.10597104686837414,5.611569968423176,4.59116996240966,1.0,,,,,,,,,,,,,,0.30921459492888065,0.3447432762836185,0.04695490469549047,,,0.0,0.09639309532219509,2.502000785573271,0.037813062478254486,2.57762691052978,1.0,,,,,,,,,,,,,,,,,,,0.0,0.09639309532219509,2.19278619064439,0.030539716776337347,2.2538656241970645,1.0,,,,,,,,,,,,,,,,,,,0.0,0.09639309532219509,2.19278619064439,0.030539716776337347,2.2538656241970645,1.0,,,,,,,,,,,,,,,,,,,0.0,0.09639309532219509,2.19278619064439,0.030539716776337347,2.2538656241970645,1.0,,,,,,,,,,,,,,,,,,,0.0,0.09639309532219509,2.19278619064439,0.030539716776337347,2.2538656241970645,14.113376590125272
Dário Luís Essugo,MID,Chelsea,4.3,0.0002314236255750877,0.0002314236255750877,0.0002314236255750877,0.0,0.26,0.0,0.4854368932038835,0.27739251040221913,0.20804438280166437,Sunderland,A,0.0002314236255750877,0.0002314236255750877,0.0002314236255750877,,,,,,0.30921459492888065,0.3447432762836185,0.04695490469549047,,,,,,1.0777300578779956,1.330144297421635,,,0.9372309816798435,0.0,0.0,0.0,4.59116996240966,0.0,,,,,,,,,,,,,,0.30921459492888065,0.3447432762836185,0.04695490469549047,,,0.0,0.26,0.0,0.0,0.0,0.0,,,,,,,,,,,,,,,,,,,0.0,0.26,0.0,0.0,0.0,0.0,,,,,,,,,,,,,,,,,,,0.0,0.26,0.0,0.0,0.0,0.0,,,,,,,,,,,,,,,,,,,0.0,0.26,0.0,0.0,0.0,0.0,,,,,,,,,,,,,,,,,,,0.0,0.26,0.0,0.0,0.0,0.0
Enzo Fernandez,MID,Chelsea,6.9,0.0002314236255750877,0.0002314236255750877,0.0002314236255750877,0.0,0.1382765328565716,1.0,0.4854368932038835,0.27739251040221913,0.20804438280166437,Sunderland,A,0.0002314236255750877,0.0002314236255750877,0.0002314236255750877,0.22675736961451246,0.041407867494824016,0.0,0.23809523809523808,0.25740025740025735,0.30921459492888065,0.3447432762836185,0.04695490469549047,,,1.1017110261949032,0.9982428640238983,1.1440578498563103,1.0777300578779956,1.330144297421635,,,0.9372309816798435,4.383479303074163,0.08206920016691045,4.547617703407983,4.59116996240966,1.0,,,,,,,,,,,,,,0.30921459492888065,0.3447432762836185,0.04695490469549047,,,0.0,0.1382765328565716,2.585767660642024,0.03978342691362169,2.6653345144692673,1.0,,,,,,,,,,,,,,,,,,,0.0,0.1382765328565716,2.276553065713143,0.03251008121170455,2.341573228136552,1.0,,,,,,,,,,,,,,,,,,,0.0,0.1382765328565716,2.276553065713143,0.03251008121170455,2.341573228136552,1.0,,,,,,,,,,,,,,,,,,,0.0,0.1382765328565716,2.276553065713143,0.03251008121170455,2.341573228136552,1.0,,,,,,,,,,,,,,,,,,,0.0,0.1382765328565716,2.276553065713143,0.03251008121170455,2.341573228136552,13.369557079489205
Estevao,MID,Chelsea,6.4,0.0002314236255750877,0.0002314236255750877,0.0002314236255750877,0.0,0.08438133493713673,0.0,0.4854368932038835,0.27739251040221913,0.20804438280166437,Sunderland,A,0.0002314236255750877,0.0002314236255750877,0.0002314236255750877,,,,,,0.30921459492888065,0.3447432762836185,0.04695490469549047,,,,,,1.0777300578779956,1.330144297421635,,,0.9372309816798435,0.0,0.0,0.0,4.59116996240966,0.0,,,,,,,,,,,,,,0.30921459492888065,0.3447432762836185,0.04695490469549047,,,0.0,0.08438133493713673,0.0,0.0,0.0,0.0,,,,,,,,,,,,,,,,,,,0.0,0.08438133493713673,0.0,0.0,0.0,0.0,,,,,,,,,,,,,,,,,,,0.0,0.08438133493713673,0.0,0.0,0.0,0.0,,,,,,,,,,,,,,,,,,,0.0,0.08438133493713673,0.0,0.0,0.0,0.0,,,,,,,,,,,,,,,,,,,0.0,0.08438133493713673,0.0,0.0,0.0,0.0
Jamie Gittens,MID,Chelsea,6.0,0.0002314236255750877,0.0002314236255750877,0.0002314236255750877,0.0,0.05721719621686128,0.0,0.4854368932038835,0.27739251040221913,0.20804438280166437,Sunderland,A,0.0002314236255750877,0.0002314236255750877,0.0002314236255750877,0.21994941163532386,0.03663003663003663,0.0,0.23809523809523808,0.21893814997263275,0.30921459492888065,0.3447432762836185,0.04695490469549047,,,1.0686342517363958,0.9982428640238983,0.9731066768892758,1.0777300578779956,1.330144297421635,,,0.9372309816798435,0.0,0.0,0.0,4.59116996240966,0.0,,,,,,,,,,,,,,0.30921459492888065,0.3447432762836185,0.04695490469549047,,,0.0,0.05721719621686128,0.0,0.0,0.0,0.0,,,,,,,,,,,,,,,,,,,0.0,0.05721719621686128,0.0,0.0,0.0,0.0,,,,,,,,,,,,,,,,,,,0.0,0.05721719621686128,0.0,0.0,0.0,0.0,,,,,,,,,,,,,,,,,,,0.0,0.05721719621686128,0.0,0.0,0.0,0.0,,,,,,,,,,,,,,,,,,,0.0,0.05721719621686128,0.0,0.0,0.0,0.0
Kendry Páez Andrade,MID,Chelsea,4.5,0.0002314236255750877,0.0002314236255750877,0.0002314236255750877,0.0,0.26,0.0,0.4854368932038835,0.27739251040221913,0.20804438280166437,Sunderland,A,0.0002314236255750877,0.0002314236255750877,0.0002314236255750877,,,,,,0.30921459492888065,0.3447432762836185,0.04695490469549047,,,,,,1.0777300578779956,1.330144297421635,,,0.9372309816798435,0.0,0.0,0.0,4.59116996240966,0.0,,,,,,,,,,,,,,0.30921459492888065,0.3447432762836185,0.04695490469549047,,,0.0,0.26,0.0,0.0,0.0,0.0,,,,,,,,,,,,,,,,,,,0.0,0.26,0.0,0.0,0.0,0.0,,,,,,,,,,,,,,,,,,,0.0,0.26,0.0,0.0,0.0,0.0,,,,,,,,,,,,,,,,,,,0.0,0.26,0.0,0.0,0.0,0.0,,,,,,,,,,,,,,,,,,,0.0,0.26,0.0,0.0,0.0,0.0
Landon Emenalo,MID,Chelsea,4.5,0.0002314236255750877,0.0002314236255750877,0.0002314236255750877,0.0,0.26,0.0,0.4854368932038835,0.27739251040221913,0.20804438280166437,Sunderland,A,0.0002314236255750877,0.0002314236255750877,0.0002314236255750877,,,,,,0.30921459492888065,0.3447432762836185,0.04695490469549047,,,,,,1.0777300578779956,1.330144297421635,,,0.9372309816798435,0.0,0.0,0.0,4.59116996240966,0.0,,,,,,,,,,,,,,0.30921459492888065,0.3447432762836185,0.04695490469549047,,,0.0,0.26,0.0,0.0,0.0,0.0,,,,,,,,,,,,,,,,,,,0.0,0.26,0.0,0.0,0.0,0.0,,,,,,,,,,,,,,,,,,,0.0,0.26,0.0,0.0,0.0,0.0,,,,,,,,,,,,,,,,,,,0.0,0.26,0.0,0.0,0.0,0.0,,,,,,,,,,,,,,,,,,,0.0,0.26,0.0,0.0,0.0,0.0
Moises Caicedo,MID,Chelsea,5.7,0.0002314236255750877,0.0002314236255750877,0.0002314236255750877,0.0,0.6251547983121377,1.0,0.4854368932038835,0.27739251040221913,0.20804438280166437,Sunderland,A,0.0002314236255750877,0.0002314236255750877,0.0002314236255750877,0.10025062656641603,0.00630715862503942,0.0,0.13605442176870747,0.32066698733365395,0.30921459492888065,0.3447432762836185,0.04695490469549047,,,0.487072243159852,0.5704244937279418,1.425257254029747,1.0777300578779956,1.330144297421635,,,0.9372309816798435,4.179809395482902,0.07727847660054883,4.334366348684,4.59116996240966,1.0,,,,,,,,,,,,,,0.30921459492888065,0.3447432762836185,0.04695490469549047,,,0.0,0.6251547983121377,3.559524191553156,0.06268812803371335,3.6849004476205827,1.0,,,,,,,,,,,,,,,,,,,0.0,0.6251547983121377,3.2503095966242754,0.05541478233179621,3.361139161287868,1.0,,,,,,,,,,,,,,,,,,,0.0,0.6251547983121377,3.2503095966242754,0.05541478233179621,3.361139161287868,1.0,,,,,,,,,,,,,,,,,,,0.0,0.6251547983121377,3.2503095966242754,0.05541478233179621,3.361139161287868,1.0,,,,,,,,,,,,,,,,,,,0.0,0.6251547983121377,3.2503095966242754,0.05541478233179621,3.361139161287868,16.877721380767525
Mykhailo Mudryk,MID,Chelsea,4.9,0.0002314236255750877,0.0002314236255750877,0.0002314236255750877,0.0,0.26,0.0,0.4854368932038835,0.27739251040221913,0.20804438280166437,Sunderland,A,0.0002314236255750877,0.0002314236255750877,0.0002314236255750877,,,,,,0.30921459492888065,0.3447432762836185,0.04695490469549047,,,,,,1.0777300578779956,1.330144297421635,,,0.9372309816798435,0.0,0.0,0.0,4.59116996240966,0.0,,,,,,,,,,,,,,0.30921459492888065,0.3447432762836185,0.04695490469549047,,,0.0,0.26,0.0,0.0,0.0,0.0,,,,,,,,,,,,,,,,,,,0.0,0.26,0.0,0.0,0.0,0.0,,,,,,,,,,,,,,,,,,,0.0,0.26,0.0,0.0,0.0,0.0,,,,,,,,,,,,,,,,,,,0.0,0.26,0.0,0.0,0.0,0.0,,,,,,,,,,,,,,,,,,,0.0,0.26,0.0,0.0,0.0,0.0
Pedro Neto,MID,Chelsea,7.0,0.0002314236255750877,0.0002314236255750877,0.0002314236255750877,0.0,0.03707276555570349,1.0,0.4854368932038835,0.27739251040221913,0.20804438280166437,Sunderland,A,0.0002314236255750877,0.0002314236255750877,0.0002314236255750877,0.23809523809523808,0.04535147392290249,0.0,0.25396825396825395,0.2405002405002405,0.30921459492888065,0.3447432762836185,0.04695490469549047,,,1.1567965775046485,1.0647923882921582,1.0689429405223103,1.0777300578779956,1.330144297421635,,,0.9372309816798435,4.321998207535512,0.08062304183765032,4.483244291210813,4.59116996240966,1.0,,,,,,,,,,,,,,0.30921459492888065,0.3447432762836185,0.04695490469549047,,,0.0,0.03707276555570349,2.3833601260402877,0.035022396884719656,2.453404919809727,1.0,,,,,,,,,,,,,,,,,,,0.0,0.03707276555570349,2.074145531111407,0.027749051182802516,2.129643633477012,1.0,,,,,,,,,,,,,,,,,,,0.0,0.03707276555570349,2.074145531111407,0.027749051182802516,2.129643633477012,1.0,,,,,,,,,,,,,,,,,,,0.0,0.03707276555570349,2.074145531111407,0.027749051182802516,2.129643633477012,1.0,,,,,,,,,,,,,,,,,,,0.0,0.03707276555570349,2.074145531111407,0.027749051182802516,2.129643633477012,12.531640646784712
Roméo Lavia,MID,Chelsea,4.9,0.0002314236255750877,0.0002314236255750877,0.0002314236255750877,0.0,0.26,0.0,0.4854368932038835,0.27739251040221913,0.20804438280166437,Sunderland,A,0.0002314236255750877,0.0002314236255750877,0.0002314236255750877,,,,,,0.30921459492888065,0.3447432762836185,0.04695490469549047,,,,,,1.0777300578779956,1.330144297421635,,,0.9372309816798435,0.0,0.0,0.0,4.59116996240966,0.0,,,,,,,,,,,,,,0.30921459492888065,0.3447432762836185,0.04695490469549047,,,0.0,0.26,0.0,0.0,0.0,0.0,,,,,,,,,,,,,,,,,,,0.0,0.26,0.0,0.0,0.0,0.0,,,,,,,,,,,,,,,,,,,0.0,0.26,0.0,0.0,0.0,0.0,,,,,,,,,,,,,,,,,,,0.0,0.26,0.0,0.0,0.0,0.0,,,,,,,,,,,,,,,,,,,0.0,0.26,0.0,0.0,0.0,0.0
Joao Pedro,FWD,Chelsea,7.7,0.0002314236255750877,0.0002314236255750877,0.0002314236255750877,0.0,0.0,1.0,0.4854368932038835,0.27739251040221913,0.20804438280166437,Sunderland,A,0.0002314236255750877,0.0002314236255750877,0.0002314236255750877,0.38095238095238093,0.10582010582010581,0.01,0.33068783068783064,0.18674136321195145,0.30921459492888065,0.3447432762836185,0.04695490469549047,,,0.9676980070899576,1.5332985819015708,1.0246659410317953,1.08401752758362,1.3637294525179393,,,0.9340872206840682,4.792412075941487,0.09168811685029567,4.975788309642079,4.588719888900645,1.0,,,,,,,,,,,,,,0.30921459492888065,0.3447432762836185,0.04695490469549047,,,0.0,0.0,2.0,0.026005000000000004,2.05201,1.0,,,,,,,,,,,,,,,,,,,0.0,0.0,2.0,0.026005000000000004,2.05201,1.0,,,,,,,,,,,,,,,,,,,0.0,0.0,2.0,0.026005000000000004,2.05201,1.0,,,,,,,,,,,,,,,,,,,0.0,0.0,2.0,0.026005000000000004,2.05201,1.0,,,,,,,,,,,,,,,,,,,0.0,0.0,2.0,0.026005000000000004,2.05201,12.465624809642076
Liam Delap,FWD,Chelsea,6.2,0.0002314236255750877,0.0002314236255750877,0.0002314236255750877,0.0,0.0,0.0,0.4854368932038835,0.27739251040221913,0.20804438280166437,Sunderland,A,0.0002314236255750877,0.0002314236255750877,0.0002314236255750877,0.3463203463203463,0.09523809523809523,0.01,0.21994941163532386,0.2976190476190476,0.30921459492888065,0.3447432762836185,0.04695490469549047,,,0.8797254609908706,1.0198383177543937,1.6330613435194237,1.08401752758362,1.3637294525179393,,,0.9340872206840682,0.0,0.0,0.0,4.588719888900645,0.0,,,,,,,,,,,,,,0.30921459492888065,0.3447432762836185,0.04695490469549047,,,0.0,0.0,0.0,0.0,0.0,0.0,,,,,,,,,,,,,,,,,,,0.0,0.0,0.0,0.0,0.0,0.0,,,,,,,,,,,,,,,,,,,0.0,0.0,0.0,0.0,0.0,0.0,,,,,,,,,,,,,,,,,,,0.0,0.0,0.0,0.0,0.0,0.0,,,,,,,,,,,,,,,,,,,0.0,0.0,0.0,0.0,0.0,0.0
Marc Guiu,FWD,Chelsea,4.2,0.0002314236255750877,0.0002314236255750877,0.0002314236255750877,0.0,0.0,0.0,0.4854368932038835,0.27739251040221913,0.20804438280166437,Sunderland,A,0.0002314236255750877,0.0002314236255750877,0.0002314236255750877,0.33068783068783064,0.08658008658008658,0.01,0.21994941163532386,0.23228803716608595,0.30921459492888065,0.3447432762836185,0.04695490469549047,,,0.840015631154477,1.0198383177543937,1.2745844632346721,1.08401752758362,1.3637294525179393,,,0.9340872206840682,0.0,0.0,0.0,4.588719888900645,0.0,,,,,,,,,,,,,,0.30921459492888065,0.3447432762836185,0.04695490469549047,,,0.0,0.0,0.0,0.0,0.0,0.0,,,,,,,,,,,,,,,,,,,0.0,0.0,0.0,0.0,0.0,0.0,,,,,,,,,,,,,,,,,,,0.0,0.0,0.0,0.0,0.0,0.0,,,,,,,,,,,,,,,,,,,0.0,0.0,0.0,0.0,0.0,0.0,,,,,,,,,,,,,,,,,,,0.0,0.0,0.0,0.0,0.0,0.0
Nicolas Jackson,FWD,Chelsea,6.5,0.0002314236255750877,0.0002314236255750877,0.0002314236255750877,0.0,0.0,0.0,0.4854368932038835,0.27739251040221913,0.20804438280166437,Sunderland,A,0.0002314236255750877,0.0002314236255750877,0.0002314236255750877,,,,,,0.30921459492888065,0.3447432762836185,0.04695490469549047,,,,,,1.08401752758362,1.3637294525179393,,,0.9340872206840682,0.0,0.0,0.0,4.588719888900645,0.0,,,,,,,,,,,,,,0.30921459492888065,0.3447432762836185,0.04695490469549047,,,0.0,0.0,0.0,0.0,0.0,0.0,,,,,,,,,,,,,,,,,,,0.0,0.0,0.0,0.0,0.0,0.0,,,,,,,,,,,,,,,,,,,0.0,0.0,0.0,0.0,0.0,0.0,,,,,,,,,,,,,,,,,,,0.0,0.0,0.0,0.0,0.0,0.0,,,,,,,,,,,,,,,,,,,0.0,0.0,0.0,0.0,0.0,0.0
Dean Henderson,GK,Crystal Palace,5.0,0.0002314236255750877,0.0002314236255750877,0.0002314236255750877,0.0,0.0,1.0,0.2311604253351826,0.5393743257820928,-0.30821390044691016,Arsenal,H,0.9259259259259258,0.0002314236255750877,0.9259259259259258,,,,,,0.16420361247947454,0.553475935828877,0.11963882618510159,0.6802721088435374,0.17316017316017315,,,,1.0520324420546754,1.0793119990186442,1.0400604971038383,1.0568909413867587,0.9135059598785791,2.164017207893652,0.029863012764074482,2.223743233421801,2.232199922554833,1.0,,,,,,,,,,,,,,0.16420361247947454,0.553475935828877,0.11963882618510159,,,0.0,0.0,1.3105849258899411,0.009788578626783197,1.3301620831435075,1.0,,,,,,,,,,,,,,,,,,,0.0,0.0,2.0,0.026005000000000004,2.05201,1.0,,,,,,,,,,,,,,,,,,,0.0,0.0,2.0,0.026005000000000004,2.05201,1.0,,,,,,,,,,,,,,,,,,,0.0,0.0,2.0,0.026005000000000004,2.05201,1.0,,,,,,,,,,,,,,,,,,,0.0,0.0,2.0,0.026005000000000004,2.05201,9.100009004093781
Remi Matthews,GK,Crystal Palace,3.9,0.0002314236255750877,0.0002314236255750877,0.0002314236255750877,0.0,0.0,0.0,0.2311604253351826,0.5393743257820928,-0.30821390044691016,Arsenal,H,0.9259259259259258,0.0002314236255750877,0.9259259259259258,,,,,,0.16420361247947454,0.553475935828877,0.11963882618510159,0.6802721088435374,0.17316017316017315,,,,1.0520324420546754,1.0793119990186442,1.0400604971038383,1.0568909413867587,0.9135059598785791,0.0,0.0,0.0,2.232199922554833,0.0,,,,,,,,,,,,,,0.16420361247947454,0.553475935828877,0.11963882618510159,,,0.0,0.0,0.0,0.0,0.0,0.0,,,,,,,,,,,,,,,,,,,0.0,0.0,0.0,0.0,0.0,0.0,,,,,,,,,,,,,,,,,,,0.0,0.0,0.0,0.0,0.0,0.0,,,,,,,,,,,,,,,,,,,0.0,0.0,0.0,0.0,0.0,0.0,,,,,,,,,,,,,,,,,,,0.0,0.0,0.0,0.0,0.0,0.0
Walter Benítez,GK,Crystal Palace,4.0,0.0002314236255750877,0.0002314236255750877,0.0002314236255750877,0.0,0.0,0.0,0.2311604253351826,0.5393743257820928,-0.30821390044691016,Arsenal,H,0.9259259259259258,0.0002314236255750877,0.9259259259259258,,,,,,0.16420361247947454,0.553475935828877,0.11963882618510159,0.6802721088435374,0.17316017316017315,,,,1.0520324420546754,1.0793119990186442,1.0400604971038383,1.0568909413867587,0.9135059598785791,0.0,0.0,0.0,2.232199922554833,0.0,,,,,,,,,,,,,,0.16420361247947454,0.553475935828877,0.11963882618510159,,,0.0,0.0,0.0,0.0,0.0,0.0,,,,,,,,,,,,,,,,,,,0.0,0.0,0.0,0.0,0.0,0.0,,,,,,,,,,,,,,,,,,,0.0,0.0,0.0,0.0,0.0,0.0,,,,,,,,,,,,,,,,,,,0.0,0.0,0.0,0.0,0.0,0.0,,,,,,,,,,,,,,,,,,,0.0,0.0,0.0,0.0,0.0,0.0
Borna Sosa,DEF,Crystal Palace,4.8,0.0002314236255750877,0.0002314236255750877,0.0002314236255750877,0.44,0.0,0.0,0.2311604253351826,0.5393743257820928,-0.30821390044691016,Arsenal,H,0.9259259259259258,0.0002314236255750877,0.9259259259259258,0.06349206349206349,0.004738213693437574,0.0,0.15873015873015872,0.14321518080916576,0.16420361247947454,0.553475935828877,0.11963882618510159,,,0.9458328487795544,1.4174232059914715,0.5963259194352127,1.0522958127523794,1.0784459834945914,,,0.9120567075301383,0.0,0.0,0.0,2.7734077126611667,0.0,,,,,,,,,,,,,,0.16420361247947454,0.553475935828877,0.11963882618510159,,,0.44,0.0,0.0,0.0,0.0,0.0,,,,,,,,,,,,,,,,,,,0.44,0.0,0.0,0.0,0.0,0.0,,,,,,,,,,,,,,,,,,,0.44,0.0,0.0,0.0,0.0,0.0,,,,,,,,,,,,,,,,,,,0.44,0.0,0.0,0.0,0.0,0.0,,,,,,,,,,,,,,,,,,,0.44,0.0,0.0,0.0,0.0,0.0
Caleb Kporha,DEF,Crystal Palace,4.0,0.0002314236255750877,0.0002314236255750877,0.0002314236255750877,0.44,0.0,0.0,0.2311604253351826,0.5393743257820928,-0.30821390044691016,Arsenal,H,0.9259259259259258,0.0002314236255750877,0.9259259259259258,,,,,,0.16420361247947454,0.553475935828877,0.11963882618510159,,,,,,1.0522958127523794,1.0784459834945914,,,0.9120567075301383,0.0,0.0,0.0,2.7734077126611667,0.0,,,,,,,,,,,,,,0.16420361247947454,0.553475935828877,0.11963882618510159,,,0.44,0.0,0.0,0.0,0.0,0.0,,,,,,,,,,,,,,,,,,,0.44,0.0,0.0,0.0,0.0,0.0,,,,,,,,,,,,,,,,,,,0.44,0.0,0.0,0.0,0.0,0.0,,,,,,,,,,,,,,,,,,,0.44,0.0,0.0,0.0,0.0,0.0,,,,,,,,,,,,,,,,,,,0.44,0.0,0.0,0.0,0.0,0.0
Chadi Riad,DEF,Crystal Palace,4.0,0.0002314236255750877,0.0002314236255750877,0.0002314236255750877,0.44,0.0,1.0,0.2311604253351826,0.5393743257820928,-0.30821390044691016,Arsenal,H,0.9259259259259258,0.0002314236255750877,0.9259259259259258,0.07326007326007326,0.004738213693437574,0.0,0.07936507936507936,0.1304631441617743,0.16420361247947454,0.553475935828877,0.11963882618510159,,,1.0913455947456399,0.7087116029957358,0.5432284060608444,1.0522958127523794,1.0784459834945914,,,0.9120567075301383,2.7662067415444698,0.044027714974609014,2.854262171493688,2.7734077126611667,1.0,,,,,,,,,,,,,,0.16420361247947454,0.553475935828877,0.11963882618510159,,,0.44,0.0,2.190584925889941,0.030487938626783197,2.2515608031435073,1.0,,,,,,,,,,,,,,,,,,,0.44,0.0,2.88,0.04670436,2.97340872,1.0,,,,,,,,,,,,,,,,,,,0.44,0.0,2.88,0.04670436,2.97340872,1.0,,,,,,,,,,,,,,,,,,,0.44,0.0,2.88,0.04670436,2.97340872,1.0,,,,,,,,,,,,,,,,,,,0.44,0.0,2.88,0.04670436,2.97340872,13.093633270165668
Chris Richards,DEF,Crystal Palace,4.4,0.0002314236255750877,0.0002314236255750877,0.0002314236255750877,0.5205453130708617,0.0,0.0,0.2311604253351826,0.5393743257820928,-0.30821390044691016,Arsenal,H,0.9259259259259258,0.0002314236255750877,0.9259259259259258,,,,,,0.16420361247947454,0.553475935828877,0.11963882618510159,,,,,,1.0522958127523794,1.0784459834945914,,,0.9120567075301383,0.0,0.0,0.0,2.7734077126611667,0.0,,,,,,,,,,,,,,0.16420361247947454,0.553475935828877,0.11963882618510159,,,0.5205453130708617,0.0,0.0,0.0,0.0,0.0,,,,,,,,,,,,,,,,,,,0.5205453130708617,0.0,0.0,0.0,0.0,0.0,,,,,,,,,,,,,,,,,,,0.5205453130708617,0.0,0.0,0.0,0.0,0.0,,,,,,,,,,,,,,,,,,,0.5205453130708617,0.0,0.0,0.0,0.0,0.0,,,,,,,,,,,,,,,,,,,0.5205453130708617,0.0,0.0,0.0,0.0,0.0
Daniel Munoz,DEF,Crystal Palace,5.9,0.0002314236255750877,0.0002314236255750877,0.0002314236255750877,0.2317727870725501,0.0,1.0,0.2311604253351826,0.5393743257820928,-0.30821390044691016,Arsenal,H,0.9259259259259258,0.0002314236255750877,0.9259259259259258,0.13605442176870747,0.011757789535567312,0.0,0.21164021164021163,0.15873015873015872,0.16420361247947454,0.553475935828877,0.11963882618510159,,,2.026784675956188,1.8898976079886287,0.6609278940406941,1.0522958127523794,1.0784459834945914,,,0.9120567075301383,3.137194244051166,0.052754083008571526,3.242702410068309,2.7734077126611667,1.0,,,,,,,,,,,,,,0.16420361247947454,0.553475935828877,0.11963882618510159,,,0.2317727870725501,0.0,1.7741305000350414,0.020692097621824248,1.8155146952786898,1.0,,,,,,,,,,,,,,,,,,,0.2317727870725501,0.0,2.4635455741451002,0.03690851899504105,2.5373626121351824,1.0,,,,,,,,,,,,,,,,,,,0.2317727870725501,0.0,2.4635455741451002,0.03690851899504105,2.5373626121351824,1.0,,,,,,,,,,,,,,,,,,,0.2317727870725501,0.0,2.4635455741451002,0.03690851899504105,2.5373626121351824,1.0,,,,,,,,,,,,,,,,,,,0.2317727870725501,0.0,2.4635455741451002,0.03690851899504105,2.5373626121351824,11.890505215033707
Danny Imray,DEF,Crystal Palace,4.0,0.0002314236255750877,0.0002314236255750877,0.0002314236255750877,0.44,0.0,0.0,0.2311604253351826,0.5393743257820928,-0.30821390044691016,Arsenal,H,0.9259259259259258,0.0002314236255750877,0.9259259259259258,,,,,,0.16420361247947454,0.553475935828877,0.11963882618510159,,,,,,1.0522958127523794,1.0784459834945914,,,0.9120567075301383,0.0,0.0,0.0,2.7734077126611667,0.0,,,,,,,,,,,,,,0.16420361247947454,0.553475935828877,0.11963882618510159,,,0.44,0.0,0.0,0.0,0.0,0.0,,,,,,,,,,,,,,,,,,,0.44,0.0,0.0,0.0,0.0,0.0,,,,,,,,,,,,,,,,,,,0.44,0.0,0.0,0.0,0.0,0.0,,,,,,,,,,,,,,,,,,,0.44,0.0,0.0,0.0,0.0,0.0,,,,,,,,,,,,,,,,,,,0.44,0.0,0.0,0.0,0.0,0.0
Dean Benamar,DEF,Crystal Palace,4.0,0.0002314236255750877,0.0002314236255750877,0.0002314236255750877,0.44,0.0,0.0,0.2311604253351826,0.5393743257820928,-0.30821390044691016,Arsenal,H,0.9259259259259258,0.0002314236255750877,0.9259259259259258,,,,,,0.16420361247947454,0.553475935828877,0.11963882618510159,,,,,,1.0522958127523794,1.0784459834945914,,,0.9120567075301383,0.0,0.0,0.0,2.7734077126611667,0.0,,,,,,,,,,,,,,0.16420361247947454,0.553475935828877,0.11963882618510159,,,0.44,0.0,0.0,0.0,0.0,0.0,,,,,,,,,,,,,,,,,,,0.44,0.0,0.0,0.0,0.0,0.0,,,,,,,,,,,,,,,,,,,0.44,0.0,0.0,0.0,0.0,0.0,,,,,,,,,,,,,,,,,,,0.44,0.0,0.0,0.0,0.0,0.0,,,,,,,,,,,,,,,,,,,0.44,0.0,0.0,0.0,0.0,0.0
George King,DEF,Crystal Palace,4.0,0.0002314236255750877,0.0002314236255750877,0.0002314236255750877,0.44,0.0,0.0,0.2311604253351826,0.5393743257820928,-0.30821390044691016,Arsenal,H,0.9259259259259258,0.0002314236255750877,0.9259259259259258,,,,,,0.16420361247947454,0.553475935828877,0.11963882618510159,,,,,,1.0522958127523794,1.0784459834945914,,,0.9120567075301383,0.0,0.0,0.0,2.7734077126611667,0.0,,,,,,,,,,,,,,0.16420361247947454,0.553475935828877,0.11963882618510159,,,0.44,0.0,0.0,0.0,0.0,0.0,,,,,,,,,,,,,,,,,,,0.44,0.0,0.0,0.0,0.0,0.0,,,,,,,,,,,,,,,,,,,0.44,0.0,0.0,0.0,0.0,0.0,,,,,,,,,,,,,,,,,,,0.44,0.0,0.0,0.0,0.0,0.0,,,,,,,,,,,,,,,,,,,0.44,0.0,0.0,0.0,0.0,0.0
Jaydee Canvot,DEF,Crystal Palace,4.5,0.0002314236255750877,0.0002314236255750877,0.0002314236255750877,0.44,0.0,1.0,0.2311604253351826,0.5393743257820928,-0.30821390044691016,Arsenal,H,0.9259259259259258,0.0002314236255750877,0.9259259259259258,0.05602240896358543,0.004738213693437574,0.0,0.08658008658008658,0.15741833923652104,0.16420361247947454,0.553475935828877,0.11963882618510159,,,0.8345583959819598,0.7731399305408027,0.6554656800403578,1.0522958127523794,1.0784459834945914,,,0.9120567075301383,2.657470582335818,0.04147002303770311,2.740410628411224,2.7734077126611667,1.0,,,,,,,,,,,,,,0.16420361247947454,0.553475935828877,0.11963882618510159,,,0.44,0.0,2.190584925889941,0.030487938626783197,2.2515608031435073,1.0,,,,,,,,,,,,,,,,,,,0.44,0.0,2.88,0.04670436,2.97340872,1.0,,,,,,,,,,,,,,,,,,,0.44,0.0,2.88,0.04670436,2.97340872,1.0,,,,,,,,,,,,,,,,,,,0.44,0.0,2.88,0.04670436,2.97340872,1.0,,,,,,,,,,,,,,,,,,,0.44,0.0,2.88,0.04670436,2.97340872,12.979781727083205
Maxence Lacroix,DEF,Crystal Palace,5.1,0.0002314236255750877,0.0002314236255750877,0.0002314236255750877,0.5577231472353187,0.0,1.0,0.2311604253351826,0.5393743257820928,-0.30821390044691016,Arsenal,H,0.9259259259259258,0.0002314236255750877,0.9259259259259258,0.07936507936507936,0.004738213693437574,0.0,0.09523809523809523,0.12210012210012211,0.16420361247947454,0.553475935828877,0.11963882618510159,,,1.182291060974443,0.8504539235948829,0.5084060723389956,1.0522958127523794,1.0784459834945914,,,0.9120567075301383,3.0942651423258436,0.0517443046777885,3.1977537516814207,2.7734077126611667,1.0,,,,,,,,,,,,,,0.16420361247947454,0.553475935828877,0.11963882618510159,,,0.5577231472353187,0.0,2.4260312203605787,0.03602610636532154,2.498083433091222,1.0,,,,,,,,,,,,,,,,,,,0.5577231472353187,0.0,3.1154462944706376,0.05224252773853834,3.2199313499477142,1.0,,,,,,,,,,,,,,,,,,,0.5577231472353187,0.0,3.1154462944706376,0.05224252773853834,3.2199313499477142,1.0,,,,,,,,,,,,,,,,,,,0.5577231472353187,0.0,3.1154462944706376,0.05224252773853834,3.2199313499477142,1.0,,,,,,,,,,,,,,,,,,,0.5577231472353187,0.0,3.1154462944706376,0.05224252773853834,3.2199313499477142,14.336932449662559
Nathaniel Clyne,DEF,Crystal Palace,3.8,0.0002314236255750877,0.0002314236255750877,0.0002314236255750877,0.26512164878773414,0.0,0.0,0.2311604253351826,0.5393743257820928,-0.30821390044691016,Arsenal,H,0.9259259259259258,0.0002314236255750877,0.9259259259259258,0.07936507936507936,0.004738213693437574,0.0,0.17316017316017315,0.10582010582010581,0.16420361247947454,0.553475935828877,0.11963882618510159,,,1.182291060974443,1.5462798610816053,0.4406185960271294,1.0522958127523794,1.0784459834945914,,,0.9120567075301383,0.0,0.0,0.0,2.7734077126611667,0.0,,,,,,,,,,,,,,0.16420361247947454,0.553475935828877,0.11963882618510159,,,0.26512164878773414,0.0,0.0,0.0,0.0,0.0,,,,,,,,,,,,,,,,,,,0.26512164878773414,0.0,0.0,0.0,0.0,0.0,,,,,,,,,,,,,,,,,,,0.26512164878773414,0.0,0.0,0.0,0.0,0.0,,,,,,,,,,,,,,,,,,,0.26512164878773414,0.0,0.0,0.0,0.0,0.0,,,,,,,,,,,,,,,,,,,0.26512164878773414,0.0,0.0,0.0,0.0,0.0
Rob Holding,DEF,Crystal Palace,4.0,0.0002314236255750877,0.0002314236255750877,0.0002314236255750877,0.44,0.0,0.0,0.2311604253351826,0.5393743257820928,-0.30821390044691016,Arsenal,H,0.9259259259259258,0.0002314236255750877,0.9259259259259258,,,,,,0.16420361247947454,0.553475935828877,0.11963882618510159,,,,,,1.0522958127523794,1.0784459834945914,,,0.9120567075301383,0.0,0.0,0.0,2.7734077126611667,0.0,,,,,,,,,,,,,,0.16420361247947454,0.553475935828877,0.11963882618510159,,,0.44,0.0,0.0,0.0,0.0,0.0,,,,,,,,,,,,,,,,,,,0.44,0.0,0.0,0.0,0.0,0.0,,,,,,,,,,,,,,,,,,,0.44,0.0,0.0,0.0,0.0,0.0,,,,,,,,,,,,,,,,,,,0.44,0.0,0.0,0.0,0.0,0.0,,,,,,,,,,,,,,,,,,,0.44,0.0,0.0,0.0,0.0,0.0
Tyrick Mitchell,DEF,Crystal Palace,5.0,0.0002314236255750877,0.0002314236255750877,0.0002314236255750877,0.23392082096365485,0.0,0.0,0.2311604253351826,0.5393743257820928,-0.30821390044691016,Arsenal,H,0.9259259259259258,0.0002314236255750877,0.9259259259259258,0.06349206349206349,0.004738213693437574,0.0,0.19047619047619047,0.0992063492063492,0.16420361247947454,0.553475935828877,0.11963882618510159,,,0.9458328487795544,1.7009078471897658,0.41307993377543384,1.0522958127523794,1.0784459834945914,,,0.9120567075301383,0.0,0.0,0.0,2.7734077126611667,0.0,,,,,,,,,,,,,,0.16420361247947454,0.553475935828877,0.11963882618510159,,,0.23392082096365485,0.0,0.0,0.0,0.0,0.0,,,,,,,,,,,,,,,,,,,0.23392082096365485,0.0,0.0,0.0,0.0,0.0,,,,,,,,,,,,,,,,,,,0.23392082096365485,0.0,0.0,0.0,0.0,0.0,,,,,,,,,,,,,,,,,,,0.23392082096365485,0.0,0.0,0.0,0.0,0.0,,,,,,,,,,,,,,,,,,,0.23392082096365485,0.0,0.0,0.0,0.0,0.0
Adam Wharton,MID,Crystal Palace,5.0,0.0002314236255750877,0.0002314236255750877,0.0002314236255750877,0.0,0.3802737488327468,0.0,0.2311604253351826,0.5393743257820928,-0.30821390044691016,Arsenal,H,0.9259259259259258,0.0002314236255750877,0.9259259259259258,0.07326007326007326,0.004738213693437574,0.0,0.26455026455026454,0.1304631441617743,0.16420361247947454,0.553475935828877,0.11963882618510159,,,0.5322509940322031,1.5761896902084098,0.535770134766583,1.0517970270254327,1.0811224587805444,,,0.9148480890485818,0.0,0.0,0.0,3.82937306572019,0.0,,,,,,,,,,,,,,0.16420361247947454,0.553475935828877,0.11963882618510159,,,0.0,0.3802737488327468,0.0,0.0,0.0,0.0,,,,,,,,,,,,,,,,,,,0.0,0.3802737488327468,0.0,0.0,0.0,0.0,,,,,,,,,,,,,,,,,,,0.0,0.3802737488327468,0.0,0.0,0.0,0.0,,,,,,,,,,,,,,,,,,,0.0,0.3802737488327468,0.0,0.0,0.0,0.0,,,,,,,,,,,,,,,,,,,0.0,0.3802737488327468,0.0,0.0,0.0,0.0
Asher Agbinone,MID,Crystal Palace,4.3,0.0002314236255750877,0.0002314236255750877,0.0002314236255750877,0.0,0.26,0.0,0.2311604253351826,0.5393743257820928,-0.30821390044691016,Arsenal,H,0.9259259259259258,0.0002314236255750877,0.9259259259259258,,,,,,0.16420361247947454,0.553475935828877,0.11963882618510159,,,,,,1.0517970270254327,1.0811224587805444,,,0.9148480890485818,0.0,0.0,0.0,3.82937306572019,0.0,,,,,,,,,,,,,,0.16420361247947454,0.553475935828877,0.11963882618510159,,,0.0,0.26,0.0,0.0,0.0,0.0,,,,,,,,,,,,,,,,,,,0.0,0.26,0.0,0.0,0.0,0.0,,,,,,,,,,,,,,,,,,,0.0,0.26,0.0,0.0,0.0,0.0,,,,,,,,,,,,,,,,,,,0.0,0.26,0.0,0.0,0.0,0.0,,,,,,,,,,,,,,,,,,,0.0,0.26,0.0,0.0,0.0,0.0
Brennan Johnson,MID,Crystal Palace,6.5,0.0002314236255750877,0.0002314236255750877,0.0002314236255750877,0.0,0.07622193158107282,1.0,0.2311604253351826,0.5393743257820928,-0.30821390044691016,Arsenal,H,0.9259259259259258,0.0002314236255750877,0.9259259259259258,0.21164021164021163,0.03072196620583717,0.0,0.21994941163532386,0.13903371567605144,0.16420361247947454,0.553475935828877,0.11963882618510159,,,1.5376139827596977,1.3104579410508719,0.5709667129629279,1.0517970270254327,1.0811224587805444,,,0.9148480890485818,4.049272884101784,0.07420799677984216,4.197688877661468,3.82937306572019,1.0,,,,,,,,,,,,,,0.16420361247947454,0.553475935828877,0.11963882618510159,,,0.0,0.07622193158107282,2.31664747564162,0.03345318192204219,2.3835538394857045,1.0,,,,,,,,,,,,,,,,,,,0.0,0.07622193158107282,2.1524438631621456,0.029590784549299993,2.2116254322607456,1.0,,,,,,,,,,,,,,,,,,,0.0,0.07622193158107282,2.1524438631621456,0.029590784549299993,2.2116254322607456,1.0,,,,,,,,,,,,,,,,,,,0.0,0.07622193158107282,2.1524438631621456,0.029590784549299993,2.2116254322607456,1.0,,,,,,,,,,,,,,,,,,,0.0,0.07622193158107282,2.1524438631621456,0.029590784549299993,2.2116254322607456,12.416260851554405
Cheick Doucoure,MID,Crystal Palace,4.9,0.0002314236255750877,0.0002314236255750877,0.0002314236255750877,0.0,0.26,0.0,0.2311604253351826,0.5393743257820928,-0.30821390044691016,Arsenal,H,0.9259259259259258,0.0002314236255750877,0.9259259259259258,0.06349206349206349,0.004738213693437574,0.0,0.11904761904761904,0.16006402561024408,0.16420361247947454,0.553475935828877,0.11963882618510159,,,0.46128419482790933,0.7092853605937843,0.6573314258480766,1.0517970270254327,1.0811224587805444,,,0.9148480890485818,0.0,0.0,0.0,3.82937306572019,0.0,,,,,,,,,,,,,,0.16420361247947454,0.553475935828877,0.11963882618510159,,,0.0,0.26,0.0,0.0,0.0,0.0,,,,,,,,,,,,,,,,,,,0.0,0.26,0.0,0.0,0.0,0.0,,,,,,,,,,,,,,,,,,,0.0,0.26,0.0,0.0,0.0,0.0,,,,,,,,,,,,,,,,,,,0.0,0.26,0.0,0.0,0.0,0.0,,,,,,,,,,,,,,,,,,,0.0,0.26,0.0,0.0,0.0,0.0
Daichi Kamada,MID,Crystal Palace,5.0,0.0002314236255750877,0.0002314236255750877,0.0002314236255750877,0.0,0.32378418381552776,0.0,0.2311604253351826,0.5393743257820928,-0.30821390044691016,Arsenal,H,0.9259259259259258,0.0002314236255750877,0.9259259259259258,0.11204481792717086,0.009429514380009428,0.0,0.14652014652014653,0.11614401858304298,0.16420361247947454,0.553475935828877,0.11963882618510159,,,0.8140309320492517,0.8729665976538885,0.4769660955848849,1.0517970270254327,1.0811224587805444,,,0.9148480890485818,0.0,0.0,0.0,3.82937306572019,0.0,,,,,,,,,,,,,,0.16420361247947454,0.553475935828877,0.11963882618510159,,,0.0,0.32378418381552776,0.0,0.0,0.0,0.0,,,,,,,,,,,,,,,,,,,0.0,0.32378418381552776,0.0,0.0,0.0,0.0,,,,,,,,,,,,,,,,,,,0.0,0.32378418381552776,0.0,0.0,0.0,0.0,,,,,,,,,,,,,,,,,,,0.0,0.32378418381552776,0.0,0.0,0.0,0.0,,,,,,,,,,,,,,,,,,,0.0,0.32378418381552776,0.0,0.0,0.0,0.0
David Ozoh,MID,Crystal Palace,4.5,0.0002314236255750877,0.0002314236255750877,0.0002314236255750877,0.0,0.26,0.0,0.2311604253351826,0.5393743257820928,-0.30821390044691016,Arsenal,H,0.9259259259259258,0.0002314236255750877,0.9259259259259258,,,,,,0.16420361247947454,0.553475935828877,0.11963882618510159,,,,,,1.0517970270254327,1.0811224587805444,,,0.9148480890485818,0.0,0.0,0.0,3.82937306572019,0.0,,,,,,,,,,,,,,0.16420361247947454,0.553475935828877,0.11963882618510159,,,0.0,0.26,0.0,0.0,0.0,0.0,,,,,,,,,,,,,,,,,,,0.0,0.26,0.0,0.0,0.0,0.0,,,,,,,,,,,,,,,,,,,0.0,0.26,0.0,0.0,0.0,0.0,,,,,,,,,,,,,,,,,,,0.0,0.26,0.0,0.0,0.0,0.0,,,,,,,,,,,,,,,,,,,0.0,0.26,0.0,0.0,0.0,0.0
Evann Guessand,MID,Crystal Palace,6.2,0.0002314236255750877,0.0002314236255750877,0.0002314236255750877,0.0,0.2146248609013215,0.0,0.2311604253351826,0.5393743257820928,-0.30821390044691016,Arsenal,H,0.9259259259259258,0.0002314236255750877,0.9259259259259258,0.25396825396825395,0.047619047619047616,0.0,0.21164021164021163,0.10582010582010581,0.16420361247947454,0.553475935828877,0.11963882618510159,,,1.8451367793116373,1.2609517521667277,0.4345691093106729,1.0517970270254327,1.0811224587805444,,,0.9148480890485818,0.0,0.0,0.0,3.82937306572019,0.0,,,,,,,,,,,,,,0.16420361247947454,0.553475935828877,0.11963882618510159,,,0.0,0.2146248609013215,0.0,0.0,0.0,0.0,,,,,,,,,,,,,,,,,,,0.0,0.2146248609013215,0.0,0.0,0.0,0.0,,,,,,,,,,,,,,,,,,,0.0,0.2146248609013215,0.0,0.0,0.0,0.0,,,,,,,,,,,,,,,,,,,0.0,0.2146248609013215,0.0,0.0,0.0,0.0,,,,,,,,,,,,,,,,,,,0.0,0.2146248609013215,0.0,0.0,0.0,0.0
Franco Umeh-Chibueze,MID,Crystal Palace,4.5,0.0002314236255750877,0.0002314236255750877,0.0002314236255750877,0.0,0.26,0.0,0.2311604253351826,0.5393743257820928,-0.30821390044691016,Arsenal,H,0.9259259259259258,0.0002314236255750877,0.9259259259259258,,,,,,0.16420361247947454,0.553475935828877,0.11963882618510159,,,,,,1.0517970270254327,1.0811224587805444,,,0.9148480890485818,0.0,0.0,0.0,3.82937306572019,0.0,,,,,,,,,,,,,,0.16420361247947454,0.553475935828877,0.11963882618510159,,,0.0,0.26,0.0,0.0,0.0,0.0,,,,,,,,,,,,,,,,,,,0.0,0.26,0.0,0.0,0.0,0.0,,,,,,,,,,,,,,,,,,,0.0,0.26,0.0,0.0,0.0,0.0,,,,,,,,,,,,,,,,,,,0.0,0.26,0.0,0.0,0.0,0.0,,,,,,,,,,,,,,,,,,,0.0,0.26,0.0,0.0,0.0,0.0
Ismaila Sarr,MID,Crystal Palace,6.4,0.0002314236255750877,0.0002314236255750877,0.0002314236255750877,0.0,0.07656372550983481,0.0,0.2311604253351826,0.5393743257820928,-0.30821390044691016,Arsenal,H,0.9259259259259258,0.0002314236255750877,0.9259259259259258,0.26455026455026454,0.05291005291005291,0.0,0.21164021164021163,0.0992063492063492,0.16420361247947454,0.553475935828877,0.11963882618510159,,,1.922017478449622,1.2609517521667277,0.4074085399787558,1.0517970270254327,1.0811224587805444,,,0.9148480890485818,0.0,0.0,0.0,3.82937306572019,0.0,,,,,,,,,,,,,,0.16420361247947454,0.553475935828877,0.11963882618510159,,,0.0,0.07656372550983481,0.0,0.0,0.0,0.0,,,,,,,,,,,,,,,,,,,0.0,0.07656372550983481,0.0,0.0,0.0,0.0,,,,,,,,,,,,,,,,,,,0.0,0.07656372550983481,0.0,0.0,0.0,0.0,,,,,,,,,,,,,,,,,,,0.0,0.07656372550983481,0.0,0.0,0.0,0.0,,,,,,,,,,,,,,,,,,,0.0,0.07656372550983481,0.0,0.0,0.0,0.0
Jefferson Lerma,MID,Crystal Palace,4.9,0.0002314236255750877,0.0002314236255750877,0.0002314236255750877,0.0,0.44696488337638596,1.0,0.2311604253351826,0.5393743257820928,-0.30821390044691016,Arsenal,H,0.9259259259259258,0.0002314236255750877,0.9259259259259258,0.09523809523809523,0.005411255411255411,0.0,0.19047619047619047,0.17006802721088435,0.16420361247947454,0.553475935828877,0.11963882618510159,,,0.691926292241864,1.134856576950055,0.6984146399635814,1.0517970270254327,1.0811224587805444,,,0.9148480890485818,3.962740676696687,0.07217258619725947,4.107085849091206,3.82937306572019,1.0,,,,,,,,,,,,,,0.16420361247947454,0.553475935828877,0.11963882618510159,,,0.0,0.44696488337638596,3.0581333792322463,0.050894413346300904,3.159922205924848,1.0,,,,,,,,,,,,,,,,,,,0.0,0.44696488337638596,2.893929766752772,0.0470320159735587,2.9879937986998892,1.0,,,,,,,,,,,,,,,,,,,0.0,0.44696488337638596,2.893929766752772,0.0470320159735587,2.9879937986998892,1.0,,,,,,,,,,,,,,,,,,,0.0,0.44696488337638596,2.893929766752772,0.0470320159735587,2.9879937986998892,1.0,,,,,,,,,,,,,,,,,,,0.0,0.44696488337638596,2.893929766752772,0.0470320159735587,2.9879937986998892,15.159402360487015
Jesurun Rak-Sakyi,MID,Crystal Palace,4.4,0.0002314236255750877,0.0002314236255750877,0.0002314236255750877,0.0,0.26,0.0,0.2311604253351826,0.5393743257820928,-0.30821390044691016,Arsenal,H,0.9259259259259258,0.0002314236255750877,0.9259259259259258,,,,,,0.16420361247947454,0.553475935828877,0.11963882618510159,,,,,,1.0517970270254327,1.0811224587805444,,,0.9148480890485818,0.0,0.0,0.0,3.82937306572019,0.0,,,,,,,,,,,,,,0.16420361247947454,0.553475935828877,0.11963882618510159,,,0.0,0.26,0.0,0.0,0.0,0.0,,,,,,,,,,,,,,,,,,,0.0,0.26,0.0,0.0,0.0,0.0,,,,,,,,,,,,,,,,,,,0.0,0.26,0.0,0.0,0.0,0.0,,,,,,,,,,,,,,,,,,,0.0,0.26,0.0,0.0,0.0,0.0,,,,,,,,,,,,,,,,,,,0.0,0.26,0.0,0.0,0.0,0.0
Joél Drakes-Thomas,MID,Crystal Palace,4.5,0.0002314236255750877,0.0002314236255750877,0.0002314236255750877,0.0,0.26,0.0,0.2311604253351826,0.5393743257820928,-0.30821390044691016,Arsenal,H,0.9259259259259258,0.0002314236255750877,0.9259259259259258,,,,,,0.16420361247947454,0.553475935828877,0.11963882618510159,,,,,,1.0517970270254327,1.0811224587805444,,,0.9148480890485818,0.0,0.0,0.0,3.82937306572019,0.0,,,,,,,,,,,,,,0.16420361247947454,0.553475935828877,0.11963882618510159,,,0.0,0.26,0.0,0.0,0.0,0.0,,,,,,,,,,,,,,,,,,,0.0,0.26,0.0,0.0,0.0,0.0,,,,,,,,,,,,,,,,,,,0.0,0.26,0.0,0.0,0.0,0.0,,,,,,,,,,,,,,,,,,,0.0,0.26,0.0,0.0,0.0,0.0,,,,,,,,,,,,,,,,,,,0.0,0.26,0.0,0.0,0.0,0.0
Justin Devenny,MID,Crystal Palace,4.3,0.0002314236255750877,0.0002314236255750877,0.0002314236255750877,0.0,0.13054692016147873,1.0,0.2311604253351826,0.5393743257820928,-0.30821390044691016,Arsenal,H,0.9259259259259258,0.0002314236255750877,0.9259259259259258,0.17316017316017315,0.020703933747412008,0.0,0.21164021164021163,0.14998125234345705,0.16420361247947454,0.553475935828877,0.11963882618510159,,,1.2580478040761163,1.2609517521667277,0.6159247218576466,1.0517970270254327,1.0811224587805444,,,0.9148480890485818,3.879557369917535,0.07021594845520027,4.019989266827936,3.82937306572019,1.0,,,,,,,,,,,,,,0.16420361247947454,0.553475935828877,0.11963882618510159,,,0.0,0.13054692016147873,2.4252974528024316,0.036008846684818796,2.497315146172069,1.0,,,,,,,,,,,,,,,,,,,0.0,0.13054692016147873,2.2610938403229577,0.03214644931207661,2.325386738947111,1.0,,,,,,,,,,,,,,,,,,,0.0,0.13054692016147873,2.2610938403229577,0.03214644931207661,2.325386738947111,1.0,,,,,,,,,,,,,,,,,,,0.0,0.13054692016147873,2.2610938403229577,0.03214644931207661,2.325386738947111,1.0,,,,,,,,,,,,,,,,,,,0.0,0.13054692016147873,2.2610938403229577,0.03214644931207661,2.325386738947111,12.653790010126105
Kaden Rodney,MID,Crystal Palace,4.4,0.0002314236255750877,0.0002314236255750877,0.0002314236255750877,0.0,0.26,0.0,0.2311604253351826,0.5393743257820928,-0.30821390044691016,Arsenal,H,0.9259259259259258,0.0002314236255750877,0.9259259259259258,0.11204481792717086,0.007558578987150415,0.0,0.11204481792717086,0.1341381623071764,0.16420361247947454,0.553475935828877,0.11963882618510159,,,0.8140309320492517,0.6675626923235617,0.5508622512388812,1.0517970270254327,1.0811224587805444,,,0.9148480890485818,0.0,0.0,0.0,3.82937306572019,0.0,,,,,,,,,,,,,,0.16420361247947454,0.553475935828877,0.11963882618510159,,,0.0,0.26,0.0,0.0,0.0,0.0,,,,,,,,,,,,,,,,,,,0.0,0.26,0.0,0.0,0.0,0.0,,,,,,,,,,,,,,,,,,,0.0,0.26,0.0,0.0,0.0,0.0,,,,,,,,,,,,,,,,,,,0.0,0.26,0.0,0.0,0.0,0.0,,,,,,,,,,,,,,,,,,,0.0,0.26,0.0,0.0,0.0,0.0
Malcolm Ebiowei,MID,Crystal Palace,4.5,0.0002314236255750877,0.0002314236255750877,0.0002314236255750877,0.0,0.26,0.0,0.2311604253351826,0.5393743257820928,-0.30821390044691016,Arsenal,H,0.9259259259259258,0.0002314236255750877,0.9259259259259258,,,,,,0.16420361247947454,0.553475935828877,0.11963882618510159,,,,,,1.0517970270254327,1.0811224587805444,,,0.9148480890485818,0.0,0.0,0.0,3.82937306572019,0.0,,,,,,,,,,,,,,0.16420361247947454,0.553475935828877,0.11963882618510159,,,0.0,0.26,0.0,0.0,0.0,0.0,,,,,,,,,,,,,,,,,,,0.0,0.26,0.0,0.0,0.0,0.0,,,,,,,,,,,,,,,,,,,0.0,0.26,0.0,0.0,0.0,0.0,,,,,,,,,,,,,,,,,,,0.0,0.26,0.0,0.0,0.0,0.0,,,,,,,,,,,,,,,,,,,0.0,0.26,0.0,0.0,0.0,0.0
Matheus França de Oliveira,MID,Crystal Palace,4.5,0.0002314236255750877,0.0002314236255750877,0.0002314236255750877,0.0,0.26,0.0,0.2311604253351826,0.5393743257820928,-0.30821390044691016,Arsenal,H,0.9259259259259258,0.0002314236255750877,0.9259259259259258,,,,,,0.16420361247947454,0.553475935828877,0.11963882618510159,,,,,,1.0517970270254327,1.0811224587805444,,,0.9148480890485818,0.0,0.0,0.0,3.82937306572019,0.0,,,,,,,,,,,,,,0.16420361247947454,0.553475935828877,0.11963882618510159,,,0.0,0.26,0.0,0.0,0.0,0.0,,,,,,,,,,,,,,,,,,,0.0,0.26,0.0,0.0,0.0,0.0,,,,,,,,,,,,,,,,,,,0.0,0.26,0.0,0.0,0.0,0.0,,,,,,,,,,,,,,,,,,,0.0,0.26,0.0,0.0,0.0,0.0,,,,,,,,,,,,,,,,,,,0.0,0.26,0.0,0.0,0.0,0.0
Naouirou Ahamada,MID,Crystal Palace,4.3,0.0002314236255750877,0.0002314236255750877,0.0002314236255750877,0.0,0.26,0.0,0.2311604253351826,0.5393743257820928,-0.30821390044691016,Arsenal,H,0.9259259259259258,0.0002314236255750877,0.9259259259259258,,,,,,0.16420361247947454,0.553475935828877,0.11963882618510159,,,,,,1.0517970270254327,1.0811224587805444,,,0.9148480890485818,0.0,0.0,0.0,3.82937306572019,0.0,,,,,,,,,,,,,,0.16420361247947454,0.553475935828877,0.11963882618510159,,,0.0,0.26,0.0,0.0,0.0,0.0,,,,,,,,,,,,,,,,,,,0.0,0.26,0.0,0.0,0.0,0.0,,,,,,,,,,,,,,,,,,,0.0,0.26,0.0,0.0,0.0,0.0,,,,,,,,,,,,,,,,,,,0.0,0.26,0.0,0.0,0.0,0.0,,,,,,,,,,,,,,,,,,,0.0,0.26,0.0,0.0,0.0,0.0
Rio Cardines,MID,Crystal Palace,4.4,0.0002314236255750877,0.0002314236255750877,0.0002314236255750877,0.0,0.26,0.0,0.2311604253351826,0.5393743257820928,-0.30821390044691016,Arsenal,H,0.9259259259259258,0.0002314236255750877,0.9259259259259258,0.06349206349206349,0.004738213693437574,0.0,0.21164021164021163,0.12870012870012867,0.16420361247947454,0.553475935828877,0.11963882618510159,,,0.46128419482790933,1.2609517521667277,0.5285299978102778,1.0517970270254327,1.0811224587805444,,,0.9148480890485818,0.0,0.0,0.0,3.82937306572019,0.0,,,,,,,,,,,,,,0.16420361247947454,0.553475935828877,0.11963882618510159,,,0.0,0.26,0.0,0.0,0.0,0.0,,,,,,,,,,,,,,,,,,,0.0,0.26,0.0,0.0,0.0,0.0,,,,,,,,,,,,,,,,,,,0.0,0.26,0.0,0.0,0.0,0.0,,,,,,,,,,,,,,,,,,,0.0,0.26,0.0,0.0,0.0,0.0,,,,,,,,,,,,,,,,,,,0.0,0.26,0.0,0.0,0.0,0.0
Romain Esse,MID,Crystal Palace,4.7,0.0002314236255750877,0.0002314236255750877,0.0002314236255750877,0.0,0.26,0.0,0.2311604253351826,0.5393743257820928,-0.30821390044691016,Arsenal,H,0.9259259259259258,0.0002314236255750877,0.9259259259259258,,,,,,0.16420361247947454,0.553475935828877,0.11963882618510159,,,,,,1.0517970270254327,1.0811224587805444,,,0.9148480890485818,0.0,0.0,0.0,3.82937306572019,0.0,,,,,,,,,,,,,,0.16420361247947454,0.553475935828877,0.11963882618510159,,,0.0,0.26,0.0,0.0,0.0,0.0,,,,,,,,,,,,,,,,,,,0.0,0.26,0.0,0.0,0.0,0.0,,,,,,,,,,,,,,,,,,,0.0,0.26,0.0,0.0,0.0,0.0,,,,,,,,,,,,,,,,,,,0.0,0.26,0.0,0.0,0.0,0.0,,,,,,,,,,,,,,,,,,,0.0,0.26,0.0,0.0,0.0,0.0
Will Hughes,MID,Crystal Palace,4.7,0.0002314236255750877,0.0002314236255750877,0.0002314236255750877,0.0,0.2237696383817308,1.0,0.2311604253351826,0.5393743257820928,-0.30821390044691016,Arsenal,H,0.9259259259259258,0.0002314236255750877,0.9259259259259258,0.07936507936507936,0.004738213693437574,0.0,0.17316017316017315,0.1763668430335097,0.16420361247947454,0.553475935828877,0.11963882618510159,,,0.5766052435348866,1.0316877972273228,0.7242818488511215,1.0517970270254327,1.0811224587805444,,,0.9148480890485818,3.37537303098253,0.05835652443477107,3.492086079852072,3.82937306572019,1.0,,,,,,,,,,,,,,0.16420361247947454,0.553475935828877,0.11963882618510159,,,0.0,0.2237696383817308,2.6117428892429357,0.040394416240772335,2.6925317217244804,1.0,,,,,,,,,,,,,,,,,,,0.0,0.2237696383817308,2.447539276763462,0.03653201886803015,2.520603314499522,1.0,,,,,,,,,,,,,,,,,,,0.0,0.2237696383817308,2.447539276763462,0.03653201886803015,2.520603314499522,1.0,,,,,,,,,,,,,,,,,,,0.0,0.2237696383817308,2.447539276763462,0.03653201886803015,2.520603314499522,1.0,,,,,,,,,,,,,,,,,,,0.0,0.2237696383817308,2.447539276763462,0.03653201886803015,2.520603314499522,12.83842732391654
Yeremy Pino,MID,Crystal Palace,5.8,0.0002314236255750877,0.0002314236255750877,0.0002314236255750877,0.0,0.12119222314352351,1.0,0.2311604253351826,0.5393743257820928,-0.30821390044691016,Arsenal,H,0.9259259259259258,0.0002314236255750877,0.9259259259259258,0.19047619047619047,0.023228803716608595,0.0,0.22675736961451246,0.15741833923652104,0.16420361247947454,0.553475935828877,0.11963882618510159,,,1.383852584483728,1.351019734464351,0.6464664436026538,1.0517970270254327,1.0811224587805444,,,0.9148480890485818,3.997966799337533,0.07300117505401746,4.143969149445568,3.82937306572019,1.0,,,,,,,,,,,,,,0.16420361247947454,0.553475935828877,0.11963882618510159,,,0.0,0.12119222314352351,2.4065880587665216,0.03556876431830612,2.4777255874031336,1.0,,,,,,,,,,,,,,,,,,,0.0,0.12119222314352351,2.242384446287047,0.03170636694556392,2.3057971801781747,1.0,,,,,,,,,,,,,,,,,,,0.0,0.12119222314352351,2.242384446287047,0.03170636694556392,2.3057971801781747,1.0,,,,,,,,,,,,,,,,,,,0.0,0.12119222314352351,2.242384446287047,0.03170636694556392,2.3057971801781747,1.0,,,,,,,,,,,,,,,,,,,0.0,0.12119222314352351,2.242384446287047,0.03170636694556392,2.3057971801781747,12.70626800323712
Ben Casey,FWD,Crystal Palace,4.5,0.0002314236255750877,0.0002314236255750877,0.0002314236255750877,0.0,0.0,0.0,0.2311604253351826,0.5393743257820928,-0.30821390044691016,Arsenal,H,0.9259259259259258,0.0002314236255750877,0.9259259259259258,,,,,,0.16420361247947454,0.553475935828877,0.11963882618510159,,,,,,1.0516080707081898,1.0724621393284393,,,0.9110308673817773,0.0,0.0,0.0,3.522663767215027,0.0,,,,,,,,,,,,,,0.16420361247947454,0.553475935828877,0.11963882618510159,,,0.0,0.0,0.0,0.0,0.0,0.0,,,,,,,,,,,,,,,,,,,0.0,0.0,0.0,0.0,0.0,0.0,,,,,,,,,,,,,,,,,,,0.0,0.0,0.0,0.0,0.0,0.0,,,,,,,,,,,,,,,,,,,0.0,0.0,0.0,0.0,0.0,0.0,,,,,,,,,,,,,,,,,,,0.0,0.0,0.0,0.0,0.0,0.0
Christantus Uche,FWD,Crystal Palace,5.5,0.0002314236255750877,0.0002314236255750877,0.0002314236255750877,0.0,0.0,0.0,0.2311604253351826,0.5393743257820928,-0.30821390044691016,Arsenal,H,0.9259259259259258,0.0002314236255750877,0.9259259259259258,0.26455026455026454,0.05012531328320802,0.0,0.2801120448179272,0.156128024980484,0.16420361247947454,0.553475935828877,0.11963882618510159,,,1.0087902204308759,1.6703331504659022,0.8396343448040275,1.0516080707081898,1.0724621393284393,,,0.9110308673817773,0.0,0.0,0.0,3.522663767215027,0.0,,,,,,,,,,,,,,0.16420361247947454,0.553475935828877,0.11963882618510159,,,0.0,0.0,0.0,0.0,0.0,0.0,,,,,,,,,,,,,,,,,,,0.0,0.0,0.0,0.0,0.0,0.0,,,,,,,,,,,,,,,,,,,0.0,0.0,0.0,0.0,0.0,0.0,,,,,,,,,,,,,,,,,,,0.0,0.0,0.0,0.0,0.0,0.0,,,,,,,,,,,,,,,,,,,0.0,0.0,0.0,0.0,0.0,0.0
Eddie Nketiah,FWD,Crystal Palace,5.4,0.0002314236255750877,0.0002314236255750877,0.0002314236255750877,0.0,0.0,0.0,0.2311604253351826,0.5393743257820928,-0.30821390044691016,Arsenal,H,0.9259259259259258,0.0002314236255750877,0.9259259259259258,,,,,,0.16420361247947454,0.553475935828877,0.11963882618510159,,,,,,1.0516080707081898,1.0724621393284393,,,0.9110308673817773,0.0,0.0,0.0,3.522663767215027,0.0,,,,,,,,,,,,,,0.16420361247947454,0.553475935828877,0.11963882618510159,,,0.0,0.0,0.0,0.0,0.0,0.0,,,,,,,,,,,,,,,,,,,0.0,0.0,0.0,0.0,0.0,0.0,,,,,,,,,,,,,,,,,,,0.0,0.0,0.0,0.0,0.0,0.0,,,,,,,,,,,,,,,,,,,0.0,0.0,0.0,0.0,0.0,0.0,,,,,,,,,,,,,,,,,,,0.0,0.0,0.0,0.0,0.0,0.0
Jean-Philippe Mateta,FWD,Crystal Palace,7.5,0.0002314236255750877,0.0002314236255750877,0.0002314236255750877,0.0,0.0,0.0,0.2311604253351826,0.5393743257820928,-0.30821390044691016,Arsenal,H,0.9259259259259258,0.0002314236255750877,0.9259259259259258,0.3401360544217687,0.08658008658008658,0.01,0.11904761904761904,0.10240655401945722,0.16420361247947454,0.553475935828877,0.11963882618510159,,,1.2970159976968403,0.7098915889480084,0.5507279035811362,1.0516080707081898,1.0724621393284393,,,0.9110308673817773,0.0,0.0,0.0,3.522663767215027,0.0,,,,,,,,,,,,,,0.16420361247947454,0.553475935828877,0.11963882618510159,,,0.0,0.0,0.0,0.0,0.0,0.0,,,,,,,,,,,,,,,,,,,0.0,0.0,0.0,0.0,0.0,0.0,,,,,,,,,,,,,,,,,,,0.0,0.0,0.0,0.0,0.0,0.0,,,,,,,,,,,,,,,,,,,0.0,0.0,0.0,0.0,0.0,0.0,,,,,,,,,,,,,,,,,,,0.0,0.0,0.0,0.0,0.0,0.0
Jorgen Strand Larsen,FWD,Crystal Palace,6.2,0.0002314236255750877,0.0002314236255750877,0.0002314236255750877,0.0,0.0,1.0,0.2311604253351826,0.5393743257820928,-0.30821390044691016,Arsenal,H,0.9259259259259258,0.0002314236255750877,0.9259259259259258,0.3072196620583717,0.07326007326007326,0.01,0.15873015873015872,0.1400560224089636,0.16420361247947454,0.553475935828877,0.11963882618510159,,,1.171498320500372,0.9465221185973446,0.7532013975447894,1.0516080707081898,1.0724621393284393,,,0.9110308673817773,3.898053395055293,0.0706510119584906,4.039355418972274,3.522663767215027,1.0,,,,,,,,,,,,,,0.16420361247947454,0.553475935828877,0.11963882618510159,,,0.0,0.0,2.0,0.026005000000000004,2.05201,1.0,,,,,,,,,,,,,,,,,,,0.0,0.0,2.0,0.026005000000000004,2.05201,1.0,,,,,,,,,,,,,,,,,,,0.0,0.0,2.0,0.026005000000000004,2.05201,1.0,,,,,,,,,,,,,,,,,,,0.0,0.0,2.0,0.026005000000000004,2.05201,1.0,,,,,,,,,,,,,,,,,,,0.0,0.0,2.0,0.026005000000000004,2.05201,11.529191918972273
Odsonne Édouard,FWD,Crystal Palace,5.0,0.0002314236255750877,0.0002314236255750877,0.0002314236255750877,0.0,0.0,0.0,0.2311604253351826,0.5393743257820928,-0.30821390044691016,Arsenal,H,0.9259259259259258,0.0002314236255750877,0.9259259259259258,,,,,,0.16420361247947454,0.553475935828877,0.11963882618510159,,,,,,1.0516080707081898,1.0724621393284393,,,0.9110308673817773,0.0,0.0,0.0,3.522663767215027,0.0,,,,,,,,,,,,,,0.16420361247947454,0.553475935828877,0.11963882618510159,,,0.0,0.0,0.0,0.0,0.0,0.0,,,,,,,,,,,,,,,,,,,0.0,0.0,0.0,0.0,0.0,0.0,,,,,,,,,,,,,,,,,,,0.0,0.0,0.0,0.0,0.0,0.0,,,,,,,,,,,,,,,,,,,0.0,0.0,0.0,0.0,0.0,0.0,,,,,,,,,,,,,,,,,,,0.0,0.0,0.0,0.0,0.0,0.0
Zach Marsh,FWD,Crystal Palace,4.4,0.0002314236255750877,0.0002314236255750877,0.0002314236255750877,0.0,0.0,0.0,0.2311604253351826,0.5393743257820928,-0.30821390044691016,Arsenal,H,0.9259259259259258,0.0002314236255750877,0.9259259259259258,,,,,,0.16420361247947454,0.553475935828877,0.11963882618510159,,,,,,1.0516080707081898,1.0724621393284393,,,0.9110308673817773,0.0,0.0,0.0,3.522663767215027,0.0,,,,,,,,,,,,,,0.16420361247947454,0.553475935828877,0.11963882618510159,,,0.0,0.0,0.0,0.0,0.0,0.0,,,,,,,,,,,,,,,,,,,0.0,0.0,0.0,0.0,0.0,0.0,,,,,,,,,,,,,,,,,,,0.0,0.0,0.0,0.0,0.0,0.0,,,,,,,,,,,,,,,,,,,0.0,0.0,0.0,0.0,0.0,0.0,,,,,,,,,,,,,,,,,,,0.0,0.0,0.0,0.0,0.0,0.0
Harry Tyrer,GK,Everton,3.9,0.0002314236255750877,0.0002314236255750877,0.0002314236255750877,0.0,0.0,0.0,0.24271844660194175,0.5109862033725089,-0.26826775677056713,Spurs,A,0.0002314236255750877,0.15432098765432098,0.0002314236255750877,,,,,,0.1943634596695821,0.5108108108108108,0.10058027079303676,0.7002801120448179,0.21164021164021163,,,,0.9989866590236659,0.9458603443625817,1.0970816858126877,1.2479172970213102,1.0322410119219856,0.0,0.0,0.0,2.3150187782003937,0.0,,,,,,,,,,,,,,0.1943634596695821,0.5108108108108108,0.10058027079303676,,,0.0,0.0,0.0,0.0,0.0,0.0,,,,,,,,,,,,,,,,,,,0.0,0.0,0.0,0.0,0.0,0.0,,,,,,,,,,,,,,,,,,,0.0,0.0,0.0,0.0,0.0,0.0,,,,,,,,,,,,,,,,,,,0.0,0.0,0.0,0.0,0.0,0.0,,,,,,,,,,,,,,,,,,,0.0,0.0,0.0,0.0,0.0,0.0
Jordan Pickford,GK,Everton,5.6,0.0002314236255750877,0.0002314236255750877,0.0002314236255750877,0.0,0.0,1.0,0.24271844660194175,0.5109862033725089,-0.26826775677056713,Spurs,A,0.0002314236255750877,0.15432098765432098,0.0002314236255750877,,,,,,0.1943634596695821,0.5108108108108108,0.10058027079303676,0.7002801120448179,0.21164021164021163,,,,0.9989866590236659,0.9458603443625817,1.0970816858126877,1.2479172970213102,1.0322410119219856,2.466591999155663,0.03698017700413951,2.540552353163942,2.3150187782003937,1.0,,,,,,,,,,,,,,0.1943634596695821,0.5108108108108108,0.10058027079303676,,,0.0,0.0,1.5546716754706333,0.015529987150420237,1.5857316497714737,1.0,,,,,,,,,,,,,,,,,,,0.0,0.0,2.0,0.026005000000000004,2.05201,1.0,,,,,,,,,,,,,,,,,,,0.0,0.0,2.0,0.026005000000000004,2.05201,1.0,,,,,,,,,,,,,,,,,,,0.0,0.0,2.0,0.026005000000000004,2.05201,1.0,,,,,,,,,,,,,,,,,,,0.0,0.0,2.0,0.026005000000000004,2.05201,9.634052255469694
Mark Travers,GK,Everton,4.3,0.0002314236255750877,0.0002314236255750877,0.0002314236255750877,0.0,0.0,0.0,0.24271844660194175,0.5109862033725089,-0.26826775677056713,Spurs,A,0.0002314236255750877,0.15432098765432098,0.0002314236255750877,,,,,,0.1943634596695821,0.5108108108108108,0.10058027079303676,0.7002801120448179,0.21164021164021163,,,,0.9989866590236659,0.9458603443625817,1.0970816858126877,1.2479172970213102,1.0322410119219856,0.0,0.0,0.0,2.3150187782003937,0.0,,,,,,,,,,,,,,0.1943634596695821,0.5108108108108108,0.10058027079303676,,,0.0,0.0,0.0,0.0,0.0,0.0,,,,,,,,,,,,,,,,,,,0.0,0.0,0.0,0.0,0.0,0.0,,,,,,,,,,,,,,,,,,,0.0,0.0,0.0,0.0,0.0,0.0,,,,,,,,,,,,,,,,,,,0.0,0.0,0.0,0.0,0.0,0.0,,,,,,,,,,,,,,,,,,,0.0,0.0,0.0,0.0,0.0,0.0
Tom King,GK,Everton,3.9,0.0002314236255750877,0.0002314236255750877,0.0002314236255750877,0.0,0.0,0.0,0.24271844660194175,0.5109862033725089,-0.26826775677056713,Spurs,A,0.0002314236255750877,0.15432098765432098,0.0002314236255750877,,,,,,0.1943634596695821,0.5108108108108108,0.10058027079303676,0.7002801120448179,0.21164021164021163,,,,0.9989866590236659,0.9458603443625817,1.0970816858126877,1.2479172970213102,1.0322410119219856,0.0,0.0,0.0,2.3150187782003937,0.0,,,,,,,,,,,,,,0.1943634596695821,0.5108108108108108,0.10058027079303676,,,0.0,0.0,0.0,0.0,0.0,0.0,,,,,,,,,,,,,,,,,,,0.0,0.0,0.0,0.0,0.0,0.0,,,,,,,,,,,,,,,,,,,0.0,0.0,0.0,0.0,0.0,0.0,,,,,,,,,,,,,,,,,,,0.0,0.0,0.0,0.0,0.0,0.0,,,,,,,,,,,,,,,,,,,0.0,0.0,0.0,0.0,0.0,0.0
Adam Aznou,DEF,Everton,4.2,0.0002314236255750877,0.0002314236255750877,0.0002314236255750877,0.44,0.0,0.0,0.24271844660194175,0.5109862033725089,-0.26826775677056713,Spurs,A,0.0002314236255750877,0.15432098765432098,0.0002314236255750877,0.05602240896358543,0.004738213693437574,0.0,0.08658008658008658,0.20263424518743667,0.1943634596695821,0.5108108108108108,0.10058027079303676,,,0.8315191873952188,0.7544044465132889,0.8052528712741537,1.0003066995734473,0.9480344229327405,,,1.029594343424969,0.0,0.0,0.0,2.820283578404788,0.0,,,,,,,,,,,,,,0.1943634596695821,0.5108108108108108,0.10058027079303676,,,0.44,0.0,0.0,0.0,0.0,0.0,,,,,,,,,,,,,,,,,,,0.44,0.0,0.0,0.0,0.0,0.0,,,,,,,,,,,,,,,,,,,0.44,0.0,0.0,0.0,0.0,0.0,,,,,,,,,,,,,,,,,,,0.44,0.0,0.0,0.0,0.0,0.0,,,,,,,,,,,,,,,,,,,0.44,0.0,0.0,0.0,0.0,0.0
Elijah Campbell,DEF,Everton,3.9,0.0002314236255750877,0.0002314236255750877,0.0002314236255750877,0.44,0.0,0.0,0.24271844660194175,0.5109862033725089,-0.26826775677056713,Spurs,A,0.0002314236255750877,0.15432098765432098,0.0002314236255750877,,,,,,0.1943634596695821,0.5108108108108108,0.10058027079303676,,,,,,1.0003066995734473,0.9480344229327405,,,1.029594343424969,0.0,0.0,0.0,2.820283578404788,0.0,,,,,,,,,,,,,,0.1943634596695821,0.5108108108108108,0.10058027079303676,,,0.44,0.0,0.0,0.0,0.0,0.0,,,,,,,,,,,,,,,,,,,0.44,0.0,0.0,0.0,0.0,0.0,,,,,,,,,,,,,,,,,,,0.44,0.0,0.0,0.0,0.0,0.0,,,,,,,,,,,,,,,,,,,0.44,0.0,0.0,0.0,0.0,0.0,,,,,,,,,,,,,,,,,,,0.44,0.0,0.0,0.0,0.0,0.0
Jake O'Brien,DEF,Everton,4.9,0.0002314236255750877,0.0002314236255750877,0.0002314236255750877,0.2324875747960894,0.0,1.0,0.24271844660194175,0.5109862033725089,-0.26826775677056713,Spurs,A,0.0002314236255750877,0.15432098765432098,0.0002314236255750877,0.09523809523809523,0.005411255411255411,0.0,0.11904761904761904,0.23515579071134626,0.1943634596695821,0.5108108108108108,0.10058027079303676,,,1.4135826185718718,1.0373061139557722,0.9344909864169191,1.0003066995734473,0.9480344229327405,,,1.029594343424969,2.7455299953904264,0.04354135655157361,2.8326127084935737,2.820283578404788,1.0,,,,,,,,,,,,,,0.1943634596695821,0.5108108108108108,0.10058027079303676,,,0.2324875747960894,0.0,2.019646825062812,0.026467132619127472,2.072581090301067,1.0,,,,,,,,,,,,,,,,,,,0.2324875747960894,0.0,2.4649751495921786,0.036942145468707235,2.5388594405295932,1.0,,,,,,,,,,,,,,,,,,,0.2324875747960894,0.0,2.4649751495921786,0.036942145468707235,2.5388594405295932,1.0,,,,,,,,,,,,,,,,,,,0.2324875747960894,0.0,2.4649751495921786,0.036942145468707235,2.5388594405295932,1.0,,,,,,,,,,,,,,,,,,,0.2324875747960894,0.0,2.4649751495921786,0.036942145468707235,2.5388594405295932,11.703113068732343
James Tarkowski,DEF,Everton,5.7,0.0002314236255750877,0.0002314236255750877,0.0002314236255750877,0.5641866203945956,0.0,1.0,0.24271844660194175,0.5109862033725089,-0.26826775677056713,Spurs,A,0.0002314236255750877,0.15432098765432098,0.0002314236255750877,0.06349206349206349,0.004738213693437574,0.0,0.09523809523809523,0.2294893861158921,0.1943634596695821,0.5108108108108108,0.10058027079303676,,,0.9423884123812479,0.8298448911646178,0.9119731313225353,1.0003066995734473,0.9480344229327405,,,1.029594343424969,3.1486514789712245,0.05302358008836115,3.254698639147947,2.820283578404788,1.0,,,,,,,,,,,,,,0.1943634596695821,0.5108108108108108,0.10058027079303676,,,0.5641866203945956,0.0,2.683044916259824,0.04207158252026359,2.7671880813003513,1.0,,,,,,,,,,,,,,,,,,,0.5641866203945956,0.0,3.128373240789191,0.05254659536984335,3.233466431528878,1.0,,,,,,,,,,,,,,,,,,,0.5641866203945956,0.0,3.128373240789191,0.05254659536984335,3.233466431528878,1.0,,,,,,,,,,,,,,,,,,,0.5641866203945956,0.0,3.128373240789191,0.05254659536984335,3.233466431528878,1.0,,,,,,,,,,,,,,,,,,,0.5641866203945956,0.0,3.128373240789191,0.05254659536984335,3.233466431528878,14.6605145165341
Jarrad Branthwaite,DEF,Everton,5.3,0.0002314236255750877,0.0002314236255750877,0.0002314236255750877,0.44,0.0,0.0,0.24271844660194175,0.5109862033725089,-0.26826775677056713,Spurs,A,0.0002314236255750877,0.15432098765432098,0.0002314236255750877,,,,,,0.1943634596695821,0.5108108108108108,0.10058027079303676,,,,,,1.0003066995734473,0.9480344229327405,,,1.029594343424969,0.0,0.0,0.0,2.820283578404788,0.0,,,,,,,,,,,,,,0.1943634596695821,0.5108108108108108,0.10058027079303676,,,0.44,0.0,0.0,0.0,0.0,0.0,,,,,,,,,,,,,,,,,,,0.44,0.0,0.0,0.0,0.0,0.0,,,,,,,,,,,,,,,,,,,0.44,0.0,0.0,0.0,0.0,0.0,,,,,,,,,,,,,,,,,,,0.44,0.0,0.0,0.0,0.0,0.0,,,,,,,,,,,,,,,,,,,0.44,0.0,0.0,0.0,0.0,0.0
Michael Keane,DEF,Everton,4.7,0.0002314236255750877,0.0002314236255750877,0.0002314236255750877,0.5298693523254463,0.0,1.0,0.24271844660194175,0.5109862033725089,-0.26826775677056713,Spurs,A,0.0002314236255750877,0.15432098765432098,0.0002314236255750877,0.12698412698412698,0.010465724751439037,0.0,0.07936507936507936,0.16563146997929606,0.1943634596695821,0.5108108108108108,0.10058027079303676,,,1.8847768247624959,0.6915374093038481,0.6582066947806126,1.0003066995734473,0.9480344229327405,,,1.029594343424969,3.5115732586508637,0.06156022618998562,3.634693711030835,2.820283578404788,1.0,,,,,,,,,,,,,,0.1943634596695821,0.5108108108108108,0.10058027079303676,,,0.5298693523254463,0.0,2.6144103801215257,0.04045716096121853,2.695324702043963,1.0,,,,,,,,,,,,,,,,,,,0.5298693523254463,0.0,3.0597387046508926,0.0509321738107983,3.1616030522724894,1.0,,,,,,,,,,,,,,,,,,,0.5298693523254463,0.0,3.0597387046508926,0.0509321738107983,3.1616030522724894,1.0,,,,,,,,,,,,,,,,,,,0.5298693523254463,0.0,3.0597387046508926,0.0509321738107983,3.1616030522724894,1.0,,,,,,,,,,,,,,,,,,,0.5298693523254463,0.0,3.0597387046508926,0.0509321738107983,3.1616030522724894,14.778208254131174
Nathan Patterson,DEF,Everton,4.4,0.0002314236255750877,0.0002314236255750877,0.0002314236255750877,0.44,0.0,0.0,0.24271844660194175,0.5109862033725089,-0.26826775677056713,Spurs,A,0.0002314236255750877,0.15432098765432098,0.0002314236255750877,0.06349206349206349,0.004738213693437574,0.0,0.15873015873015872,0.20050125313283207,0.1943634596695821,0.5108108108108108,0.10058027079303676,,,0.9423884123812479,1.3830748186076962,0.7967765252607415,1.0003066995734473,0.9480344229327405,,,1.029594343424969,0.0,0.0,0.0,2.820283578404788,0.0,,,,,,,,,,,,,,0.1943634596695821,0.5108108108108108,0.10058027079303676,,,0.44,0.0,0.0,0.0,0.0,0.0,,,,,,,,,,,,,,,,,,,0.44,0.0,0.0,0.0,0.0,0.0,,,,,,,,,,,,,,,,,,,0.44,0.0,0.0,0.0,0.0,0.0,,,,,,,,,,,,,,,,,,,0.44,0.0,0.0,0.0,0.0,0.0,,,,,,,,,,,,,,,,,,,0.44,0.0,0.0,0.0,0.0,0.0
Reece Welch,DEF,Everton,3.8,0.0002314236255750877,0.0002314236255750877,0.0002314236255750877,0.44,0.0,0.0,0.24271844660194175,0.5109862033725089,-0.26826775677056713,Spurs,A,0.0002314236255750877,0.15432098765432098,0.0002314236255750877,,,,,,0.1943634596695821,0.5108108108108108,0.10058027079303676,,,,,,1.0003066995734473,0.9480344229327405,,,1.029594343424969,0.0,0.0,0.0,2.820283578404788,0.0,,,,,,,,,,,,,,0.1943634596695821,0.5108108108108108,0.10058027079303676,,,0.44,0.0,0.0,0.0,0.0,0.0,,,,,,,,,,,,,,,,,,,0.44,0.0,0.0,0.0,0.0,0.0,,,,,,,,,,,,,,,,,,,0.44,0.0,0.0,0.0,0.0,0.0,,,,,,,,,,,,,,,,,,,0.44,0.0,0.0,0.0,0.0,0.0,,,,,,,,,,,,,,,,,,,0.44,0.0,0.0,0.0,0.0,0.0
Roman Dixon,DEF,Everton,3.8,0.0002314236255750877,0.0002314236255750877,0.0002314236255750877,0.44,0.0,0.0,0.24271844660194175,0.5109862033725089,-0.26826775677056713,Spurs,A,0.0002314236255750877,0.15432098765432098,0.0002314236255750877,,,,,,0.1943634596695821,0.5108108108108108,0.10058027079303676,,,,,,1.0003066995734473,0.9480344229327405,,,1.029594343424969,0.0,0.0,0.0,2.820283578404788,0.0,,,,,,,,,,,,,,0.1943634596695821,0.5108108108108108,0.10058027079303676,,,0.44,0.0,0.0,0.0,0.0,0.0,,,,,,,,,,,,,,,,,,,0.44,0.0,0.0,0.0,0.0,0.0,,,,,,,,,,,,,,,,,,,0.44,0.0,0.0,0.0,0.0,0.0,,,,,,,,,,,,,,,,,,,0.44,0.0,0.0,0.0,0.0,0.0,,,,,,,,,,,,,,,,,,,0.44,0.0,0.0,0.0,0.0,0.0
Séamus Coleman,DEF,Everton,4.2,0.0002314236255750877,0.0002314236255750877,0.0002314236255750877,0.44,0.0,0.0,0.24271844660194175,0.5109862033725089,-0.26826775677056713,Spurs,A,0.0002314236255750877,0.15432098765432098,0.0002314236255750877,,,,,,0.1943634596695821,0.5108108108108108,0.10058027079303676,,,,,,1.0003066995734473,0.9480344229327405,,,1.029594343424969,0.0,0.0,0.0,2.820283578404788,0.0,,,,,,,,,,,,,,0.1943634596695821,0.5108108108108108,0.10058027079303676,,,0.44,0.0,0.0,0.0,0.0,0.0,,,,,,,,,,,,,,,,,,,0.44,0.0,0.0,0.0,0.0,0.0,,,,,,,,,,,,,,,,,,,0.44,0.0,0.0,0.0,0.0,0.0,,,,,,,,,,,,,,,,,,,0.44,0.0,0.0,0.0,0.0,0.0,,,,,,,,,,,,,,,,,,,0.44,0.0,0.0,0.0,0.0,0.0
Vitalii Mykolenko,DEF,Everton,4.9,0.0002314236255750877,0.0002314236255750877,0.0002314236255750877,0.22119907210300405,0.0,1.0,0.24271844660194175,0.5109862033725089,-0.26826775677056713,Spurs,A,0.0002314236255750877,0.15432098765432098,0.0002314236255750877,0.047619047619047616,0.004738213693437574,0.0,0.12698412698412698,0.24420024420024422,0.1943634596695821,0.5108108108108108,0.10058027079303676,,,0.7067913092859359,1.106459854886157,0.9704329474329545,1.0003066995734473,0.9480344229327405,,,1.029594343424969,2.4479655243036893,0.03654204506267138,2.521049614429032,2.820283578404788,1.0,,,,,,,,,,,,,,0.1943634596695821,0.5108108108108108,0.10058027079303676,,,0.22119907210300405,0.0,1.9970698196766414,0.025936076298433964,2.0489419722735094,1.0,,,,,,,,,,,,,,,,,,,0.22119907210300405,0.0,2.442398144206008,0.03641108914801372,2.515220322502035,1.0,,,,,,,,,,,,,,,,,,,0.22119907210300405,0.0,2.442398144206008,0.03641108914801372,2.515220322502035,1.0,,,,,,,,,,,,,,,,,,,0.22119907210300405,0.0,2.442398144206008,0.03641108914801372,2.515220322502035,1.0,,,,,,,,,,,,,,,,,,,0.22119907210300405,0.0,2.442398144206008,0.03641108914801372,2.515220322502035,11.305267193867213
Callum Bates,MID,Everton,4.3,0.0002314236255750877,0.0002314236255750877,0.0002314236255750877,0.0,0.26,0.0,0.24271844660194175,0.5109862033725089,-0.26826775677056713,Spurs,A,0.0002314236255750877,0.15432098765432098,0.0002314236255750877,,,,,,0.1943634596695821,0.5108108108108108,0.10058027079303676,,,,,,0.9983264932342,0.9474493884518496,,,1.0335751580524946,0.0,0.0,0.0,3.863858321889714,0.0,,,,,,,,,,,,,,0.1943634596695821,0.5108108108108108,0.10058027079303676,,,0.0,0.26,0.0,0.0,0.0,0.0,,,,,,,,,,,,,,,,,,,0.0,0.26,0.0,0.0,0.0,0.0,,,,,,,,,,,,,,,,,,,0.0,0.26,0.0,0.0,0.0,0.0,,,,,,,,,,,,,,,,,,,0.0,0.26,0.0,0.0,0.0,0.0,,,,,,,,,,,,,,,,,,,0.0,0.26,0.0,0.0,0.0,0.0
Charly Alcaraz,MID,Everton,5.2,0.0002314236255750877,0.0002314236255750877,0.0002314236255750877,0.0,0.21185539858339686,0.0,0.24271844660194175,0.5109862033725089,-0.26826775677056713,Spurs,A,0.0002314236255750877,0.15432098765432098,0.0002314236255750877,0.19047619047619047,0.026455026455026454,0.0,0.25396825396825395,0.2506265664160401,0.1943634596695821,0.5108108108108108,0.10058027079303676,,,1.3323566773752336,1.4334318329023912,1.0055145352066244,0.9983264932342,0.9474493884518496,,,1.0335751580524946,0.0,0.0,0.0,3.863858321889714,0.0,,,,,,,,,,,,,,0.1943634596695821,0.5108108108108108,0.10058027079303676,,,0.0,0.21185539858339686,0.0,0.0,0.0,0.0,,,,,,,,,,,,,,,,,,,0.0,0.21185539858339686,0.0,0.0,0.0,0.0,,,,,,,,,,,,,,,,,,,0.0,0.21185539858339686,0.0,0.0,0.0,0.0,,,,,,,,,,,,,,,,,,,0.0,0.21185539858339686,0.0,0.0,0.0,0.0,,,,,,,,,,,,,,,,,,,0.0,0.21185539858339686,0.0,0.0,0.0,0.0
Coby Ebere,MID,Everton,4.4,0.0002314236255750877,0.0002314236255750877,0.0002314236255750877,0.0,0.26,0.0,0.24271844660194175,0.5109862033725089,-0.26826775677056713,Spurs,A,0.0002314236255750877,0.15432098765432098,0.0002314236255750877,,,,,,0.1943634596695821,0.5108108108108108,0.10058027079303676,,,,,,0.9983264932342,0.9474493884518496,,,1.0335751580524946,0.0,0.0,0.0,3.863858321889714,0.0,,,,,,,,,,,,,,0.1943634596695821,0.5108108108108108,0.10058027079303676,,,0.0,0.26,0.0,0.0,0.0,0.0,,,,,,,,,,,,,,,,,,,0.0,0.26,0.0,0.0,0.0,0.0,,,,,,,,,,,,,,,,,,,0.0,0.26,0.0,0.0,0.0,0.0,,,,,,,,,,,,,,,,,,,0.0,0.26,0.0,0.0,0.0,0.0,,,,,,,,,,,,,,,,,,,0.0,0.26,0.0,0.0,0.0,0.0
Dwight McNeil,MID,Everton,5.5,0.0002314236255750877,0.0002314236255750877,0.0002314236255750877,0.0,0.15636174440422757,0.0,0.24271844660194175,0.5109862033725089,-0.26826775677056713,Spurs,A,0.0002314236255750877,0.15432098765432098,0.0002314236255750877,0.15873015873015872,0.018674136321195144,0.0,0.25396825396825395,0.13802622498274672,0.1943634596695821,0.5108108108108108,0.10058027079303676,,,1.110297231146028,1.4334318329023912,0.5537616280848077,0.9983264932342,0.9474493884518496,,,1.0335751580524946,0.0,0.0,0.0,3.863858321889714,0.0,,,,,,,,,,,,,,0.1943634596695821,0.5108108108108108,0.10058027079303676,,,0.0,0.15636174440422757,0.0,0.0,0.0,0.0,,,,,,,,,,,,,,,,,,,0.0,0.15636174440422757,0.0,0.0,0.0,0.0,,,,,,,,,,,,,,,,,,,0.0,0.15636174440422757,0.0,0.0,0.0,0.0,,,,,,,,,,,,,,,,,,,0.0,0.15636174440422757,0.0,0.0,0.0,0.0,,,,,,,,,,,,,,,,,,,0.0,0.15636174440422757,0.0,0.0,0.0,0.0
Harrison Armstrong,MID,Everton,4.5,0.0002314236255750877,0.0002314236255750877,0.0002314236255750877,0.0,0.25401612989304656,0.0,0.24271844660194175,0.5109862033725089,-0.26826775677056713,Spurs,A,0.0002314236255750877,0.15432098765432098,0.0002314236255750877,0.15873015873015872,0.0156128024980484,0.0,0.21164021164021163,0.22148394241417496,0.1943634596695821,0.5108108108108108,0.10058027079303676,,,1.110297231146028,1.1945265274186592,0.8885942404151564,0.9983264932342,0.9474493884518496,,,1.0335751580524946,0.0,0.0,0.0,3.863858321889714,0.0,,,,,,,,,,,,,,0.1943634596695821,0.5108108108108108,0.10058027079303676,,,0.0,0.25401612989304656,0.0,0.0,0.0,0.0,,,,,,,,,,,,,,,,,,,0.0,0.25401612989304656,0.0,0.0,0.0,0.0,,,,,,,,,,,,,,,,,,,0.0,0.25401612989304656,0.0,0.0,0.0,0.0,,,,,,,,,,,,,,,,,,,0.0,0.25401612989304656,0.0,0.0,0.0,0.0,,,,,,,,,,,,,,,,,,,0.0,0.25401612989304656,0.0,0.0,0.0,0.0
Idrissa Gueye,MID,Everton,5.4,0.0002314236255750877,0.0002314236255750877,0.0002314236255750877,0.0,0.26170584308537403,0.0,0.24271844660194175,0.5109862033725089,-0.26826775677056713,Spurs,A,0.0002314236255750877,0.15432098765432098,0.0002314236255750877,0.07326007326007326,0.004738213693437574,0.0,0.15873015873015872,0.26021337496747327,0.1943634596695821,0.5108108108108108,0.10058027079303676,,,0.5124448759135515,0.8958948955639944,1.0439768398320142,0.9983264932342,0.9474493884518496,,,1.0335751580524946,0.0,0.0,0.0,3.863858321889714,0.0,,,,,,,,,,,,,,0.1943634596695821,0.5108108108108108,0.10058027079303676,,,0.0,0.26170584308537403,0.0,0.0,0.0,0.0,,,,,,,,,,,,,,,,,,,0.0,0.26170584308537403,0.0,0.0,0.0,0.0,,,,,,,,,,,,,,,,,,,0.0,0.26170584308537403,0.0,0.0,0.0,0.0,,,,,,,,,,,,,,,,,,,0.0,0.26170584308537403,0.0,0.0,0.0,0.0,,,,,,,,,,,,,,,,,,,0.0,0.26170584308537403,0.0,0.0,0.0,0.0
Iliman Ndiaye,MID,Everton,6.2,0.0002314236255750877,0.0002314236255750877,0.0002314236255750877,0.0,0.302694434440261,1.0,0.24271844660194175,0.5109862033725089,-0.26826775677056713,Spurs,A,0.0002314236255750877,0.15432098765432098,0.0002314236255750877,0.21994941163532386,0.03663003663003663,0.0,0.21164021164021163,0.14321518080916576,0.1943634596695821,0.5108108108108108,0.10058027079303676,,,1.5385181032046578,1.1945265274186592,0.5745797344037853,0.9983264932342,0.9474493884518496,,,1.0335751580524946,4.5743550239883755,0.08655897887425457,4.747472981736885,3.863858321889714,1.0,,,,,,,,,,,,,,0.1943634596695821,0.5108108108108108,0.10058027079303676,,,0.0,0.302694434440261,2.7997523285501043,0.04481677427215555,2.889385877094415,1.0,,,,,,,,,,,,,,,,,,,0.0,0.302694434440261,2.605388868880522,0.040244956973807644,2.685878782828137,1.0,,,,,,,,,,,,,,,,,,,0.0,0.302694434440261,2.605388868880522,0.040244956973807644,2.685878782828137,1.0,,,,,,,,,,,,,,,,,,,0.0,0.302694434440261,2.605388868880522,0.040244956973807644,2.685878782828137,1.0,,,,,,,,,,,,,,,,,,,0.0,0.302694434440261,2.605388868880522,0.040244956973807644,2.685878782828137,14.72391156918592
Isaac Heath,MID,Everton,4.5,0.0002314236255750877,0.0002314236255750877,0.0002314236255750877,0.0,0.26,0.0,0.24271844660194175,0.5109862033725089,-0.26826775677056713,Spurs,A,0.0002314236255750877,0.15432098765432098,0.0002314236255750877,,,,,,0.1943634596695821,0.5108108108108108,0.10058027079303676,,,,,,0.9983264932342,0.9474493884518496,,,1.0335751580524946,0.0,0.0,0.0,3.863858321889714,0.0,,,,,,,,,,,,,,0.1943634596695821,0.5108108108108108,0.10058027079303676,,,0.0,0.26,0.0,0.0,0.0,0.0,,,,,,,,,,,,,,,,,,,0.0,0.26,0.0,0.0,0.0,0.0,,,,,,,,,,,,,,,,,,,0.0,0.26,0.0,0.0,0.0,0.0,,,,,,,,,,,,,,,,,,,0.0,0.26,0.0,0.0,0.0,0.0,,,,,,,,,,,,,,,,,,,0.0,0.26,0.0,0.0,0.0,0.0
Jack Grealish,MID,Everton,6.3,0.0002314236255750877,0.0002314236255750877,0.0002314236255750877,0.0,0.14038941190672705,0.0,0.24271844660194175,0.5109862033725089,-0.26826775677056713,Spurs,A,0.0002314236255750877,0.15432098765432098,0.0002314236255750877,,,,,,0.1943634596695821,0.5108108108108108,0.10058027079303676,,,,,,0.9983264932342,0.9474493884518496,,,1.0335751580524946,0.0,0.0,0.0,3.863858321889714,0.0,,,,,,,,,,,,,,0.1943634596695821,0.5108108108108108,0.10058027079303676,,,0.0,0.14038941190672705,0.0,0.0,0.0,0.0,,,,,,,,,,,,,,,,,,,0.0,0.14038941190672705,0.0,0.0,0.0,0.0,,,,,,,,,,,,,,,,,,,0.0,0.14038941190672705,0.0,0.0,0.0,0.0,,,,,,,,,,,,,,,,,,,0.0,0.14038941190672705,0.0,0.0,0.0,0.0,,,,,,,,,,,,,,,,,,,0.0,0.14038941190672705,0.0,0.0,0.0,0.0
James Garner,MID,Everton,5.2,0.0002314236255750877,0.0002314236255750877,0.0002314236255750877,0.0,0.539827837277029,1.0,0.24271844660194175,0.5109862033725089,-0.26826775677056713,Spurs,A,0.0002314236255750877,0.15432098765432098,0.0002314236255750877,0.07326007326007326,0.004738213693437574,0.0,0.21994941163532386,0.22148394241417496,0.1943634596695821,0.5108108108108108,0.10058027079303676,,,0.5124448759135515,1.2414247975482602,0.8885942404151564,0.9983264932342,0.9474493884518496,,,1.0335751580524946,4.102374861482991,0.07545706149180291,4.253288984466597,3.863858321889714,1.0,,,,,,,,,,,,,,0.1943634596695821,0.5108108108108108,0.10058027079303676,,,0.0,0.539827837277029,3.27401913422364,0.05597247807520847,3.385964090374057,1.0,,,,,,,,,,,,,,,,,,,0.0,0.539827837277029,3.0796556745540578,0.05140066077686055,3.1824569961077787,1.0,,,,,,,,,,,,,,,,,,,0.0,0.539827837277029,3.0796556745540578,0.05140066077686055,3.1824569961077787,1.0,,,,,,,,,,,,,,,,,,,0.0,0.539827837277029,3.0796556745540578,0.05140066077686055,3.1824569961077787,1.0,,,,,,,,,,,,,,,,,,,0.0,0.539827837277029,3.0796556745540578,0.05140066077686055,3.1824569961077787,16.042238050386327
Jenson Metcalfe,MID,Everton,4.5,0.0002314236255750877,0.0002314236255750877,0.0002314236255750877,0.0,0.26,0.0,0.24271844660194175,0.5109862033725089,-0.26826775677056713,Spurs,A,0.0002314236255750877,0.15432098765432098,0.0002314236255750877,,,,,,0.1943634596695821,0.5108108108108108,0.10058027079303676,,,,,,0.9983264932342,0.9474493884518496,,,1.0335751580524946,0.0,0.0,0.0,3.863858321889714,0.0,,,,,,,,,,,,,,0.1943634596695821,0.5108108108108108,0.10058027079303676,,,0.0,0.26,0.0,0.0,0.0,0.0,,,,,,,,,,,,,,,,,,,0.0,0.26,0.0,0.0,0.0,0.0,,,,,,,,,,,,,,,,,,,0.0,0.26,0.0,0.0,0.0,0.0,,,,,,,,,,,,,,,,,,,0.0,0.26,0.0,0.0,0.0,0.0,,,,,,,,,,,,,,,,,,,0.0,0.26,0.0,0.0,0.0,0.0
Kiernan Dewsbury-Hall,MID,Everton,4.9,0.0002314236255750877,0.0002314236255750877,0.0002314236255750877,0.0,0.1300424519255996,1.0,0.24271844660194175,0.5109862033725089,-0.26826775677056713,Spurs,A,0.0002314236255750877,0.15432098765432098,0.0002314236255750877,0.19047619047619047,0.026455026455026454,0.0,0.25396825396825395,0.24801587301587302,0.1943634596695821,0.5108108108108108,0.10058027079303676,,,1.3323566773752336,1.4334318329023912,0.9950404254648888,0.9983264932342,0.9474493884518496,,,1.0335751580524946,4.052993337065755,0.07429550927446069,4.201584355614676,3.863858321889714,1.0,,,,,,,,,,,,,,0.1943634596695821,0.5108108108108108,0.10058027079303676,,,0.0,0.1300424519255996,2.454448363520781,0.036694534406735826,2.5278374323342527,1.0,,,,,,,,,,,,,,,,,,,0.0,0.1300424519255996,2.260084903851199,0.032122717108387905,2.324330338067975,1.0,,,,,,,,,,,,,,,,,,,0.0,0.1300424519255996,2.260084903851199,0.032122717108387905,2.324330338067975,1.0,,,,,,,,,,,,,,,,,,,0.0,0.1300424519255996,2.260084903851199,0.032122717108387905,2.324330338067975,1.0,,,,,,,,,,,,,,,,,,,0.0,0.1300424519255996,2.260084903851199,0.032122717108387905,2.324330338067975,12.858371119689119
Merlin Röhl,MID,Everton,5.0,0.0002314236255750877,0.0002314236255750877,0.0002314236255750877,0.0,0.26,0.0,0.24271844660194175,0.5109862033725089,-0.26826775677056713,Spurs,A,0.0002314236255750877,0.15432098765432098,0.0002314236255750877,,,,,,0.1943634596695821,0.5108108108108108,0.10058027079303676,,,,,,0.9983264932342,0.9474493884518496,,,1.0335751580524946,0.0,0.0,0.0,3.863858321889714,0.0,,,,,,,,,,,,,,0.1943634596695821,0.5108108108108108,0.10058027079303676,,,0.0,0.26,0.0,0.0,0.0,0.0,,,,,,,,,,,,,,,,,,,0.0,0.26,0.0,0.0,0.0,0.0,,,,,,,,,,,,,,,,,,,0.0,0.26,0.0,0.0,0.0,0.0,,,,,,,,,,,,,,,,,,,0.0,0.26,0.0,0.0,0.0,0.0,,,,,,,,,,,,,,,,,,,0.0,0.26,0.0,0.0,0.0,0.0
Tim Iroegbunam,MID,Everton,4.8,0.0002314236255750877,0.0002314236255750877,0.0002314236255750877,0.0,0.5132956138170921,1.0,0.24271844660194175,0.5109862033725089,-0.26826775677056713,Spurs,A,0.0002314236255750877,0.15432098765432098,0.0002314236255750877,0.07326007326007326,0.004738213693437574,0.0,0.21164021164021163,0.315357931251971,0.1943634596695821,0.5108108108108108,0.10058027079303676,,,0.5124448759135515,1.1945265274186592,1.2652169648295273,0.9983264932342,0.9474493884518496,,,1.0335751580524946,3.930508825739984,0.0714144285990559,4.073337682938096,3.863858321889714,1.0,,,,,,,,,,,,,,0.1943634596695821,0.5108108108108108,0.10058027079303676,,,0.0,0.5132956138170921,3.220954687303766,0.0547242961547592,3.3304032796132845,1.0,,,,,,,,,,,,,,,,,,,0.0,0.5132956138170921,3.026591227634184,0.050152478856411276,3.1268961853470065,1.0,,,,,,,,,,,,,,,,,,,0.0,0.5132956138170921,3.026591227634184,0.050152478856411276,3.1268961853470065,1.0,,,,,,,,,,,,,,,,,,,0.0,0.5132956138170921,3.026591227634184,0.050152478856411276,3.1268961853470065,1.0,,,,,,,,,,,,,,,,,,,0.0,0.5132956138170921,3.026591227634184,0.050152478856411276,3.1268961853470065,15.659489789581007
Tyler Dibling,MID,Everton,5.3,0.0002314236255750877,0.0002314236255750877,0.0002314236255750877,0.0,0.26,0.0,0.24271844660194175,0.5109862033725089,-0.26826775677056713,Spurs,A,0.0002314236255750877,0.15432098765432098,0.0002314236255750877,0.21164021164021163,0.03072196620583717,0.0,0.15873015873015872,0.1984126984126984,0.1943634596695821,0.5108108108108108,0.10058027079303676,,,1.480396308194704,0.8958948955639944,0.796032340371911,0.9983264932342,0.9474493884518496,,,1.0335751580524946,0.0,0.0,0.0,3.863858321889714,0.0,,,,,,,,,,,,,,0.1943634596695821,0.5108108108108108,0.10058027079303676,,,0.0,0.26,0.0,0.0,0.0,0.0,,,,,,,,,,,,,,,,,,,0.0,0.26,0.0,0.0,0.0,0.0,,,,,,,,,,,,,,,,,,,0.0,0.26,0.0,0.0,0.0,0.0,,,,,,,,,,,,,,,,,,,0.0,0.26,0.0,0.0,0.0,0.0,,,,,,,,,,,,,,,,,,,0.0,0.26,0.0,0.0,0.0,0.0
Tyler Onyango,MID,Everton,4.5,0.0002314236255750877,0.0002314236255750877,0.0002314236255750877,0.0,0.26,0.0,0.24271844660194175,0.5109862033725089,-0.26826775677056713,Spurs,A,0.0002314236255750877,0.15432098765432098,0.0002314236255750877,,,,,,0.1943634596695821,0.5108108108108108,0.10058027079303676,,,,,,0.9983264932342,0.9474493884518496,,,1.0335751580524946,0.0,0.0,0.0,3.863858321889714,0.0,,,,,,,,,,,,,,0.1943634596695821,0.5108108108108108,0.10058027079303676,,,0.0,0.26,0.0,0.0,0.0,0.0,,,,,,,,,,,,,,,,,,,0.0,0.26,0.0,0.0,0.0,0.0,,,,,,,,,,,,,,,,,,,0.0,0.26,0.0,0.0,0.0,0.0,,,,,,,,,,,,,,,,,,,0.0,0.26,0.0,0.0,0.0,0.0,,,,,,,,,,,,,,,,,,,0.0,0.26,0.0,0.0,0.0,0.0
Tyrique George,MID,Everton,4.8,0.0002314236255750877,0.0002314236255750877,0.0002314236255750877,0.0,0.26,0.0,0.24271844660194175,0.5109862033725089,-0.26826775677056713,Spurs,A,0.0002314236255750877,0.15432098765432098,0.0002314236255750877,0.22675736961451246,0.041407867494824016,0.0,0.21164021164021163,0.2070393374741201,0.1943634596695821,0.5108108108108108,0.10058027079303676,,,1.5861389016371827,1.1945265274186592,0.8306424421272115,0.9983264932342,0.9474493884518496,,,1.0335751580524946,0.0,0.0,0.0,3.863858321889714,0.0,,,,,,,,,,,,,,0.1943634596695821,0.5108108108108108,0.10058027079303676,,,0.0,0.26,0.0,0.0,0.0,0.0,,,,,,,,,,,,,,,,,,,0.0,0.26,0.0,0.0,0.0,0.0,,,,,,,,,,,,,,,,,,,0.0,0.26,0.0,0.0,0.0,0.0,,,,,,,,,,,,,,,,,,,0.0,0.26,0.0,0.0,0.0,0.0,,,,,,,,,,,,,,,,,,,0.0,0.26,0.0,0.0,0.0,0.0
Beto,FWD,Everton,5.0,0.0002314236255750877,0.0002314236255750877,0.0002314236255750877,0.0,0.0,1.0,0.24271844660194175,0.5109862033725089,-0.26826775677056713,Spurs,A,0.0002314236255750877,0.15432098765432098,0.0002314236255750877,0.2801120448179272,0.06349206349206349,0.0,0.12698412698412698,0.14540167211922936,0.1943634596695821,0.5108108108108108,0.10058027079303676,,,1.0101125416336607,0.7631658949704677,0.7471161855144829,0.9991805808050849,0.9464565329928576,,,1.0330015623873041,3.6099671420731143,0.0638746471158438,3.737716436304802,3.62995865351976,1.0,,,,,,,,,,,,,,0.1943634596695821,0.5108108108108108,0.10058027079303676,,,0.0,0.0,2.0,0.026005000000000004,2.05201,1.0,,,,,,,,,,,,,,,,,,,0.0,0.0,2.0,0.026005000000000004,2.05201,1.0,,,,,,,,,,,,,,,,,,,0.0,0.0,2.0,0.026005000000000004,2.05201,1.0,,,,,,,,,,,,,,,,,,,0.0,0.0,2.0,0.026005000000000004,2.05201,1.0,,,,,,,,,,,,,,,,,,,0.0,0.0,2.0,0.026005000000000004,2.05201,11.2275529363048
Braiden Graham,FWD,Everton,4.5,0.0002314236255750877,0.0002314236255750877,0.0002314236255750877,0.0,0.0,0.0,0.24271844660194175,0.5109862033725089,-0.26826775677056713,Spurs,A,0.0002314236255750877,0.15432098765432098,0.0002314236255750877,,,,,,0.1943634596695821,0.5108108108108108,0.10058027079303676,,,,,,0.9991805808050849,0.9464565329928576,,,1.0330015623873041,0.0,0.0,0.0,3.62995865351976,0.0,,,,,,,,,,,,,,0.1943634596695821,0.5108108108108108,0.10058027079303676,,,0.0,0.0,0.0,0.0,0.0,0.0,,,,,,,,,,,,,,,,,,,0.0,0.0,0.0,0.0,0.0,0.0,,,,,,,,,,,,,,,,,,,0.0,0.0,0.0,0.0,0.0,0.0,,,,,,,,,,,,,,,,,,,0.0,0.0,0.0,0.0,0.0,0.0,,,,,,,,,,,,,,,,,,,0.0,0.0,0.0,0.0,0.0,0.0
Martin Sherif,FWD,Everton,4.4,0.0002314236255750877,0.0002314236255750877,0.0002314236255750877,0.0,0.0,0.0,0.24271844660194175,0.5109862033725089,-0.26826775677056713,Spurs,A,0.0002314236255750877,0.15432098765432098,0.0002314236255750877,,,,,,0.1943634596695821,0.5108108108108108,0.10058027079303676,,,,,,0.9991805808050849,0.9464565329928576,,,1.0330015623873041,0.0,0.0,0.0,3.62995865351976,0.0,,,,,,,,,,,,,,0.1943634596695821,0.5108108108108108,0.10058027079303676,,,0.0,0.0,0.0,0.0,0.0,0.0,,,,,,,,,,,,,,,,,,,0.0,0.0,0.0,0.0,0.0,0.0,,,,,,,,,,,,,,,,,,,0.0,0.0,0.0,0.0,0.0,0.0,,,,,,,,,,,,,,,,,,,0.0,0.0,0.0,0.0,0.0,0.0,,,,,,,,,,,,,,,,,,,0.0,0.0,0.0,0.0,0.0,0.0
Thierno Barry,FWD,Everton,5.7,0.0002314236255750877,0.0002314236255750877,0.0002314236255750877,0.0,0.0,0.0,0.24271844660194175,0.5109862033725089,-0.26826775677056713,Spurs,A,0.0002314236255750877,0.15432098765432098,0.0002314236255750877,0.26455026455026454,0.05291005291005291,0.0,0.11904761904761904,0.1984126984126984,0.1943634596695821,0.5108108108108108,0.10058027079303676,,,0.9539951782095684,0.7154680265348135,1.0195022948166381,0.9991805808050849,0.9464565329928576,,,1.0330015623873041,0.0,0.0,0.0,3.62995865351976,0.0,,,,,,,,,,,,,,0.1943634596695821,0.5108108108108108,0.10058027079303676,,,0.0,0.0,0.0,0.0,0.0,0.0,,,,,,,,,,,,,,,,,,,0.0,0.0,0.0,0.0,0.0,0.0,,,,,,,,,,,,,,,,,,,0.0,0.0,0.0,0.0,0.0,0.0,,,,,,,,,,,,,,,,,,,0.0,0.0,0.0,0.0,0.0,0.0,,,,,,,,,,,,,,,,,,,0.0,0.0,0.0,0.0,0.0,0.0
Youssef Ramalho Chermiti,FWD,Everton,4.9,0.0002314236255750877,0.0002314236255750877,0.0002314236255750877,0.0,0.0,0.0,0.24271844660194175,0.5109862033725089,-0.26826775677056713,Spurs,A,0.0002314236255750877,0.15432098765432098,0.0002314236255750877,,,,,,0.1943634596695821,0.5108108108108108,0.10058027079303676,,,,,,0.9991805808050849,0.9464565329928576,,,1.0330015623873041,0.0,0.0,0.0,3.62995865351976,0.0,,,,,,,,,,,,,,0.1943634596695821,0.5108108108108108,0.10058027079303676,,,0.0,0.0,0.0,0.0,0.0,0.0,,,,,,,,,,,,,,,,,,,0.0,0.0,0.0,0.0,0.0,0.0,,,,,,,,,,,,,,,,,,,0.0,0.0,0.0,0.0,0.0,0.0,,,,,,,,,,,,,,,,,,,0.0,0.0,0.0,0.0,0.0,0.0,,,,,,,,,,,,,,,,,,,0.0,0.0,0.0,0.0,0.0,0.0
Alfie McNally,GK,Fulham,4.0,0.0002314236255750877,0.0002314236255750877,0.0002314236255750877,0.0,0.0,0.0,0.34674063800277394,0.42211903756859437,-0.07537839956582043,Newcastle,H,0.0002314236255750877,0.00046273159716438074,0.0002314236255750877,,,,,,0.20263424518743667,0.4905149051490515,0.09335727109515261,0.6066120715802243,0.12698412698412698,,,,1.1828808667035717,1.423144733961727,1.053170662870869,1.057412963128516,0.7975942302890604,0.0,0.0,0.0,2.67785013814593,0.0,,,,,,,,,,,,,,0.20263424518743667,0.4905149051490515,0.09335727109515261,,,0.0,0.0,0.0,0.0,0.0,0.0,,,,,,,,,,,,,,,,,,,0.0,0.0,0.0,0.0,0.0,0.0,,,,,,,,,,,,,,,,,,,0.0,0.0,0.0,0.0,0.0,0.0,,,,,,,,,,,,,,,,,,,0.0,0.0,0.0,0.0,0.0,0.0,,,,,,,,,,,,,,,,,,,0.0,0.0,0.0,0.0,0.0,0.0
Benjamin Lecomte,GK,Fulham,3.9,0.0002314236255750877,0.0002314236255750877,0.0002314236255750877,0.0,0.0,0.0,0.34674063800277394,0.42211903756859437,-0.07537839956582043,Newcastle,H,0.0002314236255750877,0.00046273159716438074,0.0002314236255750877,,,,,,0.20263424518743667,0.4905149051490515,0.09335727109515261,0.6066120715802243,0.12698412698412698,,,,1.1828808667035717,1.423144733961727,1.053170662870869,1.057412963128516,0.7975942302890604,0.0,0.0,0.0,2.67785013814593,0.0,,,,,,,,,,,,,,0.20263424518743667,0.4905149051490515,0.09335727109515261,,,0.0,0.0,0.0,0.0,0.0,0.0,,,,,,,,,,,,,,,,,,,0.0,0.0,0.0,0.0,0.0,0.0,,,,,,,,,,,,,,,,,,,0.0,0.0,0.0,0.0,0.0,0.0,,,,,,,,,,,,,,,,,,,0.0,0.0,0.0,0.0,0.0,0.0,,,,,,,,,,,,,,,,,,,0.0,0.0,0.0,0.0,0.0,0.0
Bernd Leno,GK,Fulham,4.9,0.0002314236255750877,0.0002314236255750877,0.0002314236255750877,0.0,0.0,1.0,0.34674063800277394,0.42211903756859437,-0.07537839956582043,Newcastle,H,0.0002314236255750877,0.00046273159716438074,0.0002314236255750877,,,,,,0.20263424518743667,0.4905149051490515,0.09335727109515261,0.6066120715802243,0.12698412698412698,,,,1.1828808667035717,1.423144733961727,1.053170662870869,1.057412963128516,0.7975942302890604,2.37638882682569,0.03485841798459388,2.446105662794878,2.67785013814593,1.0,,,,,,,,,,,,,,0.20263424518743667,0.4905149051490515,0.09335727109515261,,,0.0,0.0,1.6427926282613385,0.01760276820196321,1.6779981646652649,1.0,,,,,,,,,,,,,,,,,,,0.0,0.0,2.0,0.026005000000000004,2.05201,1.0,,,,,,,,,,,,,,,,,,,0.0,0.0,2.0,0.026005000000000004,2.05201,1.0,,,,,,,,,,,,,,,,,,,0.0,0.0,2.0,0.026005000000000004,2.05201,1.0,,,,,,,,,,,,,,,,,,,0.0,0.0,2.0,0.026005000000000004,2.05201,9.618032102760353
Steven Benda,GK,Fulham,4.0,0.0002314236255750877,0.0002314236255750877,0.0002314236255750877,0.0,0.0,0.0,0.34674063800277394,0.42211903756859437,-0.07537839956582043,Newcastle,H,0.0002314236255750877,0.00046273159716438074,0.0002314236255750877,,,,,,0.20263424518743667,0.4905149051490515,0.09335727109515261,0.6066120715802243,0.12698412698412698,,,,1.1828808667035717,1.423144733961727,1.053170662870869,1.057412963128516,0.7975942302890604,0.0,0.0,0.0,2.67785013814593,0.0,,,,,,,,,,,,,,0.20263424518743667,0.4905149051490515,0.09335727109515261,,,0.0,0.0,0.0,0.0,0.0,0.0,,,,,,,,,,,,,,,,,,,0.0,0.0,0.0,0.0,0.0,0.0,,,,,,,,,,,,,,,,,,,0.0,0.0,0.0,0.0,0.0,0.0,,,,,,,,,,,,,,,,,,,0.0,0.0,0.0,0.0,0.0,0.0,,,,,,,,,,,,,,,,,,,0.0,0.0,0.0,0.0,0.0,0.0
Antonee Robinson,DEF,Fulham,4.9,0.0002314236255750877,0.0002314236255750877,0.0002314236255750877,0.29023675234665225,0.0,1.0,0.34674063800277394,0.42211903756859437,-0.07537839956582043,Newcastle,H,0.0002314236255750877,0.00046273159716438074,0.0002314236255750877,0.05291005291005291,0.004738213693437574,0.0,0.19047619047619047,0.2070393374741201,0.20263424518743667,0.4905149051490515,0.09335727109515261,,,0.696454411901322,1.4411007580023425,0.8805819817144883,1.1835743490858457,1.4220832524022229,,,0.7967094825604373,2.933544966530037,0.04796384470271953,3.029472655935476,3.4343131846393264,1.0,,,,,,,,,,,,,,0.20263424518743667,0.4905149051490515,0.09335727109515261,,,0.29023675234665225,0.0,2.223266132954643,0.031256665979359124,2.2857794649133614,1.0,,,,,,,,,,,,,,,,,,,0.29023675234665225,0.0,2.5804735046933045,0.03965889777739591,2.6597913002480964,1.0,,,,,,,,,,,,,,,,,,,0.29023675234665225,0.0,2.5804735046933045,0.03965889777739591,2.6597913002480964,1.0,,,,,,,,,,,,,,,,,,,0.29023675234665225,0.0,2.5804735046933045,0.03965889777739591,2.6597913002480964,1.0,,,,,,,,,,,,,,,,,,,0.29023675234665225,0.0,2.5804735046933045,0.03965889777739591,2.6597913002480964,12.419800841806504
Calvin Bassey,DEF,Fulham,4.4,0.0002314236255750877,0.0002314236255750877,0.0002314236255750877,0.3139170861584665,0.0,1.0,0.34674063800277394,0.42211903756859437,-0.07537839956582043,Newcastle,H,0.0002314236255750877,0.00046273159716438074,0.0002314236255750877,0.06349206349206349,0.004738213693437574,0.0,0.09523809523809523,0.2392916965781287,0.20263424518743667,0.4905149051490515,0.09335727109515261,,,0.8357452942815863,0.7205503790011712,1.0177580693182526,1.1835743490858457,1.4220832524022229,,,0.7967094825604373,2.7264310528274347,0.04309211122460692,2.8126152752766487,3.4343131846393264,1.0,,,,,,,,,,,,,,0.20263424518743667,0.4905149051490515,0.09335727109515261,,,0.3139170861584665,0.0,2.2706268005782713,0.0323706836032021,2.3353681677846754,1.0,,,,,,,,,,,,,,,,,,,0.3139170861584665,0.0,2.627834172316933,0.04077291540123891,2.709380003119411,1.0,,,,,,,,,,,,,,,,,,,0.3139170861584665,0.0,2.627834172316933,0.04077291540123891,2.709380003119411,1.0,,,,,,,,,,,,,,,,,,,0.3139170861584665,0.0,2.627834172316933,0.04077291540123891,2.709380003119411,1.0,,,,,,,,,,,,,,,,,,,0.3139170861584665,0.0,2.627834172316933,0.04077291540123891,2.709380003119411,12.383942226627973
Issa Diop,DEF,Fulham,4.3,0.0002314236255750877,0.0002314236255750877,0.0002314236255750877,0.29103922634796753,0.0,1.0,0.34674063800277394,0.42211903756859437,-0.07537839956582043,Newcastle,H,0.0002314236255750877,0.00046273159716438074,0.0002314236255750877,0.06349206349206349,0.004738213693437574,0.0,0.09523809523809523,0.22408963585434172,0.20263424518743667,0.4905149051490515,0.09335727109515261,,,0.8357452942815863,0.7205503790011712,0.9531004978556813,1.1835743490858457,1.4220832524022229,,,0.7967094825604373,2.695877393930224,0.042373428060026724,2.7806242500502774,3.4343131846393264,1.0,,,,,,,,,,,,,,0.20263424518743667,0.4905149051490515,0.09335727109515261,,,0.29103922634796753,0.0,2.2248710809572736,0.03129441756627699,2.2874599160898277,1.0,,,,,,,,,,,,,,,,,,,0.29103922634796753,0.0,2.582078452695935,0.03969664936431379,2.6614717514245627,1.0,,,,,,,,,,,,,,,,,,,0.29103922634796753,0.0,2.582078452695935,0.03969664936431379,2.6614717514245627,1.0,,,,,,,,,,,,,,,,,,,0.29103922634796753,0.0,2.582078452695935,0.03969664936431379,2.6614717514245627,1.0,,,,,,,,,,,,,,,,,,,0.29103922634796753,0.0,2.582078452695935,0.03969664936431379,2.6614717514245627,12.177086082715407
Joachim Andersen,DEF,Fulham,4.5,0.0002314236255750877,0.0002314236255750877,0.0002314236255750877,0.5363867540200594,0.0,0.0,0.34674063800277394,0.42211903756859437,-0.07537839956582043,Newcastle,H,0.0002314236255750877,0.00046273159716438074,0.0002314236255750877,,,,,,0.20263424518743667,0.4905149051490515,0.09335727109515261,,,,,,1.1835743490858457,1.4220832524022229,,,0.7967094825604373,0.0,0.0,0.0,3.4343131846393264,0.0,,,,,,,,,,,,,,0.20263424518743667,0.4905149051490515,0.09335727109515261,,,0.5363867540200594,0.0,0.0,0.0,0.0,0.0,,,,,,,,,,,,,,,,,,,0.5363867540200594,0.0,0.0,0.0,0.0,0.0,,,,,,,,,,,,,,,,,,,0.5363867540200594,0.0,0.0,0.0,0.0,0.0,,,,,,,,,,,,,,,,,,,0.5363867540200594,0.0,0.0,0.0,0.0,0.0,,,,,,,,,,,,,,,,,,,0.5363867540200594,0.0,0.0,0.0,0.0,0.0
Jorge Cuenca,DEF,Fulham,4.3,0.0002314236255750877,0.0002314236255750877,0.0002314236255750877,0.5715524109479235,0.0,0.0,0.34674063800277394,0.42211903756859437,-0.07537839956582043,Newcastle,H,0.0002314236255750877,0.00046273159716438074,0.0002314236255750877,0.08658008658008658,0.004738213693437574,0.0,0.09523809523809523,0.2140181915462814,0.20263424518743667,0.4905149051490515,0.09335727109515261,,,1.139652674020345,0.7205503790011712,0.9102645204239652,1.1835743490858457,1.4220832524022229,,,0.7967094825604373,0.0,0.0,0.0,3.4343131846393264,0.0,,,,,,,,,,,,,,0.20263424518743667,0.4905149051490515,0.09335727109515261,,,0.5715524109479235,0.0,0.0,0.0,0.0,0.0,,,,,,,,,,,,,,,,,,,0.5715524109479235,0.0,0.0,0.0,0.0,0.0,,,,,,,,,,,,,,,,,,,0.5715524109479235,0.0,0.0,0.0,0.0,0.0,,,,,,,,,,,,,,,,,,,0.5715524109479235,0.0,0.0,0.0,0.0,0.0,,,,,,,,,,,,,,,,,,,0.5715524109479235,0.0,0.0,0.0,0.0,0.0
Kenny Tete,DEF,Fulham,4.5,0.0002314236255750877,0.0002314236255750877,0.0002314236255750877,0.34526848406219834,0.0,0.0,0.34674063800277394,0.42211903756859437,-0.07537839956582043,Newcastle,H,0.0002314236255750877,0.00046273159716438074,0.0002314236255750877,0.05012531328320802,0.004738213693437574,0.0,0.19047619047619047,0.2070393374741201,0.20263424518743667,0.4905149051490515,0.09335727109515261,,,0.6597989165380945,1.4411007580023425,0.8805819817144883,1.1835743490858457,1.4220832524022229,,,0.7967094825604373,0.0,0.0,0.0,3.4343131846393264,0.0,,,,,,,,,,,,,,0.20263424518743667,0.4905149051490515,0.09335727109515261,,,0.34526848406219834,0.0,0.0,0.0,0.0,0.0,,,,,,,,,,,,,,,,,,,0.34526848406219834,0.0,0.0,0.0,0.0,0.0,,,,,,,,,,,,,,,,,,,0.34526848406219834,0.0,0.0,0.0,0.0,0.0,,,,,,,,,,,,,,,,,,,0.34526848406219834,0.0,0.0,0.0,0.0,0.0,,,,,,,,,,,,,,,,,,,0.34526848406219834,0.0,0.0,0.0,0.0,0.0
Samuel Amissah,DEF,Fulham,3.8,0.0002314236255750877,0.0002314236255750877,0.0002314236255750877,0.44,0.0,0.0,0.34674063800277394,0.42211903756859437,-0.07537839956582043,Newcastle,H,0.0002314236255750877,0.00046273159716438074,0.0002314236255750877,,,,,,0.20263424518743667,0.4905149051490515,0.09335727109515261,,,,,,1.1835743490858457,1.4220832524022229,,,0.7967094825604373,0.0,0.0,0.0,3.4343131846393264,0.0,,,,,,,,,,,,,,0.20263424518743667,0.4905149051490515,0.09335727109515261,,,0.44,0.0,0.0,0.0,0.0,0.0,,,,,,,,,,,,,,,,,,,0.44,0.0,0.0,0.0,0.0,0.0,,,,,,,,,,,,,,,,,,,0.44,0.0,0.0,0.0,0.0,0.0,,,,,,,,,,,,,,,,,,,0.44,0.0,0.0,0.0,0.0,0.0,,,,,,,,,,,,,,,,,,,0.44,0.0,0.0,0.0,0.0,0.0
Timothy Castagne,DEF,Fulham,4.3,0.0002314236255750877,0.0002314236255750877,0.0002314236255750877,0.3048370750122601,0.0,1.0,0.34674063800277394,0.42211903756859437,-0.07537839956582043,Newcastle,H,0.0002314236255750877,0.00046273159716438074,0.0002314236255750877,0.06349206349206349,0.004738213693437574,0.0,0.17316017316017315,0.1763668430335097,0.20263424518743667,0.4905149051490515,0.09335727109515261,,,0.8357452942815863,1.3100915981839478,0.7501253918308602,1.1835743490858457,1.4220832524022229,,,0.7967094825604373,3.004962117845875,0.04964371893597068,3.1042495557178165,3.4343131846393264,1.0,,,,,,,,,,,,,,0.20263424518743667,0.4905149051490515,0.09335727109515261,,,0.3048370750122601,0.0,2.252466778285859,0.031943523558839976,2.3163538254035387,1.0,,,,,,,,,,,,,,,,,,,0.3048370750122601,0.0,2.60967415002452,0.04034575535687676,2.6903656607382733,1.0,,,,,,,,,,,,,,,,,,,0.3048370750122601,0.0,2.60967415002452,0.04034575535687676,2.6903656607382733,1.0,,,,,,,,,,,,,,,,,,,0.3048370750122601,0.0,2.60967415002452,0.04034575535687676,2.6903656607382733,1.0,,,,,,,,,,,,,,,,,,,0.3048370750122601,0.0,2.60967415002452,0.04034575535687676,2.6903656607382733,12.60617415737799
Alex Iwobi,MID,Fulham,6.3,0.0002314236255750877,0.0002314236255750877,0.0002314236255750877,0.0,0.10010519627436232,1.0,0.34674063800277394,0.42211903756859437,-0.07537839956582043,Newcastle,H,0.0002314236255750877,0.00046273159716438074,0.0002314236255750877,0.15873015873015872,0.018674136321195144,0.0,0.21164021164021163,0.12698412698412698,0.20263424518743667,0.4905149051490515,0.09335727109515261,,,0.9646273539730963,1.0632607659092979,0.536447693124064,1.181741761755946,1.4233429806227127,,,0.7991634735550748,3.7978026209294384,0.06829291324950225,3.934388447428443,4.228156754680936,1.0,,,,,,,,,,,,,,0.20263424518743667,0.4905149051490515,0.09335727109515261,,,0.0,0.10010519627436232,2.4028446377361616,0.035480711568829995,2.4738060608738217,1.0,,,,,,,,,,,,,,,,,,,0.0,0.10010519627436232,2.2002103925487244,0.0307143488535311,2.2616390902557866,1.0,,,,,,,,,,,,,,,,,,,0.0,0.10010519627436232,2.2002103925487244,0.0307143488535311,2.2616390902557866,1.0,,,,,,,,,,,,,,,,,,,0.0,0.10010519627436232,2.2002103925487244,0.0307143488535311,2.2616390902557866,1.0,,,,,,,,,,,,,,,,,,,0.0,0.10010519627436232,2.2002103925487244,0.0307143488535311,2.2616390902557866,12.369713051887393
Andreas Hoelgebaum Pereira,MID,Fulham,5.3,0.0002314236255750877,0.0002314236255750877,0.0002314236255750877,0.0,0.26,0.0,0.34674063800277394,0.42211903756859437,-0.07537839956582043,Newcastle,H,0.0002314236255750877,0.00046273159716438074,0.0002314236255750877,,,,,,0.20263424518743667,0.4905149051490515,0.09335727109515261,,,,,,1.181741761755946,1.4233429806227127,,,0.7991634735550748,0.0,0.0,0.0,4.228156754680936,0.0,,,,,,,,,,,,,,0.20263424518743667,0.4905149051490515,0.09335727109515261,,,0.0,0.26,0.0,0.0,0.0,0.0,,,,,,,,,,,,,,,,,,,0.0,0.26,0.0,0.0,0.0,0.0,,,,,,,,,,,,,,,,,,,0.0,0.26,0.0,0.0,0.0,0.0,,,,,,,,,,,,,,,,,,,0.0,0.26,0.0,0.0,0.0,0.0,,,,,,,,,,,,,,,,,,,0.0,0.26,0.0,0.0,0.0,0.0
Emile Smith Rowe,MID,Fulham,5.6,0.0002314236255750877,0.0002314236255750877,0.0002314236255750877,0.0,0.12119222314352351,0.0,0.34674063800277394,0.42211903756859437,-0.07537839956582043,Newcastle,H,0.0002314236255750877,0.00046273159716438074,0.0002314236255750877,0.23809523809523808,0.041407867494824016,0.0,0.19047619047619047,0.11904761904761904,0.20263424518743667,0.4905149051490515,0.09335727109515261,,,1.4469410309596444,0.956934689318368,0.50291971230381,1.181741761755946,1.4233429806227127,,,0.7991634735550748,0.0,0.0,0.0,4.228156754680936,0.0,,,,,,,,,,,,,,0.20263424518743667,0.4905149051490515,0.09335727109515261,,,0.0,0.12119222314352351,0.0,0.0,0.0,0.0,,,,,,,,,,,,,,,,,,,0.0,0.12119222314352351,0.0,0.0,0.0,0.0,,,,,,,,,,,,,,,,,,,0.0,0.12119222314352351,0.0,0.0,0.0,0.0,,,,,,,,,,,,,,,,,,,0.0,0.12119222314352351,0.0,0.0,0.0,0.0,,,,,,,,,,,,,,,,,,,0.0,0.12119222314352351,0.0,0.0,0.0,0.0
Harrison Reed,MID,Fulham,4.3,0.0002314236255750877,0.0002314236255750877,0.0002314236255750877,0.0,0.26,0.0,0.34674063800277394,0.42211903756859437,-0.07537839956582043,Newcastle,H,0.0002314236255750877,0.00046273159716438074,0.0002314236255750877,0.09523809523809523,0.005411255411255411,0.0,0.15873015873015872,0.23228803716608595,0.20263424518743667,0.4905149051490515,0.09335727109515261,,,0.5787764123838578,0.7974455744319734,0.9813067557147513,1.181741761755946,1.4233429806227127,,,0.7991634735550748,0.0,0.0,0.0,4.228156754680936,0.0,,,,,,,,,,,,,,0.20263424518743667,0.4905149051490515,0.09335727109515261,,,0.0,0.26,0.0,0.0,0.0,0.0,,,,,,,,,,,,,,,,,,,0.0,0.26,0.0,0.0,0.0,0.0,,,,,,,,,,,,,,,,,,,0.0,0.26,0.0,0.0,0.0,0.0,,,,,,,,,,,,,,,,,,,0.0,0.26,0.0,0.0,0.0,0.0,,,,,,,,,,,,,,,,,,,0.0,0.26,0.0,0.0,0.0,0.0
Harry Wilson,MID,Fulham,5.9,0.0002314236255750877,0.0002314236255750877,0.0002314236255750877,0.0,0.06680720126885809,0.0,0.34674063800277394,0.42211903756859437,-0.07537839956582043,Newcastle,H,0.0002314236255750877,0.00046273159716438074,0.0002314236255750877,0.2976190476190476,0.06802721088435373,0.0,0.3401360544217687,0.18140589569160995,0.20263424518743667,0.4905149051490515,0.09335727109515261,,,1.8086762886995558,1.7088119452113715,0.7663538473200914,1.181741761755946,1.4233429806227127,,,0.7991634735550748,0.0,0.0,0.0,4.228156754680936,0.0,,,,,,,,,,,,,,0.20263424518743667,0.4905149051490515,0.09335727109515261,,,0.0,0.06680720126885809,0.0,0.0,0.0,0.0,,,,,,,,,,,,,,,,,,,0.0,0.06680720126885809,0.0,0.0,0.0,0.0,,,,,,,,,,,,,,,,,,,0.0,0.06680720126885809,0.0,0.0,0.0,0.0,,,,,,,,,,,,,,,,,,,0.0,0.06680720126885809,0.0,0.0,0.0,0.0,,,,,,,,,,,,,,,,,,,0.0,0.06680720126885809,0.0,0.0,0.0,0.0
Josh King,MID,Fulham,4.4,0.0002314236255750877,0.0002314236255750877,0.0002314236255750877,0.0,0.13308955053403448,1.0,0.34674063800277394,0.42211903756859437,-0.07537839956582043,Newcastle,H,0.0002314236255750877,0.00046273159716438074,0.0002314236255750877,0.21164021164021163,0.03663003663003663,0.0,0.2886002886002886,0.2070393374741201,0.20263424518743667,0.4905149051490515,0.09335727109515261,,,1.2861698052974617,1.4499010444217697,0.8746429779196697,1.181741761755946,1.4233429806227127,,,0.7991634735550748,4.368926115933492,0.08172688009898761,4.5323798761314675,4.228156754680936,1.0,,,,,,,,,,,,,,0.20263424518743667,0.4905149051490515,0.09335727109515261,,,0.0,0.13308955053403448,2.468813346255506,0.03703242753062201,2.54287820131675,1.0,,,,,,,,,,,,,,,,,,,0.0,0.13308955053403448,2.2661791010680687,0.03226606481532311,2.3307112306987148,1.0,,,,,,,,,,,,,,,,,,,0.0,0.13308955053403448,2.2661791010680687,0.03226606481532311,2.3307112306987148,1.0,,,,,,,,,,,,,,,,,,,0.0,0.13308955053403448,2.2661791010680687,0.03226606481532311,2.3307112306987148,1.0,,,,,,,,,,,,,,,,,,,0.0,0.13308955053403448,2.2661791010680687,0.03226606481532311,2.3307112306987148,13.219817793207104
Kevin,MID,Fulham,5.8,0.0002314236255750877,0.0002314236255750877,0.0002314236255750877,0.0,0.12507193563715036,1.0,0.34674063800277394,0.42211903756859437,-0.07537839956582043,Newcastle,H,0.0002314236255750877,0.00046273159716438074,0.0002314236255750877,0.21994941163532386,0.03663003663003663,0.0,0.26455026455026454,0.20481310803891445,0.20263424518743667,0.4905149051490515,0.09335727109515261,,,1.3366660794084475,1.3290759573866222,0.8652382147162322,1.181741761755946,1.4233429806227127,,,0.7991634735550748,4.324513043400419,0.08068219580686466,4.485877435014149,4.228156754680936,1.0,,,,,,,,,,,,,,0.20263424518743667,0.4905149051490515,0.09335727109515261,,,0.0,0.12507193563715036,2.4527781164617375,0.03665524685541299,2.5260886101725637,1.0,,,,,,,,,,,,,,,,,,,0.0,0.12507193563715036,2.2501438712743007,0.03188888414011411,2.313921639554529,1.0,,,,,,,,,,,,,,,,,,,0.0,0.12507193563715036,2.2501438712743007,0.03188888414011411,2.313921639554529,1.0,,,,,,,,,,,,,,,,,,,0.0,0.12507193563715036,2.2501438712743007,0.03188888414011411,2.313921639554529,1.0,,,,,,,,,,,,,,,,,,,0.0,0.12507193563715036,2.2501438712743007,0.03188888414011411,2.313921639554529,13.112033344413511
Luke Harris,MID,Fulham,4.5,0.0002314236255750877,0.0002314236255750877,0.0002314236255750877,0.0,0.26,0.0,0.34674063800277394,0.42211903756859437,-0.07537839956582043,Newcastle,H,0.0002314236255750877,0.00046273159716438074,0.0002314236255750877,,,,,,0.20263424518743667,0.4905149051490515,0.09335727109515261,,,,,,1.181741761755946,1.4233429806227127,,,0.7991634735550748,0.0,0.0,0.0,4.228156754680936,0.0,,,,,,,,,,,,,,0.20263424518743667,0.4905149051490515,0.09335727109515261,,,0.0,0.26,0.0,0.0,0.0,0.0,,,,,,,,,,,,,,,,,,,0.0,0.26,0.0,0.0,0.0,0.0,,,,,,,,,,,,,,,,,,,0.0,0.26,0.0,0.0,0.0,0.0,,,,,,,,,,,,,,,,,,,0.0,0.26,0.0,0.0,0.0,0.0,,,,,,,,,,,,,,,,,,,0.0,0.26,0.0,0.0,0.0,0.0
Martial Godo,MID,Fulham,4.5,0.0002314236255750877,0.0002314236255750877,0.0002314236255750877,0.0,0.26,0.0,0.34674063800277394,0.42211903756859437,-0.07537839956582043,Newcastle,H,0.0002314236255750877,0.00046273159716438074,0.0002314236255750877,,,,,,0.20263424518743667,0.4905149051490515,0.09335727109515261,,,,,,1.181741761755946,1.4233429806227127,,,0.7991634735550748,0.0,0.0,0.0,4.228156754680936,0.0,,,,,,,,,,,,,,0.20263424518743667,0.4905149051490515,0.09335727109515261,,,0.0,0.26,0.0,0.0,0.0,0.0,,,,,,,,,,,,,,,,,,,0.0,0.26,0.0,0.0,0.0,0.0,,,,,,,,,,,,,,,,,,,0.0,0.26,0.0,0.0,0.0,0.0,,,,,,,,,,,,,,,,,,,0.0,0.26,0.0,0.0,0.0,0.0,,,,,,,,,,,,,,,,,,,0.0,0.26,0.0,0.0,0.0,0.0
Oscar Bobb,MID,Fulham,5.1,0.0002314236255750877,0.0002314236255750877,0.0002314236255750877,0.0,0.10828239274168872,1.0,0.34674063800277394,0.42211903756859437,-0.07537839956582043,Newcastle,H,0.0002314236255750877,0.00046273159716438074,0.0002314236255750877,0.21994941163532386,0.03663003663003663,0.0,0.25396825396825395,0.16563146997929606,0.20263424518743667,0.4905149051490515,0.09335727109515261,,,1.3366660794084475,1.2759129190911573,0.6997143823357358,1.181741761755946,1.4233429806227127,,,0.7991634735550748,4.298369563923082,0.08006724888259872,4.458504061688279,4.228156754680936,1.0,,,,,,,,,,,,,,0.20263424518743667,0.4905149051490515,0.09335727109515261,,,0.0,0.10828239274168872,2.419199030670814,0.035865399599438894,2.490929829869692,1.0,,,,,,,,,,,,,,,,,,,0.0,0.10828239274168872,2.2165647854833774,0.03109903688414001,2.2787628592516573,1.0,,,,,,,,,,,,,,,,,,,0.0,0.10828239274168872,2.2165647854833774,0.03109903688414001,2.2787628592516573,1.0,,,,,,,,,,,,,,,,,,,0.0,0.10828239274168872,2.2165647854833774,0.03109903688414001,2.2787628592516573,1.0,,,,,,,,,,,,,,,,,,,0.0,0.10828239274168872,2.2165647854833774,0.03109903688414001,2.2787628592516573,12.956330422982155
Ryan Sessegnon,MID,Fulham,5.4,0.0002314236255750877,0.0002314236255750877,0.0002314236255750877,0.0,0.37574827209398753,0.0,0.34674063800277394,0.42211903756859437,-0.07537839956582043,Newcastle,H,0.0002314236255750877,0.00046273159716438074,0.0002314236255750877,0.19047619047619047,0.026455026455026454,0.0,0.17316017316017315,0.241721053903795,0.20263424518743667,0.4905149051490515,0.09335727109515261,,,1.1575528247677156,0.8699406266530618,1.021156776251391,1.181741761755946,1.4233429806227127,,,0.7991634735550748,0.0,0.0,0.0,4.228156754680936,0.0,,,,,,,,,,,,,,0.20263424518743667,0.4905149051490515,0.09335727109515261,,,0.0,0.37574827209398753,0.0,0.0,0.0,0.0,,,,,,,,,,,,,,,,,,,0.0,0.37574827209398753,0.0,0.0,0.0,0.0,,,,,,,,,,,,,,,,,,,0.0,0.37574827209398753,0.0,0.0,0.0,0.0,,,,,,,,,,,,,,,,,,,0.0,0.37574827209398753,0.0,0.0,0.0,0.0,,,,,,,,,,,,,,,,,,,0.0,0.37574827209398753,0.0,0.0,0.0,0.0
Samuel Chukwueze,MID,Fulham,5.3,0.0002314236255750877,0.0002314236255750877,0.0002314236255750877,0.0,0.12803807990254856,0.0,0.34674063800277394,0.42211903756859437,-0.07537839956582043,Newcastle,H,0.0002314236255750877,0.00046273159716438074,0.0002314236255750877,0.21164021164021163,0.03663003663003663,0.0,0.2801120448179272,0.16563146997929606,0.20263424518743667,0.4905149051490515,0.09335727109515261,,,1.2861698052974617,1.4072568960564236,0.6997143823357358,1.181741761755946,1.4233429806227127,,,0.7991634735550748,0.0,0.0,0.0,4.228156754680936,0.0,,,,,,,,,,,,,,0.20263424518743667,0.4905149051490515,0.09335727109515261,,,0.0,0.12803807990254856,0.0,0.0,0.0,0.0,,,,,,,,,,,,,,,,,,,0.0,0.12803807990254856,0.0,0.0,0.0,0.0,,,,,,,,,,,,,,,,,,,0.0,0.12803807990254856,0.0,0.0,0.0,0.0,,,,,,,,,,,,,,,,,,,0.0,0.12803807990254856,0.0,0.0,0.0,0.0,,,,,,,,,,,,,,,,,,,0.0,0.12803807990254856,0.0,0.0,0.0,0.0
Sander Berge,MID,Fulham,4.9,0.0002314236255750877,0.0002314236255750877,0.0002314236255750877,0.0,0.21323750786718665,0.0,0.34674063800277394,0.42211903756859437,-0.07537839956582043,Newcastle,H,0.0002314236255750877,0.00046273159716438074,0.0002314236255750877,0.07936507936507936,0.004738213693437574,0.0,0.09523809523809523,0.22675736961451246,0.20263424518743667,0.4905149051490515,0.09335727109515261,,,0.48231367698654815,0.478467344659184,0.9579423091501144,1.181741761755946,1.4233429806227127,,,0.7991634735550748,0.0,0.0,0.0,4.228156754680936,0.0,,,,,,,,,,,,,,0.20263424518743667,0.4905149051490515,0.09335727109515261,,,0.0,0.21323750786718665,0.0,0.0,0.0,0.0,,,,,,,,,,,,,,,,,,,0.0,0.21323750786718665,0.0,0.0,0.0,0.0,,,,,,,,,,,,,,,,,,,0.0,0.21323750786718665,0.0,0.0,0.0,0.0,,,,,,,,,,,,,,,,,,,0.0,0.21323750786718665,0.0,0.0,0.0,0.0,,,,,,,,,,,,,,,,,,,0.0,0.21323750786718665,0.0,0.0,0.0,0.0
Sasa Lukic,MID,Fulham,4.9,0.0002314236255750877,0.0002314236255750877,0.0002314236255750877,0.0,0.2726686045875235,1.0,0.34674063800277394,0.42211903756859437,-0.07537839956582043,Newcastle,H,0.0002314236255750877,0.00046273159716438074,0.0002314236255750877,0.11904761904761904,0.009429514380009428,0.0,0.21994941163532386,0.2886002886002886,0.20263424518743667,0.4905149051490515,0.09335727109515261,,,0.7234705154798222,1.105005414917284,1.219199302554691,1.181741761755946,1.4233429806227127,,,0.7991634735550748,3.7616050678063093,0.06744147440494001,3.8964880166161895,4.228156754680936,1.0,,,,,,,,,,,,,,0.20263424518743667,0.4905149051490515,0.09335727109515261,,,0.0,0.2726686045875235,2.747971454362484,0.04359878454951434,2.8351690234615123,1.0,,,,,,,,,,,,,,,,,,,0.0,0.2726686045875235,2.545337209175047,0.038832421834215466,2.623002052843478,1.0,,,,,,,,,,,,,,,,,,,0.0,0.2726686045875235,2.545337209175047,0.038832421834215466,2.623002052843478,1.0,,,,,,,,,,,,,,,,,,,0.0,0.2726686045875235,2.545337209175047,0.038832421834215466,2.623002052843478,1.0,,,,,,,,,,,,,,,,,,,0.0,0.2726686045875235,2.545337209175047,0.038832421834215466,2.623002052843478,13.650787434520213
Seth Ridgeon,MID,Fulham,4.5,0.0002314236255750877,0.0002314236255750877,0.0002314236255750877,0.0,0.26,0.0,0.34674063800277394,0.42211903756859437,-0.07537839956582043,Newcastle,H,0.0002314236255750877,0.00046273159716438074,0.0002314236255750877,,,,,,0.20263424518743667,0.4905149051490515,0.09335727109515261,,,,,,1.181741761755946,1.4233429806227127,,,0.7991634735550748,0.0,0.0,0.0,4.228156754680936,0.0,,,,,,,,,,,,,,0.20263424518743667,0.4905149051490515,0.09335727109515261,,,0.0,0.26,0.0,0.0,0.0,0.0,,,,,,,,,,,,,,,,,,,0.0,0.26,0.0,0.0,0.0,0.0,,,,,,,,,,,,,,,,,,,0.0,0.26,0.0,0.0,0.0,0.0,,,,,,,,,,,,,,,,,,,0.0,0.26,0.0,0.0,0.0,0.0,,,,,,,,,,,,,,,,,,,0.0,0.26,0.0,0.0,0.0,0.0
Tom Cairney,MID,Fulham,4.8,0.0002314236255750877,0.0002314236255750877,0.0002314236255750877,0.0,0.10564977366685535,0.0,0.34674063800277394,0.42211903756859437,-0.07537839956582043,Newcastle,H,0.0002314236255750877,0.00046273159716438074,0.0002314236255750877,0.13605442176870747,0.012531328320802004,0.0,0.25396825396825395,0.1943634596695821,0.20263424518743667,0.4905149051490515,0.09335727109515261,,,0.8268234462626539,1.2759129190911573,0.8210934078429551,1.181741761755946,1.4233429806227127,,,0.7991634735550748,0.0,0.0,0.0,4.228156754680936,0.0,,,,,,,,,,,,,,0.20263424518743667,0.4905149051490515,0.09335727109515261,,,0.0,0.10564977366685535,0.0,0.0,0.0,0.0,,,,,,,,,,,,,,,,,,,0.0,0.10564977366685535,0.0,0.0,0.0,0.0,,,,,,,,,,,,,,,,,,,0.0,0.10564977366685535,0.0,0.0,0.0,0.0,,,,,,,,,,,,,,,,,,,0.0,0.10564977366685535,0.0,0.0,0.0,0.0,,,,,,,,,,,,,,,,,,,0.0,0.10564977366685535,0.0,0.0,0.0,0.0
Jonah Kusi-Asare,FWD,Fulham,4.5,0.0002314236255750877,0.0002314236255750877,0.0002314236255750877,0.0,0.0,0.0,0.34674063800277394,0.42211903756859437,-0.07537839956582043,Newcastle,H,0.0002314236255750877,0.00046273159716438074,0.0002314236255750877,0.2976190476190476,0.06802721088435373,0.0,0.27210884353741494,0.18140589569160995,0.20263424518743667,0.4905149051490515,0.09335727109515261,,,0.9439049065193552,1.4098190019169576,0.9807420613615064,1.1834484545271817,1.4144109246297722,,,0.795262400606359,0.0,0.0,0.0,4.034586882763913,0.0,,,,,,,,,,,,,,0.20263424518743667,0.4905149051490515,0.09335727109515261,,,0.0,0.0,0.0,0.0,0.0,0.0,,,,,,,,,,,,,,,,,,,0.0,0.0,0.0,0.0,0.0,0.0,,,,,,,,,,,,,,,,,,,0.0,0.0,0.0,0.0,0.0,0.0,,,,,,,,,,,,,,,,,,,0.0,0.0,0.0,0.0,0.0,0.0,,,,,,,,,,,,,,,,,,,0.0,0.0,0.0,0.0,0.0,0.0
Raul Jimenez,FWD,Fulham,6.1,0.0002314236255750877,0.0002314236255750877,0.0002314236255750877,0.0,0.0,0.0,0.34674063800277394,0.42211903756859437,-0.07537839956582043,Newcastle,H,0.0002314236255750877,0.00046273159716438074,0.0002314236255750877,0.38095238095238093,0.10582010582010581,0.01,0.21164021164021163,0.2070393374741201,0.20263424518743667,0.4905149051490515,0.09335727109515261,,,1.2081982803447746,1.096525890379856,1.1193251787278065,1.1834484545271817,1.4144109246297722,,,0.795262400606359,0.0,0.0,0.0,4.034586882763913,0.0,,,,,,,,,,,,,,0.20263424518743667,0.4905149051490515,0.09335727109515261,,,0.0,0.0,0.0,0.0,0.0,0.0,,,,,,,,,,,,,,,,,,,0.0,0.0,0.0,0.0,0.0,0.0,,,,,,,,,,,,,,,,,,,0.0,0.0,0.0,0.0,0.0,0.0,,,,,,,,,,,,,,,,,,,0.0,0.0,0.0,0.0,0.0,0.0,,,,,,,,,,,,,,,,,,,0.0,0.0,0.0,0.0,0.0,0.0
Rodrigo Muniz,FWD,Fulham,5.3,0.0002314236255750877,0.0002314236255750877,0.0002314236255750877,0.0,0.0,1.0,0.34674063800277394,0.42211903756859437,-0.07537839956582043,Newcastle,H,0.0002314236255750877,0.00046273159716438074,0.0002314236255750877,0.3621220351258374,0.10025062656641603,0.01,0.19047619047619047,0.1716001716001716,0.20263424518743667,0.4905149051490515,0.09335727109515261,,,1.1484774527992154,0.9868733013418703,0.9277289769635874,1.1834484545271817,1.4144109246297722,,,0.795262400606359,4.289319046597413,0.07985436261406435,4.449027771825541,4.034586882763913,1.0,,,,,,,,,,,,,,0.20263424518743667,0.4905149051490515,0.09335727109515261,,,0.0,0.0,2.0,0.026005000000000004,2.05201,1.0,,,,,,,,,,,,,,,,,,,0.0,0.0,2.0,0.026005000000000004,2.05201,1.0,,,,,,,,,,,,,,,,,,,0.0,0.0,2.0,0.026005000000000004,2.05201,1.0,,,,,,,,,,,,,,,,,,,0.0,0.0,2.0,0.026005000000000004,2.05201,1.0,,,,,,,,,,,,,,,,,,,0.0,0.0,2.0,0.026005000000000004,2.05201,11.93886427182554
Alex Cairns,GK,Leeds,3.9,0.0002314236255750877,0.0002314236255750877,0.0002314236255750877,0.0,0.0,0.0,0.2311604253351826,0.5547850208044383,-0.32362459546925565,West Ham,A,0.0002314236255750877,0.8317831919301906,0.0002314236255750877,,,,,,0.15873015873015872,0.5588235294117646,0.12529550827423167,0.6802721088435374,0.19047619047619047,,,,1.0554062117290377,1.0784396691159226,1.047615211299157,1.071074640070997,0.8929725434866228,0.0,0.0,0.0,2.25485388521191,0.0,,,,,,,,,,,,,,0.15873015873015872,0.5588235294117646,0.12529550827423167,,,0.0,0.0,0.0,0.0,0.0,0.0,,,,,,,,,,,,,,,,,,,0.0,0.0,0.0,0.0,0.0,0.0,,,,,,,,,,,,,,,,,,,0.0,0.0,0.0,0.0,0.0,0.0,,,,,,,,,,,,,,,,,,,0.0,0.0,0.0,0.0,0.0,0.0,,,,,,,,,,,,,,,,,,,0.0,0.0,0.0,0.0,0.0,0.0
Illan Meslier,GK,Leeds,4.1,0.0002314236255750877,0.0002314236255750877,0.0002314236255750877,0.0,0.0,0.0,0.2311604253351826,0.5547850208044383,-0.32362459546925565,West Ham,A,0.0002314236255750877,0.8317831919301906,0.0002314236255750877,,,,,,0.15873015873015872,0.5588235294117646,0.12529550827423167,0.6802721088435374,0.19047619047619047,,,,1.0554062117290377,1.0784396691159226,1.047615211299157,1.071074640070997,0.8929725434866228,0.0,0.0,0.0,2.25485388521191,0.0,,,,,,,,,,,,,,0.15873015873015872,0.5588235294117646,0.12529550827423167,,,0.0,0.0,0.0,0.0,0.0,0.0,,,,,,,,,,,,,,,,,,,0.0,0.0,0.0,0.0,0.0,0.0,,,,,,,,,,,,,,,,,,,0.0,0.0,0.0,0.0,0.0,0.0,,,,,,,,,,,,,,,,,,,0.0,0.0,0.0,0.0,0.0,0.0,,,,,,,,,,,,,,,,,,,0.0,0.0,0.0,0.0,0.0,0.0
Karl Darlow,GK,Leeds,3.9,0.0002314236255750877,0.0002314236255750877,0.0002314236255750877,0.0,0.0,1.0,0.2311604253351826,0.5547850208044383,-0.32362459546925565,West Ham,A,0.0002314236255750877,0.8317831919301906,0.0002314236255750877,,,,,,0.15873015873015872,0.5588235294117646,0.12529550827423167,0.6802721088435374,0.19047619047619047,,,,1.0554062117290377,1.0784396691159226,1.047615211299157,1.071074640070997,0.8929725434866228,2.1374308588683704,0.029237648662301812,2.195906156192974,2.25485388521191,1.0,,,,,,,,,,,,,,0.15873015873015872,0.5588235294117646,0.12529550827423167,,,0.0,0.0,1.2666825595486424,0.00875590716570317,1.2841943738800488,1.0,,,,,,,,,,,,,,,,,,,0.0,0.0,2.0,0.026005000000000004,2.05201,1.0,,,,,,,,,,,,,,,,,,,0.0,0.0,2.0,0.026005000000000004,2.05201,1.0,,,,,,,,,,,,,,,,,,,0.0,0.0,2.0,0.026005000000000004,2.05201,1.0,,,,,,,,,,,,,,,,,,,0.0,0.0,2.0,0.026005000000000004,2.05201,9.033099373991014
Lucas Perri,GK,Leeds,4.5,0.0002314236255750877,0.0002314236255750877,0.0002314236255750877,0.0,0.0,0.0,0.2311604253351826,0.5547850208044383,-0.32362459546925565,West Ham,A,0.0002314236255750877,0.8317831919301906,0.0002314236255750877,,,,,,0.15873015873015872,0.5588235294117646,0.12529550827423167,0.6802721088435374,0.19047619047619047,,,,1.0554062117290377,1.0784396691159226,1.047615211299157,1.071074640070997,0.8929725434866228,0.0,0.0,0.0,2.25485388521191,0.0,,,,,,,,,,,,,,0.15873015873015872,0.5588235294117646,0.12529550827423167,,,0.0,0.0,0.0,0.0,0.0,0.0,,,,,,,,,,,,,,,,,,,0.0,0.0,0.0,0.0,0.0,0.0,,,,,,,,,,,,,,,,,,,0.0,0.0,0.0,0.0,0.0,0.0,,,,,,,,,,,,,,,,,,,0.0,0.0,0.0,0.0,0.0,0.0,,,,,,,,,,,,,,,,,,,0.0,0.0,0.0,0.0,0.0,0.0
Gabriel Gudmundsson,DEF,Leeds,3.8,0.0002314236255750877,0.0002314236255750877,0.0002314236255750877,0.18487133056565108,0.0,0.0,0.2311604253351826,0.5547850208044383,-0.32362459546925565,West Ham,A,0.0002314236255750877,0.8317831919301906,0.0002314236255750877,0.06349206349206349,0.004738213693437574,0.0,0.13605442176870747,0.23809523809523808,0.15873015873015872,0.5588235294117646,0.12529550827423167,,,0.9139126946284744,1.1964101809685372,0.9437173946500836,1.0567000431535611,1.0806192506525643,,,0.8905434452435496,0.0,0.0,0.0,2.7089415648235606,0.0,,,,,,,,,,,,,,0.15873015873015872,0.5588235294117646,0.12529550827423167,,,0.18487133056565108,0.0,0.0,0.0,0.0,0.0,,,,,,,,,,,,,,,,,,,0.18487133056565108,0.0,0.0,0.0,0.0,0.0,,,,,,,,,,,,,,,,,,,0.18487133056565108,0.0,0.0,0.0,0.0,0.0,,,,,,,,,,,,,,,,,,,0.18487133056565108,0.0,0.0,0.0,0.0,0.0,,,,,,,,,,,,,,,,,,,0.18487133056565108,0.0,0.0,0.0,0.0,0.0
Isaac Schmidt,DEF,Leeds,4.0,0.0002314236255750877,0.0002314236255750877,0.0002314236255750877,0.44,0.0,0.0,0.2311604253351826,0.5547850208044383,-0.32362459546925565,West Ham,A,0.0002314236255750877,0.8317831919301906,0.0002314236255750877,,,,,,0.15873015873015872,0.5588235294117646,0.12529550827423167,,,,,,1.0567000431535611,1.0806192506525643,,,0.8905434452435496,0.0,0.0,0.0,2.7089415648235606,0.0,,,,,,,,,,,,,,0.15873015873015872,0.5588235294117646,0.12529550827423167,,,0.44,0.0,0.0,0.0,0.0,0.0,,,,,,,,,,,,,,,,,,,0.44,0.0,0.0,0.0,0.0,0.0,,,,,,,,,,,,,,,,,,,0.44,0.0,0.0,0.0,0.0,0.0,,,,,,,,,,,,,,,,,,,0.44,0.0,0.0,0.0,0.0,0.0,,,,,,,,,,,,,,,,,,,0.44,0.0,0.0,0.0,0.0,0.0
Jaka Bijol,DEF,Leeds,3.9,0.0002314236255750877,0.0002314236255750877,0.0002314236255750877,0.4441264630050886,0.0,1.0,0.2311604253351826,0.5547850208044383,-0.32362459546925565,West Ham,A,0.0002314236255750877,0.8317831919301906,0.0002314236255750877,0.08658008658008658,0.004738213693437574,0.0,0.12698412698412698,0.22408963585434172,0.15873015873015872,0.5588235294117646,0.12529550827423167,,,1.2462445835842832,1.1166495022373015,0.8882046067294904,1.0567000431535611,1.0806192506525643,,,0.8905434452435496,2.8597080322980037,0.04622705233571364,2.952162136969431,2.7089415648235606,1.0,,,,,,,,,,,,,,0.15873015873015872,0.5588235294117646,0.12529550827423167,,,0.4441264630050886,0.0,2.15493548555882,0.029649392491314566,2.214234270541449,1.0,,,,,,,,,,,,,,,,,,,0.4441264630050886,0.0,2.8882529260101775,0.0468984853256114,2.9820498966614,1.0,,,,,,,,,,,,,,,,,,,0.4441264630050886,0.0,2.8882529260101775,0.0468984853256114,2.9820498966614,1.0,,,,,,,,,,,,,,,,,,,0.4441264630050886,0.0,2.8882529260101775,0.0468984853256114,2.9820498966614,1.0,,,,,,,,,,,,,,,,,,,0.4441264630050886,0.0,2.8882529260101775,0.0468984853256114,2.9820498966614,13.184000977581583
James Justin,DEF,Leeds,3.9,0.0002314236255750877,0.0002314236255750877,0.0002314236255750877,0.33667833566587513,0.0,1.0,0.2311604253351826,0.5547850208044383,-0.32362459546925565,West Ham,A,0.0002314236255750877,0.8317831919301906,0.0002314236255750877,0.11904761904761904,0.009429514380009428,0.0,0.17316017316017315,0.19047619047619047,0.15873015873015872,0.5588235294117646,0.12529550827423167,,,1.7135863024283895,1.5227038666872295,0.7549739157200669,1.0567000431535611,1.0806192506525643,,,0.8905434452435496,3.039906360450493,0.050465677410516496,3.140837715271526,2.7089415648235606,1.0,,,,,,,,,,,,,,0.15873015873015872,0.5588235294117646,0.12529550827423167,,,0.33667833566587513,0.0,1.9400392308803927,0.024594602788768603,1.9892284364579298,1.0,,,,,,,,,,,,,,,,,,,0.33667833566587513,0.0,2.6733566713317503,0.04184369562306543,2.757044062577881,1.0,,,,,,,,,,,,,,,,,,,0.33667833566587513,0.0,2.6733566713317503,0.04184369562306543,2.757044062577881,1.0,,,,,,,,,,,,,,,,,,,0.33667833566587513,0.0,2.6733566713317503,0.04184369562306543,2.757044062577881,1.0,,,,,,,,,,,,,,,,,,,0.33667833566587513,0.0,2.6733566713317503,0.04184369562306543,2.757044062577881,12.551405261478832
Jayden Bogle,DEF,Leeds,4.4,0.0002314236255750877,0.0002314236255750877,0.0002314236255750877,0.1497582659062393,0.0,1.0,0.2311604253351826,0.5547850208044383,-0.32362459546925565,West Ham,A,0.0002314236255750877,0.8317831919301906,0.0002314236255750877,0.06349206349206349,0.004738213693437574,0.0,0.15873015873015872,0.27056277056277056,0.15873015873015872,0.5588235294117646,0.12529550827423167,,,0.9139126946284744,1.395811877796627,1.072406130284186,1.0567000431535611,1.0806192506525643,,,0.8905434452435496,2.1812084601018333,0.03026738539851533,2.241743230898864,2.7089415648235606,1.0,,,,,,,,,,,,,,0.15873015873015872,0.5588235294117646,0.12529550827423167,,,0.1497582659062393,0.0,1.566199091361121,0.01580113502699629,1.5978013614151136,1.0,,,,,,,,,,,,,,,,,,,0.1497582659062393,0.0,2.2995165318124786,0.03305022786129312,2.365616987535065,1.0,,,,,,,,,,,,,,,,,,,0.1497582659062393,0.0,2.2995165318124786,0.03305022786129312,2.365616987535065,1.0,,,,,,,,,,,,,,,,,,,0.1497582659062393,0.0,2.2995165318124786,0.03305022786129312,2.365616987535065,1.0,,,,,,,,,,,,,,,,,,,0.1497582659062393,0.0,2.2995165318124786,0.03305022786129312,2.365616987535065,10.223601953199891
Joe Rodon,DEF,Leeds,3.9,0.0002314236255750877,0.0002314236255750877,0.0002314236255750877,0.36532451866732796,0.0,1.0,0.2311604253351826,0.5547850208044383,-0.32362459546925565,West Ham,A,0.0002314236255750877,0.8317831919301906,0.0002314236255750877,0.06349206349206349,0.004738213693437574,0.0,0.08658008658008658,0.1885902876001886,0.15873015873015872,0.5588235294117646,0.12529550827423167,,,0.9139126946284744,0.7613519333436147,0.7474989264555119,1.0567000431535611,1.0806192506525643,,,0.8905434452435496,2.477863232136376,0.037245298946311844,2.552353830029,2.7089415648235606,1.0,,,,,,,,,,,,,,0.15873015873015872,0.5588235294117646,0.12529550827423167,,,0.36532451866732796,0.0,1.9973315968832983,0.025942233821888944,2.049216064527076,1.0,,,,,,,,,,,,,,,,,,,0.36532451866732796,0.0,2.730649037334656,0.043191326656185774,2.8170316906470276,1.0,,,,,,,,,,,,,,,,,,,0.36532451866732796,0.0,2.730649037334656,0.043191326656185774,2.8170316906470276,1.0,,,,,,,,,,,,,,,,,,,0.36532451866732796,0.0,2.730649037334656,0.043191326656185774,2.8170316906470276,1.0,,,,,,,,,,,,,,,,,,,0.36532451866732796,0.0,2.730649037334656,0.043191326656185774,2.8170316906470276,12.181876218688693
Pascal Struijk,DEF,Leeds,4.3,0.0002314236255750877,0.0002314236255750877,0.0002314236255750877,0.47479094139584754,0.0,1.0,0.2311604253351826,0.5547850208044383,-0.32362459546925565,West Ham,A,0.0002314236255750877,0.8317831919301906,0.0002314236255750877,,,,,,0.15873015873015872,0.5588235294117646,0.12529550827423167,,,,,,1.0567000431535611,1.0806192506525643,,,0.8905434452435496,2.2162644423403375,0.031091972212729423,2.2784483867657963,2.7089415648235606,1.0,,,,,,,,,,,,,,0.15873015873015872,0.5588235294117646,0.12529550827423167,,,0.47479094139584754,0.0,2.2162644423403375,0.031091972212729423,2.2784483867657963,1.0,,,,,,,,,,,,,,,,,,,0.47479094139584754,0.0,2.949581882791695,0.048341065047026247,3.0462640128857474,1.0,,,,,,,,,,,,,,,,,,,0.47479094139584754,0.0,2.949581882791695,0.048341065047026247,3.0462640128857474,1.0,,,,,,,,,,,,,,,,,,,0.47479094139584754,0.0,2.949581882791695,0.048341065047026247,3.0462640128857474,1.0,,,,,,,,,,,,,,,,,,,0.47479094139584754,0.0,2.949581882791695,0.048341065047026247,3.0462640128857474,12.744668751596814
Sam Byram,DEF,Leeds,3.8,0.0002314236255750877,0.0002314236255750877,0.0002314236255750877,0.44,0.0,0.0,0.2311604253351826,0.5547850208044383,-0.32362459546925565,West Ham,A,0.0002314236255750877,0.8317831919301906,0.0002314236255750877,0.05012531328320802,0.004738213693437574,0.0,0.15873015873015872,0.20931449502878072,0.15873015873015872,0.5588235294117646,0.12529550827423167,,,0.7215100220751114,1.395811877796627,0.829641665626447,1.0567000431535611,1.0806192506525643,,,0.8905434452435496,0.0,0.0,0.0,2.7089415648235606,0.0,,,,,,,,,,,,,,0.15873015873015872,0.5588235294117646,0.12529550827423167,,,0.44,0.0,0.0,0.0,0.0,0.0,,,,,,,,,,,,,,,,,,,0.44,0.0,0.0,0.0,0.0,0.0,,,,,,,,,,,,,,,,,,,0.44,0.0,0.0,0.0,0.0,0.0,,,,,,,,,,,,,,,,,,,0.44,0.0,0.0,0.0,0.0,0.0,,,,,,,,,,,,,,,,,,,0.44,0.0,0.0,0.0,0.0,0.0
Sebastiaan Bornauw,DEF,Leeds,3.8,0.0002314236255750877,0.0002314236255750877,0.0002314236255750877,0.44,0.0,0.0,0.2311604253351826,0.5547850208044383,-0.32362459546925565,West Ham,A,0.0002314236255750877,0.8317831919301906,0.0002314236255750877,0.07326007326007326,0.004738213693437574,0.0,0.08658008658008658,0.23228803716608595,0.15873015873015872,0.5588235294117646,0.12529550827423167,,,1.0545146476482399,0.7613519333436147,0.9206998972195939,1.0567000431535611,1.0806192506525643,,,0.8905434452435496,0.0,0.0,0.0,2.7089415648235606,0.0,,,,,,,,,,,,,,0.15873015873015872,0.5588235294117646,0.12529550827423167,,,0.44,0.0,0.0,0.0,0.0,0.0,,,,,,,,,,,,,,,,,,,0.44,0.0,0.0,0.0,0.0,0.0,,,,,,,,,,,,,,,,,,,0.44,0.0,0.0,0.0,0.0,0.0,,,,,,,,,,,,,,,,,,,0.44,0.0,0.0,0.0,0.0,0.0,,,,,,,,,,,,,,,,,,,0.44,0.0,0.0,0.0,0.0,0.0
Anton Stach,MID,Leeds,4.7,0.0002314236255750877,0.0002314236255750877,0.0002314236255750877,0.0,0.3254972832602596,0.0,0.2311604253351826,0.5547850208044383,-0.32362459546925565,West Ham,A,0.0002314236255750877,0.8317831919301906,0.0002314236255750877,0.15873015873015872,0.0156128024980484,0.0,0.25396825396825395,0.2294893861158921,0.15873015873015872,0.5588235294117646,0.12529550827423167,,,1.1276188901076858,1.4637240800954432,0.9167771272185795,1.0548661333467524,1.0804885168251854,,,0.8939136502546938,0.0,0.0,0.0,3.814835985535534,0.0,,,,,,,,,,,,,,0.15873015873015872,0.5588235294117646,0.12529550827423167,,,0.0,0.3254972832602596,0.0,0.0,0.0,0.0,,,,,,,,,,,,,,,,,,,0.0,0.3254972832602596,0.0,0.0,0.0,0.0,,,,,,,,,,,,,,,,,,,0.0,0.3254972832602596,0.0,0.0,0.0,0.0,,,,,,,,,,,,,,,,,,,0.0,0.3254972832602596,0.0,0.0,0.0,0.0,,,,,,,,,,,,,,,,,,,0.0,0.3254972832602596,0.0,0.0,0.0,0.0
Ao Tanaka,MID,Leeds,4.8,0.0002314236255750877,0.0002314236255750877,0.0002314236255750877,0.0,0.328934534066611,1.0,0.2311604253351826,0.5547850208044383,-0.32362459546925565,West Ham,A,0.0002314236255750877,0.8317831919301906,0.0002314236255750877,0.11904761904761904,0.009429514380009428,0.0,0.11904761904761904,0.22675736961451246,0.15873015873015872,0.5588235294117646,0.12529550827423167,,,0.8457141675807642,0.6861206625447389,0.9058631137993108,1.0548661333467524,1.0804885168251854,,,0.8939136502546938,3.589370381529868,0.06339017011434556,3.716150721758559,3.814835985535534,1.0,,,,,,,,,,,,,,0.15873015873015872,0.5588235294117646,0.12529550827423167,,,0.0,0.328934534066611,2.8165992268633806,0.045213047014280444,2.9070253208919414,1.0,,,,,,,,,,,,,,,,,,,0.0,0.328934534066611,2.657869068133222,0.041479396220629655,2.7408278605744814,1.0,,,,,,,,,,,,,,,,,,,0.0,0.328934534066611,2.657869068133222,0.041479396220629655,2.7408278605744814,1.0,,,,,,,,,,,,,,,,,,,0.0,0.328934534066611,2.657869068133222,0.041479396220629655,2.7408278605744814,1.0,,,,,,,,,,,,,,,,,,,0.0,0.328934534066611,2.657869068133222,0.041479396220629655,2.7408278605744814,13.861440254125258
Brenden Aaronson,MID,Leeds,5.4,0.0002314236255750877,0.0002314236255750877,0.0002314236255750877,0.0,0.18788575412556507,1.0,0.2311604253351826,0.5547850208044383,-0.32362459546925565,West Ham,A,0.0002314236255750877,0.8317831919301906,0.0002314236255750877,0.19047619047619047,0.026455026455026454,0.0,0.21994941163532386,0.18674136321195145,0.15873015873015872,0.5588235294117646,0.12529550827423167,,,1.353142668129223,1.267659422715453,0.7460049172464914,1.0548661333467524,1.0804885168251854,,,0.8939136502546938,4.092264623331393,0.07521924847000103,4.242703120271395,3.814835985535534,1.0,,,,,,,,,,,,,,0.15873015873015872,0.5588235294117646,0.12529550827423167,,,0.0,0.18788575412556507,2.5345016669812885,0.03857754821073388,2.611656763402756,1.0,,,,,,,,,,,,,,,,,,,0.0,0.18788575412556507,2.3757715082511304,0.03484389741708309,2.4454593030852965,1.0,,,,,,,,,,,,,,,,,,,0.0,0.18788575412556507,2.3757715082511304,0.03484389741708309,2.4454593030852965,1.0,,,,,,,,,,,,,,,,,,,0.0,0.18788575412556507,2.3757715082511304,0.03484389741708309,2.4454593030852965,1.0,,,,,,,,,,,,,,,,,,,0.0,0.18788575412556507,2.3757715082511304,0.03484389741708309,2.4454593030852965,13.309897417802567
Charlie Crew,MID,Leeds,4.5,0.0002314236255750877,0.0002314236255750877,0.0002314236255750877,0.0,0.26,0.0,0.2311604253351826,0.5547850208044383,-0.32362459546925565,West Ham,A,0.0002314236255750877,0.8317831919301906,0.0002314236255750877,,,,,,0.15873015873015872,0.5588235294117646,0.12529550827423167,,,,,,1.0548661333467524,1.0804885168251854,,,0.8939136502546938,0.0,0.0,0.0,3.814835985535534,0.0,,,,,,,,,,,,,,0.15873015873015872,0.5588235294117646,0.12529550827423167,,,0.0,0.26,0.0,0.0,0.0,0.0,,,,,,,,,,,,,,,,,,,0.0,0.26,0.0,0.0,0.0,0.0,,,,,,,,,,,,,,,,,,,0.0,0.26,0.0,0.0,0.0,0.0,,,,,,,,,,,,,,,,,,,0.0,0.26,0.0,0.0,0.0,0.0,,,,,,,,,,,,,,,,,,,0.0,0.26,0.0,0.0,0.0,0.0
Daniel James,MID,Leeds,5.2,0.0002314236255750877,0.0002314236255750877,0.0002314236255750877,0.0,0.045241331336086765,0.0,0.2311604253351826,0.5547850208044383,-0.32362459546925565,West Ham,A,0.0002314236255750877,0.8317831919301906,0.0002314236255750877,0.21994941163532386,0.03663003663003663,0.0,0.21994941163532386,0.1885902876001886,0.15873015873015872,0.5588235294117646,0.12529550827423167,,,1.562520401996793,1.267659422715453,0.7533911045459616,1.0548661333467524,1.0804885168251854,,,0.8939136502546938,0.0,0.0,0.0,3.814835985535534,0.0,,,,,,,,,,,,,,0.15873015873015872,0.5588235294117646,0.12529550827423167,,,0.0,0.045241331336086765,0.0,0.0,0.0,0.0,,,,,,,,,,,,,,,,,,,0.0,0.045241331336086765,0.0,0.0,0.0,0.0,,,,,,,,,,,,,,,,,,,0.0,0.045241331336086765,0.0,0.0,0.0,0.0,,,,,,,,,,,,,,,,,,,0.0,0.045241331336086765,0.0,0.0,0.0,0.0,,,,,,,,,,,,,,,,,,,0.0,0.045241331336086765,0.0,0.0,0.0,0.0
Darko Gyabi,MID,Leeds,4.5,0.0002314236255750877,0.0002314236255750877,0.0002314236255750877,0.0,0.26,0.0,0.2311604253351826,0.5547850208044383,-0.32362459546925565,West Ham,A,0.0002314236255750877,0.8317831919301906,0.0002314236255750877,,,,,,0.15873015873015872,0.5588235294117646,0.12529550827423167,,,,,,1.0548661333467524,1.0804885168251854,,,0.8939136502546938,0.0,0.0,0.0,3.814835985535534,0.0,,,,,,,,,,,,,,0.15873015873015872,0.5588235294117646,0.12529550827423167,,,0.0,0.26,0.0,0.0,0.0,0.0,,,,,,,,,,,,,,,,,,,0.0,0.26,0.0,0.0,0.0,0.0,,,,,,,,,,,,,,,,,,,0.0,0.26,0.0,0.0,0.0,0.0,,,,,,,,,,,,,,,,,,,0.0,0.26,0.0,0.0,0.0,0.0,,,,,,,,,,,,,,,,,,,0.0,0.26,0.0,0.0,0.0,0.0
Ethan Ampadu,MID,Leeds,4.9,0.0002314236255750877,0.0002314236255750877,0.0002314236255750877,0.0,0.4630085268142188,1.0,0.2311604253351826,0.5547850208044383,-0.32362459546925565,West Ham,A,0.0002314236255750877,0.8317831919301906,0.0002314236255750877,0.047619047619047616,0.004738213693437574,0.0,0.21164021164021163,0.27210884353741494,0.15873015873015872,0.5588235294117646,0.12529550827423167,,,0.3382856670323057,1.2197700667462026,1.087035736559173,1.0548661333467524,1.0804885168251854,,,0.8939136502546938,3.709345310304242,0.06621222038897638,3.841769751082195,3.814835985535534,1.0,,,,,,,,,,,,,,0.15873015873015872,0.5588235294117646,0.12529550827423167,,,0.0,0.4630085268142188,3.084747212358596,0.051520423929098905,3.187788060216794,1.0,,,,,,,,,,,,,,,,,,,0.0,0.4630085268142188,2.9260170536284376,0.047786773135448116,3.021590599899334,1.0,,,,,,,,,,,,,,,,,,,0.0,0.4630085268142188,2.9260170536284376,0.047786773135448116,3.021590599899334,1.0,,,,,,,,,,,,,,,,,,,0.0,0.4630085268142188,2.9260170536284376,0.047786773135448116,3.021590599899334,1.0,,,,,,,,,,,,,,,,,,,0.0,0.4630085268142188,2.9260170536284376,0.047786773135448116,3.021590599899334,15.011843281984605
Facundo Buonanotte,MID,Leeds,4.6,0.0002314236255750877,0.0002314236255750877,0.0002314236255750877,0.0,0.26,0.0,0.2311604253351826,0.5547850208044383,-0.32362459546925565,West Ham,A,0.0002314236255750877,0.8317831919301906,0.0002314236255750877,0.21164021164021163,0.03072196620583717,0.0,0.19047619047619047,0.2834467120181406,0.15873015873015872,0.5588235294117646,0.12529550827423167,,,1.5034918534769142,1.0977930600715824,1.1323288922491388,1.0548661333467524,1.0804885168251854,,,0.8939136502546938,0.0,0.0,0.0,3.814835985535534,0.0,,,,,,,,,,,,,,0.15873015873015872,0.5588235294117646,0.12529550827423167,,,0.0,0.26,0.0,0.0,0.0,0.0,,,,,,,,,,,,,,,,,,,0.0,0.26,0.0,0.0,0.0,0.0,,,,,,,,,,,,,,,,,,,0.0,0.26,0.0,0.0,0.0,0.0,,,,,,,,,,,,,,,,,,,0.0,0.26,0.0,0.0,0.0,0.0,,,,,,,,,,,,,,,,,,,0.0,0.26,0.0,0.0,0.0,0.0
Ilia Gruev,MID,Leeds,4.7,0.0002314236255750877,0.0002314236255750877,0.0002314236255750877,0.0,0.18342726793940756,0.0,0.2311604253351826,0.5547850208044383,-0.32362459546925565,West Ham,A,0.0002314236255750877,0.8317831919301906,0.0002314236255750877,,,,,,0.15873015873015872,0.5588235294117646,0.12529550827423167,,,,,,1.0548661333467524,1.0804885168251854,,,0.8939136502546938,0.0,0.0,0.0,3.814835985535534,0.0,,,,,,,,,,,,,,0.15873015873015872,0.5588235294117646,0.12529550827423167,,,0.0,0.18342726793940756,0.0,0.0,0.0,0.0,,,,,,,,,,,,,,,,,,,0.0,0.18342726793940756,0.0,0.0,0.0,0.0,,,,,,,,,,,,,,,,,,,0.0,0.18342726793940756,0.0,0.0,0.0,0.0,,,,,,,,,,,,,,,,,,,0.0,0.18342726793940756,0.0,0.0,0.0,0.0,,,,,,,,,,,,,,,,,,,0.0,0.18342726793940756,0.0,0.0,0.0,0.0
Jack Harrison,MID,Leeds,5.1,0.0002314236255750877,0.0002314236255750877,0.0002314236255750877,0.0,0.26,0.0,0.2311604253351826,0.5547850208044383,-0.32362459546925565,West Ham,A,0.0002314236255750877,0.8317831919301906,0.0002314236255750877,,,,,,0.15873015873015872,0.5588235294117646,0.12529550827423167,,,,,,1.0548661333467524,1.0804885168251854,,,0.8939136502546938,0.0,0.0,0.0,3.814835985535534,0.0,,,,,,,,,,,,,,0.15873015873015872,0.5588235294117646,0.12529550827423167,,,0.0,0.26,0.0,0.0,0.0,0.0,,,,,,,,,,,,,,,,,,,0.0,0.26,0.0,0.0,0.0,0.0,,,,,,,,,,,,,,,,,,,0.0,0.26,0.0,0.0,0.0,0.0,,,,,,,,,,,,,,,,,,,0.0,0.26,0.0,0.0,0.0,0.0,,,,,,,,,,,,,,,,,,,0.0,0.26,0.0,0.0,0.0,0.0
Joe Gelhardt,MID,Leeds,4.5,0.0002314236255750877,0.0002314236255750877,0.0002314236255750877,0.0,0.26,0.0,0.2311604253351826,0.5547850208044383,-0.32362459546925565,West Ham,A,0.0002314236255750877,0.8317831919301906,0.0002314236255750877,,,,,,0.15873015873015872,0.5588235294117646,0.12529550827423167,,,,,,1.0548661333467524,1.0804885168251854,,,0.8939136502546938,0.0,0.0,0.0,3.814835985535534,0.0,,,,,,,,,,,,,,0.15873015873015872,0.5588235294117646,0.12529550827423167,,,0.0,0.26,0.0,0.0,0.0,0.0,,,,,,,,,,,,,,,,,,,0.0,0.26,0.0,0.0,0.0,0.0,,,,,,,,,,,,,,,,,,,0.0,0.26,0.0,0.0,0.0,0.0,,,,,,,,,,,,,,,,,,,0.0,0.26,0.0,0.0,0.0,0.0,,,,,,,,,,,,,,,,,,,0.0,0.26,0.0,0.0,0.0,0.0
Largie Ramazani,MID,Leeds,4.9,0.0002314236255750877,0.0002314236255750877,0.0002314236255750877,0.0,0.26,0.0,0.2311604253351826,0.5547850208044383,-0.32362459546925565,West Ham,A,0.0002314236255750877,0.8317831919301906,0.0002314236255750877,,,,,,0.15873015873015872,0.5588235294117646,0.12529550827423167,,,,,,1.0548661333467524,1.0804885168251854,,,0.8939136502546938,0.0,0.0,0.0,3.814835985535534,0.0,,,,,,,,,,,,,,0.15873015873015872,0.5588235294117646,0.12529550827423167,,,0.0,0.26,0.0,0.0,0.0,0.0,,,,,,,,,,,,,,,,,,,0.0,0.26,0.0,0.0,0.0,0.0,,,,,,,,,,,,,,,,,,,0.0,0.26,0.0,0.0,0.0,0.0,,,,,,,,,,,,,,,,,,,0.0,0.26,0.0,0.0,0.0,0.0,,,,,,,,,,,,,,,,,,,0.0,0.26,0.0,0.0,0.0,0.0
Noah Okafor,MID,Leeds,5.5,0.0002314236255750877,0.0002314236255750877,0.0002314236255750877,0.0,0.08291708212825788,0.0,0.2311604253351826,0.5547850208044383,-0.32362459546925565,West Ham,A,0.0002314236255750877,0.8317831919301906,0.0002314236255750877,0.21994941163532386,0.03663003663003663,0.0,0.19047619047619047,0.14998125234345705,0.15873015873015872,0.5588235294117646,0.12529550827423167,,,1.562520401996793,1.0977930600715824,0.5991535555837961,1.0548661333467524,1.0804885168251854,,,0.8939136502546938,0.0,0.0,0.0,3.814835985535534,0.0,,,,,,,,,,,,,,0.15873015873015872,0.5588235294117646,0.12529550827423167,,,0.0,0.08291708212825788,0.0,0.0,0.0,0.0,,,,,,,,,,,,,,,,,,,0.0,0.08291708212825788,0.0,0.0,0.0,0.0,,,,,,,,,,,,,,,,,,,0.0,0.08291708212825788,0.0,0.0,0.0,0.0,,,,,,,,,,,,,,,,,,,0.0,0.08291708212825788,0.0,0.0,0.0,0.0,,,,,,,,,,,,,,,,,,,0.0,0.08291708212825788,0.0,0.0,0.0,0.0
Sam Chambers,MID,Leeds,4.4,0.0002314236255750877,0.0002314236255750877,0.0002314236255750877,0.0,0.26,0.0,0.2311604253351826,0.5547850208044383,-0.32362459546925565,West Ham,A,0.0002314236255750877,0.8317831919301906,0.0002314236255750877,,,,,,0.15873015873015872,0.5588235294117646,0.12529550827423167,,,,,,1.0548661333467524,1.0804885168251854,,,0.8939136502546938,0.0,0.0,0.0,3.814835985535534,0.0,,,,,,,,,,,,,,0.15873015873015872,0.5588235294117646,0.12529550827423167,,,0.0,0.26,0.0,0.0,0.0,0.0,,,,,,,,,,,,,,,,,,,0.0,0.26,0.0,0.0,0.0,0.0,,,,,,,,,,,,,,,,,,,0.0,0.26,0.0,0.0,0.0,0.0,,,,,,,,,,,,,,,,,,,0.0,0.26,0.0,0.0,0.0,0.0,,,,,,,,,,,,,,,,,,,0.0,0.26,0.0,0.0,0.0,0.0
Sam Greenwood,MID,Leeds,4.9,0.0002314236255750877,0.0002314236255750877,0.0002314236255750877,0.0,0.26,0.0,0.2311604253351826,0.5547850208044383,-0.32362459546925565,West Ham,A,0.0002314236255750877,0.8317831919301906,0.0002314236255750877,,,,,,0.15873015873015872,0.5588235294117646,0.12529550827423167,,,,,,1.0548661333467524,1.0804885168251854,,,0.8939136502546938,0.0,0.0,0.0,3.814835985535534,0.0,,,,,,,,,,,,,,0.15873015873015872,0.5588235294117646,0.12529550827423167,,,0.0,0.26,0.0,0.0,0.0,0.0,,,,,,,,,,,,,,,,,,,0.0,0.26,0.0,0.0,0.0,0.0,,,,,,,,,,,,,,,,,,,0.0,0.26,0.0,0.0,0.0,0.0,,,,,,,,,,,,,,,,,,,0.0,0.26,0.0,0.0,0.0,0.0,,,,,,,,,,,,,,,,,,,0.0,0.26,0.0,0.0,0.0,0.0
Sean Longstaff,MID,Leeds,4.8,0.0002314236255750877,0.0002314236255750877,0.0002314236255750877,0.0,0.285470335901444,0.0,0.2311604253351826,0.5547850208044383,-0.32362459546925565,West Ham,A,0.0002314236255750877,0.8317831919301906,0.0002314236255750877,,,,,,0.15873015873015872,0.5588235294117646,0.12529550827423167,,,,,,1.0548661333467524,1.0804885168251854,,,0.8939136502546938,0.0,0.0,0.0,3.814835985535534,0.0,,,,,,,,,,,,,,0.15873015873015872,0.5588235294117646,0.12529550827423167,,,0.0,0.285470335901444,0.0,0.0,0.0,0.0,,,,,,,,,,,,,,,,,,,0.0,0.285470335901444,0.0,0.0,0.0,0.0,,,,,,,,,,,,,,,,,,,0.0,0.285470335901444,0.0,0.0,0.0,0.0,,,,,,,,,,,,,,,,,,,0.0,0.285470335901444,0.0,0.0,0.0,0.0,,,,,,,,,,,,,,,,,,,0.0,0.285470335901444,0.0,0.0,0.0,0.0
Wilfried Gnonto,MID,Leeds,5.2,0.0002314236255750877,0.0002314236255750877,0.0002314236255750877,0.0,0.26,0.0,0.2311604253351826,0.5547850208044383,-0.32362459546925565,West Ham,A,0.0002314236255750877,0.8317831919301906,0.0002314236255750877,0.21164021164021163,0.03072196620583717,0.0,0.21164021164021163,0.2519526329050139,0.15873015873015872,0.5588235294117646,0.12529550827423167,,,1.5034918534769142,1.2197700667462026,1.0065145708881236,1.0548661333467524,1.0804885168251854,,,0.8939136502546938,0.0,0.0,0.0,3.814835985535534,0.0,,,,,,,,,,,,,,0.15873015873015872,0.5588235294117646,0.12529550827423167,,,0.0,0.26,0.0,0.0,0.0,0.0,,,,,,,,,,,,,,,,,,,0.0,0.26,0.0,0.0,0.0,0.0,,,,,,,,,,,,,,,,,,,0.0,0.26,0.0,0.0,0.0,0.0,,,,,,,,,,,,,,,,,,,0.0,0.26,0.0,0.0,0.0,0.0,,,,,,,,,,,,,,,,,,,0.0,0.26,0.0,0.0,0.0,0.0
Dominic Calvert-Lewin,FWD,Leeds,5.8,0.0002314236255750877,0.0002314236255750877,0.0002314236255750877,0.0,0.0,1.0,0.2311604253351826,0.5547850208044383,-0.32362459546925565,West Ham,A,0.0002314236255750877,0.8317831919301906,0.0002314236255750877,0.29304029304029305,0.06349206349206349,0.0,0.13605442176870747,0.1304631441617743,0.15873015873015872,0.5588235294117646,0.12529550827423167,,,1.0897987702852219,0.8289625618091735,0.6714349729609899,1.0554091597023099,1.0783929291386274,,,0.8939765579205815,3.7038295472737746,0.06608247861097373,3.835994504495722,3.5540373221051134,1.0,,,,,,,,,,,,,,0.15873015873015872,0.5588235294117646,0.12529550827423167,,,0.0,0.0,2.0,0.026005000000000004,2.05201,1.0,,,,,,,,,,,,,,,,,,,0.0,0.0,2.0,0.026005000000000004,2.05201,1.0,,,,,,,,,,,,,,,,,,,0.0,0.0,2.0,0.026005000000000004,2.05201,1.0,,,,,,,,,,,,,,,,,,,0.0,0.0,2.0,0.026005000000000004,2.05201,1.0,,,,,,,,,,,,,,,,,,,0.0,0.0,2.0,0.026005000000000004,2.05201,11.325831004495722
Harry Gray,FWD,Leeds,4.5,0.0002314236255750877,0.0002314236255750877,0.0002314236255750877,0.0,0.0,0.0,0.2311604253351826,0.5547850208044383,-0.32362459546925565,West Ham,A,0.0002314236255750877,0.8317831919301906,0.0002314236255750877,,,,,,0.15873015873015872,0.5588235294117646,0.12529550827423167,,,,,,1.0554091597023099,1.0783929291386274,,,0.8939765579205815,0.0,0.0,0.0,3.5540373221051134,0.0,,,,,,,,,,,,,,0.15873015873015872,0.5588235294117646,0.12529550827423167,,,0.0,0.0,0.0,0.0,0.0,0.0,,,,,,,,,,,,,,,,,,,0.0,0.0,0.0,0.0,0.0,0.0,,,,,,,,,,,,,,,,,,,0.0,0.0,0.0,0.0,0.0,0.0,,,,,,,,,,,,,,,,,,,0.0,0.0,0.0,0.0,0.0,0.0,,,,,,,,,,,,,,,,,,,0.0,0.0,0.0,0.0,0.0,0.0
Joel Piroe,FWD,Leeds,4.9,0.0002314236255750877,0.0002314236255750877,0.0002314236255750877,0.0,0.0,0.0,0.2311604253351826,0.5547850208044383,-0.32362459546925565,West Ham,A,0.0002314236255750877,0.8317831919301906,0.0002314236255750877,0.25396825396825395,0.05012531328320802,0.0,0.15873015873015872,0.1421464108031272,0.15873015873015872,0.5588235294117646,0.12529550827423167,,,0.9444922675805255,0.9671229887773691,0.7315634780022725,1.0554091597023099,1.0783929291386274,,,0.8939765579205815,0.0,0.0,0.0,3.5540373221051134,0.0,,,,,,,,,,,,,,0.15873015873015872,0.5588235294117646,0.12529550827423167,,,0.0,0.0,0.0,0.0,0.0,0.0,,,,,,,,,,,,,,,,,,,0.0,0.0,0.0,0.0,0.0,0.0,,,,,,,,,,,,,,,,,,,0.0,0.0,0.0,0.0,0.0,0.0,,,,,,,,,,,,,,,,,,,0.0,0.0,0.0,0.0,0.0,0.0,,,,,,,,,,,,,,,,,,,0.0,0.0,0.0,0.0,0.0,0.0
Lukas Nmecha,FWD,Leeds,5.0,0.0002314236255750877,0.0002314236255750877,0.0002314236255750877,0.0,0.0,1.0,0.2311604253351826,0.5547850208044383,-0.32362459546925565,West Ham,A,0.0002314236255750877,0.8317831919301906,0.0002314236255750877,0.2886002886002886,0.06349206349206349,0.0,0.17316017316017315,0.23809523809523808,0.15873015873015872,0.5588235294117646,0.12529550827423167,,,1.0732866677051425,1.0550432604844027,1.2253688256538064,1.0554091597023099,1.0783929291386274,,,0.8939765579205815,3.6897546897546896,0.06575140981240982,3.8212575093795094,3.5540373221051134,1.0,,,,,,,,,,,,,,0.15873015873015872,0.5588235294117646,0.12529550827423167,,,0.0,0.0,2.0,0.026005000000000004,2.05201,1.0,,,,,,,,,,,,,,,,,,,0.0,0.0,2.0,0.026005000000000004,2.05201,1.0,,,,,,,,,,,,,,,,,,,0.0,0.0,2.0,0.026005000000000004,2.05201,1.0,,,,,,,,,,,,,,,,,,,0.0,0.0,2.0,0.026005000000000004,2.05201,1.0,,,,,,,,,,,,,,,,,,,0.0,0.0,2.0,0.026005000000000004,2.05201,11.31109400937951
Mateo Joseph Fernández-Regatillo,FWD,Leeds,5.0,0.0002314236255750877,0.0002314236255750877,0.0002314236255750877,0.0,0.0,0.0,0.2311604253351826,0.5547850208044383,-0.32362459546925565,West Ham,A,0.0002314236255750877,0.8317831919301906,0.0002314236255750877,,,,,,0.15873015873015872,0.5588235294117646,0.12529550827423167,,,,,,1.0554091597023099,1.0783929291386274,,,0.8939765579205815,0.0,0.0,0.0,3.5540373221051134,0.0,,,,,,,,,,,,,,0.15873015873015872,0.5588235294117646,0.12529550827423167,,,0.0,0.0,0.0,0.0,0.0,0.0,,,,,,,,,,,,,,,,,,,0.0,0.0,0.0,0.0,0.0,0.0,,,,,,,,,,,,,,,,,,,0.0,0.0,0.0,0.0,0.0,0.0,,,,,,,,,,,,,,,,,,,0.0,0.0,0.0,0.0,0.0,0.0,,,,,,,,,,,,,,,,,,,0.0,0.0,0.0,0.0,0.0,0.0
Patrick Bamford,FWD,Leeds,4.9,0.0002314236255750877,0.0002314236255750877,0.0002314236255750877,0.0,0.0,0.0,0.2311604253351826,0.5547850208044383,-0.32362459546925565,West Ham,A,0.0002314236255750877,0.8317831919301906,0.0002314236255750877,,,,,,0.15873015873015872,0.5588235294117646,0.12529550827423167,,,,,,1.0554091597023099,1.0783929291386274,,,0.8939765579205815,0.0,0.0,0.0,3.5540373221051134,0.0,,,,,,,,,,,,,,0.15873015873015872,0.5588235294117646,0.12529550827423167,,,0.0,0.0,0.0,0.0,0.0,0.0,,,,,,,,,,,,,,,,,,,0.0,0.0,0.0,0.0,0.0,0.0,,,,,,,,,,,,,,,,,,,0.0,0.0,0.0,0.0,0.0,0.0,,,,,,,,,,,,,,,,,,,0.0,0.0,0.0,0.0,0.0,0.0,,,,,,,,,,,,,,,,,,,0.0,0.0,0.0,0.0,0.0,0.0
Alisson Becker,GK,Liverpool,5.4,0.00020571560229414037,0.0002314236255750877,0.9259259259259258,0.0,0.0,1.0,0.5305321237200912,0.2588996763754045,0.27163244734468667,Brentford,H,0.0002314236255750877,0.0002314236255750877,0.0002314236255750877,,,,,,0.2660281989890928,0.3974025974025974,0.05686936936936937,0.49862877088007973,0.08658008658008658,,,,1.3260634675402343,1.9921856747264473,1.0320471843925012,1.157049630775255,0.7699458265435963,2.7407777198726038,0.04342957352684339,2.8276368669262903,3.281654859661691,1.0,,,,,,,,,,,,,,0.2660281989890928,0.3974025974025974,0.05686936936936937,,,0.0,0.0,2.1555688624124376,0.029664290781665364,2.2148974439757683,1.0,,,,,,,,,,,,,,,,,,,0.0,0.0,2.0,0.026005000000000004,2.05201,1.0,,,,,,,,,,,,,,,,,,,0.0,0.0,2.0,0.026005000000000004,2.05201,1.0,,,,,,,,,,,,,,,,,,,0.0,0.0,2.0,0.026005000000000004,2.05201,1.0,,,,,,,,,,,,,,,,,,,0.0,0.0,2.0,0.026005000000000004,2.05201,10.455927694305693
Freddie Woodman,GK,Liverpool,3.9,0.00020571560229414037,0.0002314236255750877,0.9259259259259258,0.0,0.0,0.0,0.5305321237200912,0.2588996763754045,0.27163244734468667,Brentford,H,0.0002314236255750877,0.0002314236255750877,0.0002314236255750877,,,,,,0.2660281989890928,0.3974025974025974,0.05686936936936937,0.49862877088007973,0.08658008658008658,,,,1.3260634675402343,1.9921856747264473,1.0320471843925012,1.157049630775255,0.7699458265435963,0.0,0.0,0.0,3.281654859661691,0.0,,,,,,,,,,,,,,0.2660281989890928,0.3974025974025974,0.05686936936936937,,,0.0,0.0,0.0,0.0,0.0,0.0,,,,,,,,,,,,,,,,,,,0.0,0.0,0.0,0.0,0.0,0.0,,,,,,,,,,,,,,,,,,,0.0,0.0,0.0,0.0,0.0,0.0,,,,,,,,,,,,,,,,,,,0.0,0.0,0.0,0.0,0.0,0.0,,,,,,,,,,,,,,,,,,,0.0,0.0,0.0,0.0,0.0,0.0
Giorgi Mamardashvili,GK,Liverpool,4.1,0.00020571560229414037,0.0002314236255750877,0.9259259259259258,0.0,0.0,0.0,0.5305321237200912,0.2588996763754045,0.27163244734468667,Brentford,H,0.0002314236255750877,0.0002314236255750877,0.0002314236255750877,,,,,,0.2660281989890928,0.3974025974025974,0.05686936936936937,0.49862877088007973,0.08658008658008658,,,,1.3260634675402343,1.9921856747264473,1.0320471843925012,1.157049630775255,0.7699458265435963,0.0,0.0,0.0,3.281654859661691,0.0,,,,,,,,,,,,,,0.2660281989890928,0.3974025974025974,0.05686936936936937,,,0.0,0.0,0.0,0.0,0.0,0.0,,,,,,,,,,,,,,,,,,,0.0,0.0,0.0,0.0,0.0,0.0,,,,,,,,,,,,,,,,,,,0.0,0.0,0.0,0.0,0.0,0.0,,,,,,,,,,,,,,,,,,,0.0,0.0,0.0,0.0,0.0,0.0,,,,,,,,,,,,,,,,,,,0.0,0.0,0.0,0.0,0.0,0.0
Ármin Pécsi,GK,Liverpool,3.8,0.00020571560229414037,0.0002314236255750877,0.9259259259259258,0.0,0.0,0.0,0.5305321237200912,0.2588996763754045,0.27163244734468667,Brentford,H,0.0002314236255750877,0.0002314236255750877,0.0002314236255750877,,,,,,0.2660281989890928,0.3974025974025974,0.05686936936936937,0.49862877088007973,0.08658008658008658,,,,1.3260634675402343,1.9921856747264473,1.0320471843925012,1.157049630775255,0.7699458265435963,0.0,0.0,0.0,3.281654859661691,0.0,,,,,,,,,,,,,,0.2660281989890928,0.3974025974025974,0.05686936936936937,,,0.0,0.0,0.0,0.0,0.0,0.0,,,,,,,,,,,,,,,,,,,0.0,0.0,0.0,0.0,0.0,0.0,,,,,,,,,,,,,,,,,,,0.0,0.0,0.0,0.0,0.0,0.0,,,,,,,,,,,,,,,,,,,0.0,0.0,0.0,0.0,0.0,0.0,,,,,,,,,,,,,,,,,,,0.0,0.0,0.0,0.0,0.0,0.0
Amara Nallo,DEF,Liverpool,3.7,0.00020571560229414037,0.0002314236255750877,0.9259259259259258,0.44,0.0,0.0,0.5305321237200912,0.2588996763754045,0.27163244734468667,Brentford,H,0.0002314236255750877,0.0002314236255750877,0.0002314236255750877,0.06802721088435373,0.004738213693437574,0.0,0.08658008658008658,0.15485869144405728,0.2660281989890928,0.3974025974025974,0.05686936936936937,,,0.6602554275467462,0.5150338592161235,0.7208558388184526,1.3278749932844323,1.9929341384732107,,,0.7693292206202206,0.0,0.0,0.0,4.358927699069616,0.0,,,,,,,,,,,,,,0.2660281989890928,0.3974025974025974,0.05686936936936937,,,0.44,0.0,0.0,0.0,0.0,0.0,,,,,,,,,,,,,,,,,,,0.44,0.0,0.0,0.0,0.0,0.0,,,,,,,,,,,,,,,,,,,0.44,0.0,0.0,0.0,0.0,0.0,,,,,,,,,,,,,,,,,,,0.44,0.0,0.0,0.0,0.0,0.0,,,,,,,,,,,,,,,,,,,0.44,0.0,0.0,0.0,0.0,0.0
Andrew Robertson,DEF,Liverpool,5.7,0.00020571560229414037,0.0002314236255750877,0.9259259259259258,0.10258141325389247,0.0,1.0,0.5305321237200912,0.2588996763754045,0.27163244734468667,Brentford,H,0.0002314236255750877,0.0002314236255750877,0.0002314236255750877,,,,,,0.2660281989890928,0.3974025974025974,0.05686936936936937,,,,,,1.3278749932844323,1.9929341384732107,,,0.7693292206202206,2.3607316889202226,0.03449013078678148,2.4297119504937856,4.358927699069616,1.0,,,,,,,,,,,,,,0.2660281989890928,0.3974025974025974,0.05686936936936937,,,0.10258141325389247,0.0,2.3607316889202226,0.03449013078678148,2.4297119504937856,1.0,,,,,,,,,,,,,,,,,,,0.10258141325389247,0.0,2.205162826507785,0.030830840005116125,2.266824506518017,1.0,,,,,,,,,,,,,,,,,,,0.10258141325389247,0.0,2.205162826507785,0.030830840005116125,2.266824506518017,1.0,,,,,,,,,,,,,,,,,,,0.10258141325389247,0.0,2.205162826507785,0.030830840005116125,2.266824506518017,1.0,,,,,,,,,,,,,,,,,,,0.10258141325389247,0.0,2.205162826507785,0.030830840005116125,2.266824506518017,10.84207572666395
Calvin Ramsay,DEF,Liverpool,3.8,0.00020571560229414037,0.0002314236255750877,0.9259259259259258,0.44,0.0,0.0,0.5305321237200912,0.2588996763754045,0.27163244734468667,Brentford,H,0.0002314236255750877,0.0002314236255750877,0.0002314236255750877,,,,,,0.2660281989890928,0.3974025974025974,0.05686936936936937,,,,,,1.3278749932844323,1.9929341384732107,,,0.7693292206202206,0.0,0.0,0.0,4.358927699069616,0.0,,,,,,,,,,,,,,0.2660281989890928,0.3974025974025974,0.05686936936936937,,,0.44,0.0,0.0,0.0,0.0,0.0,,,,,,,,,,,,,,,,,,,0.44,0.0,0.0,0.0,0.0,0.0,,,,,,,,,,,,,,,,,,,0.44,0.0,0.0,0.0,0.0,0.0,,,,,,,,,,,,,,,,,,,0.44,0.0,0.0,0.0,0.0,0.0,,,,,,,,,,,,,,,,,,,0.44,0.0,0.0,0.0,0.0,0.0
Conor Bradley,DEF,Liverpool,4.9,0.00020571560229414037,0.0002314236255750877,0.9259259259259258,0.19310512480891517,0.0,0.0,0.5305321237200912,0.2588996763754045,0.27163244734468667,Brentford,H,0.0002314236255750877,0.0002314236255750877,0.0002314236255750877,,,,,,0.2660281989890928,0.3974025974025974,0.05686936936936937,,,,,,1.3278749932844323,1.9929341384732107,,,0.7693292206202206,0.0,0.0,0.0,4.358927699069616,0.0,,,,,,,,,,,,,,0.2660281989890928,0.3974025974025974,0.05686936936936937,,,0.19310512480891517,0.0,0.0,0.0,0.0,0.0,,,,,,,,,,,,,,,,,,,0.19310512480891517,0.0,0.0,0.0,0.0,0.0,,,,,,,,,,,,,,,,,,,0.19310512480891517,0.0,0.0,0.0,0.0,0.0,,,,,,,,,,,,,,,,,,,0.19310512480891517,0.0,0.0,0.0,0.0,0.0,,,,,,,,,,,,,,,,,,,0.19310512480891517,0.0,0.0,0.0,0.0,0.0
Giovanni Leoni,DEF,Liverpool,4.9,0.00020571560229414037,0.0002314236255750877,0.9259259259259258,0.44,0.0,0.0,0.5305321237200912,0.2588996763754045,0.27163244734468667,Brentford,H,0.0002314236255750877,0.0002314236255750877,0.0002314236255750877,,,,,,0.2660281989890928,0.3974025974025974,0.05686936936936937,,,,,,1.3278749932844323,1.9929341384732107,,,0.7693292206202206,0.0,0.0,0.0,4.358927699069616,0.0,,,,,,,,,,,,,,0.2660281989890928,0.3974025974025974,0.05686936936936937,,,0.44,0.0,0.0,0.0,0.0,0.0,,,,,,,,,,,,,,,,,,,0.44,0.0,0.0,0.0,0.0,0.0,,,,,,,,,,,,,,,,,,,0.44,0.0,0.0,0.0,0.0,0.0,,,,,,,,,,,,,,,,,,,0.44,0.0,0.0,0.0,0.0,0.0,,,,,,,,,,,,,,,,,,,0.44,0.0,0.0,0.0,0.0,0.0
Ibrahima Konate,DEF,Liverpool,5.4,0.00020571560229414037,0.0002314236255750877,0.9259259259259258,0.4165322689363401,0.0,1.0,0.5305321237200912,0.2588996763754045,0.27163244734468667,Brentford,H,0.0002314236255750877,0.0002314236255750877,0.0002314236255750877,0.07936507936507936,0.004738213693437574,0.0,0.11204481792717086,0.2070393374741201,0.2660281989890928,0.3974025974025974,0.05686936936936937,,,0.7702979988045372,0.6665144060443952,0.9637529149420617,1.3278749932844323,1.9929341384732107,,,0.7693292206202206,3.6223482749436124,0.06416587612322365,3.7506800271900596,4.358927699069616,1.0,,,,,,,,,,,,,,0.2660281989890928,0.3974025974025974,0.05686936936936937,,,0.4165322689363401,0.0,2.988633400285118,0.04925963484150654,3.0871526699681313,1.0,,,,,,,,,,,,,,,,,,,0.4165322689363401,0.0,2.83306453787268,0.045600344059841175,2.9242652259923623,1.0,,,,,,,,,,,,,,,,,,,0.4165322689363401,0.0,2.83306453787268,0.045600344059841175,2.9242652259923623,1.0,,,,,,,,,,,,,,,,,,,0.4165322689363401,0.0,2.83306453787268,0.045600344059841175,2.9242652259923623,1.0,,,,,,,,,,,,,,,,,,,0.4165322689363401,0.0,2.83306453787268,0.045600344059841175,2.9242652259923623,14.562702429441586
Jeremie Frimpong,DEF,Liverpool,5.7,0.00020571560229414037,0.0002314236255750877,0.9259259259259258,0.04323813274683275,0.0,0.0,0.5305321237200912,0.2588996763754045,0.27163244734468667,Brentford,H,0.0002314236255750877,0.0002314236255750877,0.0002314236255750877,0.21994941163532386,0.03663003663003663,0.0,0.2886002886002886,0.19240019240019238,0.2660281989890928,0.3974025974025974,0.05686936936936937,,,2.1347750544236597,1.716779530720412,0.8956087694411077,1.3278749932844323,1.9929341384732107,,,0.7693292206202206,0.0,0.0,0.0,4.358927699069616,0.0,,,,,,,,,,,,,,0.2660281989890928,0.3974025974025974,0.05686936936936937,,,0.04323813274683275,0.0,0.0,0.0,0.0,0.0,,,,,,,,,,,,,,,,,,,0.04323813274683275,0.0,0.0,0.0,0.0,0.0,,,,,,,,,,,,,,,,,,,0.04323813274683275,0.0,0.0,0.0,0.0,0.0,,,,,,,,,,,,,,,,,,,0.04323813274683275,0.0,0.0,0.0,0.0,0.0,,,,,,,,,,,,,,,,,,,0.04323813274683275,0.0,0.0,0.0,0.0,0.0
Joe Gomez,DEF,Liverpool,4.9,0.00020571560229414037,0.0002314236255750877,0.9259259259259258,0.44,0.0,0.0,0.5305321237200912,0.2588996763754045,0.27163244734468667,Brentford,H,0.0002314236255750877,0.0002314236255750877,0.0002314236255750877,0.07936507936507936,0.004738213693437574,0.0,0.23809523809523808,0.20263424518743667,0.2660281989890928,0.3974025974025974,0.05686936936936937,,,0.7702979988045372,1.4163431128443398,0.9432475337730816,1.3278749932844323,1.9929341384732107,,,0.7693292206202206,0.0,0.0,0.0,4.358927699069616,0.0,,,,,,,,,,,,,,0.2660281989890928,0.3974025974025974,0.05686936936936937,,,0.44,0.0,0.0,0.0,0.0,0.0,,,,,,,,,,,,,,,,,,,0.44,0.0,0.0,0.0,0.0,0.0,,,,,,,,,,,,,,,,,,,0.44,0.0,0.0,0.0,0.0,0.0,,,,,,,,,,,,,,,,,,,0.44,0.0,0.0,0.0,0.0,0.0,,,,,,,,,,,,,,,,,,,0.44,0.0,0.0,0.0,0.0,0.0
Konstantinos Tsimikas,DEF,Liverpool,4.8,0.00020571560229414037,0.0002314236255750877,0.9259259259259258,0.44,0.0,0.0,0.5305321237200912,0.2588996763754045,0.27163244734468667,Brentford,H,0.0002314236255750877,0.0002314236255750877,0.0002314236255750877,,,,,,0.2660281989890928,0.3974025974025974,0.05686936936936937,,,,,,1.3278749932844323,1.9929341384732107,,,0.7693292206202206,0.0,0.0,0.0,4.358927699069616,0.0,,,,,,,,,,,,,,0.2660281989890928,0.3974025974025974,0.05686936936936937,,,0.44,0.0,0.0,0.0,0.0,0.0,,,,,,,,,,,,,,,,,,,0.44,0.0,0.0,0.0,0.0,0.0,,,,,,,,,,,,,,,,,,,0.44,0.0,0.0,0.0,0.0,0.0,,,,,,,,,,,,,,,,,,,0.44,0.0,0.0,0.0,0.0,0.0,,,,,,,,,,,,,,,,,,,0.44,0.0,0.0,0.0,0.0,0.0
Milos Kerkez,DEF,Liverpool,5.6,0.00020571560229414037,0.0002314236255750877,0.9259259259259258,0.17323664057166166,0.0,0.0,0.5305321237200912,0.2588996763754045,0.27163244734468667,Brentford,H,0.0002314236255750877,0.0002314236255750877,0.0002314236255750877,0.07936507936507936,0.004738213693437574,0.0,0.17316017316017315,0.1747487986020096,0.2660281989890928,0.3974025974025974,0.05686936936936937,,,0.7702979988045372,1.030067718432247,0.8134428272905474,1.3278749932844323,1.9929341384732107,,,0.7693292206202206,0.0,0.0,0.0,4.358927699069616,0.0,,,,,,,,,,,,,,0.2660281989890928,0.3974025974025974,0.05686936936936937,,,0.17323664057166166,0.0,0.0,0.0,0.0,0.0,,,,,,,,,,,,,,,,,,,0.17323664057166166,0.0,0.0,0.0,0.0,0.0,,,,,,,,,,,,,,,,,,,0.17323664057166166,0.0,0.0,0.0,0.0,0.0,,,,,,,,,,,,,,,,,,,0.17323664057166166,0.0,0.0,0.0,0.0,0.0,,,,,,,,,,,,,,,,,,,0.17323664057166166,0.0,0.0,0.0,0.0,0.0
Rhys Williams,DEF,Liverpool,3.7,0.00020571560229414037,0.0002314236255750877,0.9259259259259258,0.44,0.0,0.0,0.5305321237200912,0.2588996763754045,0.27163244734468667,Brentford,H,0.0002314236255750877,0.0002314236255750877,0.0002314236255750877,,,,,,0.2660281989890928,0.3974025974025974,0.05686936936936937,,,,,,1.3278749932844323,1.9929341384732107,,,0.7693292206202206,0.0,0.0,0.0,4.358927699069616,0.0,,,,,,,,,,,,,,0.2660281989890928,0.3974025974025974,0.05686936936936937,,,0.44,0.0,0.0,0.0,0.0,0.0,,,,,,,,,,,,,,,,,,,0.44,0.0,0.0,0.0,0.0,0.0,,,,,,,,,,,,,,,,,,,0.44,0.0,0.0,0.0,0.0,0.0,,,,,,,,,,,,,,,,,,,0.44,0.0,0.0,0.0,0.0,0.0,,,,,,,,,,,,,,,,,,,0.44,0.0,0.0,0.0,0.0,0.0
Virgil van Dijk,DEF,Liverpool,5.9,0.00020571560229414037,0.0002314236255750877,0.9259259259259258,0.4673363929195059,0.0,1.0,0.5305321237200912,0.2588996763754045,0.27163244734468667,Brentford,H,0.0002314236255750877,0.0002314236255750877,0.0002314236255750877,0.14652014652014653,0.014214641080312722,0.0,0.10582010582010581,0.14109347442680775,0.2660281989890928,0.3974025974025974,0.05686936936936937,,,1.4220886131776072,0.6294858279308176,0.6567797642568124,1.3278749932844323,1.9929341384732107,,,0.7693292206202206,4.231017216887714,0.0784829869756328,4.3879831908389795,4.358927699069616,1.0,,,,,,,,,,,,,,0.2660281989890928,0.3974025974025974,0.05686936936936937,,,0.4673363929195059,0.0,3.0902416482514496,0.0516496640501706,3.193540976351791,1.0,,,,,,,,,,,,,,,,,,,0.4673363929195059,0.0,2.9346727858390116,0.047990373268505235,3.030653532376022,1.0,,,,,,,,,,,,,,,,,,,0.4673363929195059,0.0,2.9346727858390116,0.047990373268505235,3.030653532376022,1.0,,,,,,,,,,,,,,,,,,,0.4673363929195059,0.0,2.9346727858390116,0.047990373268505235,3.030653532376022,1.0,,,,,,,,,,,,,,,,,,,0.4673363929195059,0.0,2.9346727858390116,0.047990373268505235,3.030653532376022,15.588322911390861
Wellity Lucky,DEF,Liverpool,4.0,0.00020571560229414037,0.0002314236255750877,0.9259259259259258,0.44,0.0,0.0,0.5305321237200912,0.2588996763754045,0.27163244734468667,Brentford,H,0.0002314236255750877,0.0002314236255750877,0.0002314236255750877,,,,,,0.2660281989890928,0.3974025974025974,0.05686936936936937,,,,,,1.3278749932844323,1.9929341384732107,,,0.7693292206202206,0.0,0.0,0.0,4.358927699069616,0.0,,,,,,,,,,,,,,0.2660281989890928,0.3974025974025974,0.05686936936936937,,,0.44,0.0,0.0,0.0,0.0,0.0,,,,,,,,,,,,,,,,,,,0.44,0.0,0.0,0.0,0.0,0.0,,,,,,,,,,,,,,,,,,,0.44,0.0,0.0,0.0,0.0,0.0,,,,,,,,,,,,,,,,,,,0.44,0.0,0.0,0.0,0.0,0.0,,,,,,,,,,,,,,,,,,,0.44,0.0,0.0,0.0,0.0,0.0
Alexis Mac Allister,MID,Liverpool,6.2,0.00020571560229414037,0.0002314236255750877,0.9259259259259258,0.0,0.1341160843412672,1.0,0.5305321237200912,0.2588996763754045,0.27163244734468667,Brentford,H,0.0002314236255750877,0.0002314236255750877,0.0002314236255750877,0.19047619047619047,0.026455026455026454,0.0,0.3072196620583717,0.20931449502878072,0.2660281989890928,0.3974025974025974,0.05686936936936937,,,0.8715952560209315,1.2220352680059754,0.9789313856759627,1.3224452303867302,1.9746228725744055,,,0.7718431773126352,4.331260943474046,0.08084091991239652,4.492942783298839,4.762113050865468,1.0,,,,,,,,,,,,,,0.2660281989890928,0.3974025974025974,0.05686936936936937,,,0.0,0.1341160843412672,2.534260367671627,0.03857187236837202,2.6114041124083713,1.0,,,,,,,,,,,,,,,,,,,0.0,0.1341160843412672,2.2682321686825344,0.03231435707175058,2.3328608828260355,1.0,,,,,,,,,,,,,,,,,,,0.0,0.1341160843412672,2.2682321686825344,0.03231435707175058,2.3328608828260355,1.0,,,,,,,,,,,,,,,,,,,0.0,0.1341160843412672,2.2682321686825344,0.03231435707175058,2.3328608828260355,1.0,,,,,,,,,,,,,,,,,,,0.0,0.1341160843412672,2.2682321686825344,0.03231435707175058,2.3328608828260355,13.244646750758854
Cody Gakpo,MID,Liverpool,7.3,0.00020571560229414037,0.0002314236255750877,0.9259259259259258,0.0,0.05195457077353738,1.0,0.5305321237200912,0.2588996763754045,0.27163244734468667,Brentford,H,0.0002314236255750877,0.0002314236255750877,0.0002314236255750877,0.33068783068783064,0.07936507936507936,0.01,0.27210884353741494,0.13605442176870747,0.2660281989890928,0.3974025974025974,0.05686936936936937,,,1.5131862083696725,1.0823740945195781,0.6363054006893758,1.3224452303867302,1.9746228725744055,,,0.7718431773126352,5.150473999644255,0.10011044941963218,5.350694898483519,4.762113050865468,1.0,,,,,,,,,,,,,,0.2660281989890928,0.3974025974025974,0.05686936936936937,,,0.0,0.05195457077353738,2.3699373405361674,0.034706666124091734,2.439350672784351,1.0,,,,,,,,,,,,,,,,,,,0.0,0.05195457077353738,2.1039091415470748,0.028449150827470297,2.1608074432020152,1.0,,,,,,,,,,,,,,,,,,,0.0,0.05195457077353738,2.1039091415470748,0.028449150827470297,2.1608074432020152,1.0,,,,,,,,,,,,,,,,,,,0.0,0.05195457077353738,2.1039091415470748,0.028449150827470297,2.1608074432020152,1.0,,,,,,,,,,,,,,,,,,,0.0,0.05195457077353738,2.1039091415470748,0.028449150827470297,2.1608074432020152,13.47440381131586
Curtis Jones,MID,Liverpool,5.4,0.00020571560229414037,0.0002314236255750877,0.9259259259259258,0.0,0.31021603135484443,1.0,0.5305321237200912,0.2588996763754045,0.27163244734468667,Brentford,H,0.0002314236255750877,0.0002314236255750877,0.0002314236255750877,0.21164021164021163,0.03663003663003663,0.0,0.21164021164021163,0.15485869144405728,0.2660281989890928,0.3974025974025974,0.05686936936936937,,,0.9684391733565906,0.8418465179596719,0.7242500495651432,1.3224452303867302,1.9746228725744055,,,0.7718431773126352,4.6078734465266,0.08734739920919869,4.782568244944998,4.762113050865468,1.0,,,,,,,,,,,,,,0.2660281989890928,0.3974025974025974,0.05686936936936937,,,0.0,0.31021603135484443,2.8864602616987813,0.04685631827567874,2.9801728982501388,1.0,,,,,,,,,,,,,,,,,,,0.0,0.31021603135484443,2.620432062709689,0.04059880297905731,2.701629668667804,1.0,,,,,,,,,,,,,,,,,,,0.0,0.31021603135484443,2.620432062709689,0.04059880297905731,2.701629668667804,1.0,,,,,,,,,,,,,,,,,,,0.0,0.31021603135484443,2.620432062709689,0.04059880297905731,2.701629668667804,1.0,,,,,,,,,,,,,,,,,,,0.0,0.31021603135484443,2.620432062709689,0.04059880297905731,2.701629668667804,14.880278280727465
Dominik Szoboszlai,MID,Liverpool,6.7,0.00020571560229414037,0.0002314236255750877,0.9259259259259258,0.0,0.25861568723973727,1.0,0.5305321237200912,0.2588996763754045,0.27163244734468667,Brentford,H,0.0002314236255750877,0.0002314236255750877,0.0002314236255750877,0.2801120448179272,0.06349206349206349,0.0,0.31746031746031744,0.20263424518743667,0.2660281989890928,0.3974025974025974,0.05686936936936937,,,1.2817577294425464,1.2627697769395079,0.9476888946437512,1.3224452303867302,1.9746228725744055,,,0.7718431773126352,5.2510268222120375,0.10247565291207156,5.455978128036181,4.762113050865468,1.0,,,,,,,,,,,,,,0.2660281989890928,0.3974025974025974,0.05686936936936937,,,0.0,0.25861568723973727,2.783259573468567,0.044428831687127635,2.872117236842822,1.0,,,,,,,,,,,,,,,,,,,0.0,0.25861568723973727,2.5172313744794748,0.03817131639050621,2.593574007260487,1.0,,,,,,,,,,,,,,,,,,,0.0,0.25861568723973727,2.5172313744794748,0.03817131639050621,2.593574007260487,1.0,,,,,,,,,,,,,,,,,,,0.0,0.25861568723973727,2.5172313744794748,0.03817131639050621,2.593574007260487,1.0,,,,,,,,,,,,,,,,,,,0.0,0.25861568723973727,2.5172313744794748,0.03817131639050621,2.593574007260487,15.159284999681946
Endo Wataru,MID,Liverpool,4.9,0.00020571560229414037,0.0002314236255750877,0.9259259259259258,0.0,0.26,0.0,0.5305321237200912,0.2588996763754045,0.27163244734468667,Brentford,H,0.0002314236255750877,0.0002314236255750877,0.0002314236255750877,,,,,,0.2660281989890928,0.3974025974025974,0.05686936936936937,,,,,,1.3224452303867302,1.9746228725744055,,,0.7718431773126352,0.0,0.0,0.0,4.762113050865468,0.0,,,,,,,,,,,,,,0.2660281989890928,0.3974025974025974,0.05686936936936937,,,0.0,0.26,0.0,0.0,0.0,0.0,,,,,,,,,,,,,,,,,,,0.0,0.26,0.0,0.0,0.0,0.0,,,,,,,,,,,,,,,,,,,0.0,0.26,0.0,0.0,0.0,0.0,,,,,,,,,,,,,,,,,,,0.0,0.26,0.0,0.0,0.0,0.0,,,,,,,,,,,,,,,,,,,0.0,0.26,0.0,0.0,0.0,0.0
Federico Chiesa,MID,Liverpool,6.3,0.00020571560229414037,0.0002314236255750877,0.9259259259259258,0.0,0.26,0.0,0.5305321237200912,0.2588996763754045,0.27163244734468667,Brentford,H,0.0002314236255750877,0.0002314236255750877,0.0002314236255750877,0.3401360544217687,0.08658008658008658,0.01,0.3401360544217687,0.15360983102918585,0.2660281989890928,0.3974025974025974,0.05686936936936937,,,1.5564201000373776,1.3529676181494728,0.7184093233589727,1.3224452303867302,1.9746228725744055,,,0.7718431773126352,0.0,0.0,0.0,4.762113050865468,0.0,,,,,,,,,,,,,,0.2660281989890928,0.3974025974025974,0.05686936936936937,,,0.0,0.26,0.0,0.0,0.0,0.0,,,,,,,,,,,,,,,,,,,0.0,0.26,0.0,0.0,0.0,0.0,,,,,,,,,,,,,,,,,,,0.0,0.26,0.0,0.0,0.0,0.0,,,,,,,,,,,,,,,,,,,0.0,0.26,0.0,0.0,0.0,0.0,,,,,,,,,,,,,,,,,,,0.0,0.26,0.0,0.0,0.0,0.0
Florian Wirtz,MID,Liverpool,8.4,0.00020571560229414037,0.0002314236255750877,0.9259259259259258,0.0,0.09397519076784733,1.0,0.5305321237200912,0.2588996763754045,0.27163244734468667,Brentford,H,0.0002314236255750877,0.0002314236255750877,0.0002314236255750877,0.26455026455026454,0.05291005291005291,0.0,0.3401360544217687,0.1511715797430083,0.2660281989890928,0.3974025974025974,0.05686936936936937,,,1.2105489666957383,1.3529676181494728,0.7070060007659731,1.3224452303867302,1.9746228725744055,,,0.7718431773126352,4.9105167513486725,0.09446617502522348,5.099449101399119,4.762113050865468,1.0,,,,,,,,,,,,,,0.2660281989890928,0.3974025974025974,0.05686936936936937,,,0.0,0.09397519076784733,2.4539785805247876,0.036683484171104064,2.527345548866996,1.0,,,,,,,,,,,,,,,,,,,0.0,0.09397519076784733,2.1879503815356944,0.030425968874482606,2.2488023192846596,1.0,,,,,,,,,,,,,,,,,,,0.0,0.09397519076784733,2.1879503815356944,0.030425968874482606,2.2488023192846596,1.0,,,,,,,,,,,,,,,,,,,0.0,0.09397519076784733,2.1879503815356944,0.030425968874482606,2.2488023192846596,1.0,,,,,,,,,,,,,,,,,,,0.0,0.09397519076784733,2.1879503815356944,0.030425968874482606,2.2488023192846596,13.544339311933111
James McConnell,MID,Liverpool,4.4,0.00020571560229414037,0.0002314236255750877,0.9259259259259258,0.0,0.26,0.0,0.5305321237200912,0.2588996763754045,0.27163244734468667,Brentford,H,0.0002314236255750877,0.0002314236255750877,0.0002314236255750877,0.11904761904761904,0.009429514380009428,0.0,0.25396825396825395,0.15485869144405728,0.2660281989890928,0.3974025974025974,0.05686936936936937,,,0.5447470350130822,1.0102158215516064,0.7242500495651432,1.3224452303867302,1.9746228725744055,,,0.7718431773126352,0.0,0.0,0.0,4.762113050865468,0.0,,,,,,,,,,,,,,0.2660281989890928,0.3974025974025974,0.05686936936936937,,,0.0,0.26,0.0,0.0,0.0,0.0,,,,,,,,,,,,,,,,,,,0.0,0.26,0.0,0.0,0.0,0.0,,,,,,,,,,,,,,,,,,,0.0,0.26,0.0,0.0,0.0,0.0,,,,,,,,,,,,,,,,,,,0.0,0.26,0.0,0.0,0.0,0.0,,,,,,,,,,,,,,,,,,,0.0,0.26,0.0,0.0,0.0,0.0
Kieran Morrison,MID,Liverpool,4.5,0.00020571560229414037,0.0002314236255750877,0.9259259259259258,0.0,0.26,0.0,0.5305321237200912,0.2588996763754045,0.27163244734468667,Brentford,H,0.0002314236255750877,0.0002314236255750877,0.0002314236255750877,0.23809523809523808,0.041407867494824016,0.0,0.3621220351258374,0.15238095238095237,0.2660281989890928,0.3974025974025974,0.05686936936936937,,,1.0894940700261644,1.4404217987903134,0.7126620487721008,1.3224452303867302,1.9746228725744055,,,0.7718431773126352,0.0,0.0,0.0,4.762113050865468,0.0,,,,,,,,,,,,,,0.2660281989890928,0.3974025974025974,0.05686936936936937,,,0.0,0.26,0.0,0.0,0.0,0.0,,,,,,,,,,,,,,,,,,,0.0,0.26,0.0,0.0,0.0,0.0,,,,,,,,,,,,,,,,,,,0.0,0.26,0.0,0.0,0.0,0.0,,,,,,,,,,,,,,,,,,,0.0,0.26,0.0,0.0,0.0,0.0,,,,,,,,,,,,,,,,,,,0.0,0.26,0.0,0.0,0.0,0.0
Luis Díaz Marulanda,MID,Liverpool,8.0,0.00020571560229414037,0.0002314236255750877,0.9259259259259258,0.0,0.26,0.0,0.5305321237200912,0.2588996763754045,0.27163244734468667,Brentford,H,0.0002314236255750877,0.0002314236255750877,0.0002314236255750877,,,,,,0.2660281989890928,0.3974025974025974,0.05686936936936937,,,,,,1.3224452303867302,1.9746228725744055,,,0.7718431773126352,0.0,0.0,0.0,4.762113050865468,0.0,,,,,,,,,,,,,,0.2660281989890928,0.3974025974025974,0.05686936936936937,,,0.0,0.26,0.0,0.0,0.0,0.0,,,,,,,,,,,,,,,,,,,0.0,0.26,0.0,0.0,0.0,0.0,,,,,,,,,,,,,,,,,,,0.0,0.26,0.0,0.0,0.0,0.0,,,,,,,,,,,,,,,,,,,0.0,0.26,0.0,0.0,0.0,0.0,,,,,,,,,,,,,,,,,,,0.0,0.26,0.0,0.0,0.0,0.0
Mohamed Salah,MID,Liverpool,14.0,0.00020571560229414037,0.0002314236255750877,0.9259259259259258,0.0,0.024748483717871084,1.0,0.5305321237200912,0.2588996763754045,0.27163244734468667,Brentford,H,0.0002314236255750877,0.0002314236255750877,0.0002314236255750877,0.4140786749482402,0.12698412698412698,0.01,0.2886002886002886,0.0992063492063492,0.2660281989890928,0.3974025974025974,0.05686936936936937,,,1.8947722956976774,1.1479725244904617,0.46397268800266983,1.3224452303867302,1.9746228725744055,,,0.7718431773126352,5.837433692681188,0.11626911531924691,6.069971923319682,4.762113050865468,1.0,,,,,,,,,,,,,,0.2660281989890928,0.3974025974025974,0.05686936936936937,,,0.0,0.024748483717871084,2.315525166424835,0.03342678296464496,2.382378732354125,1.0,,,,,,,,,,,,,,,,,,,0.0,0.024748483717871084,2.049496967435742,0.027169267668023533,2.103835502771789,1.0,,,,,,,,,,,,,,,,,,,0.0,0.024748483717871084,2.049496967435742,0.027169267668023533,2.103835502771789,1.0,,,,,,,,,,,,,,,,,,,0.0,0.024748483717871084,2.049496967435742,0.027169267668023533,2.103835502771789,1.0,,,,,,,,,,,,,,,,,,,0.0,0.024748483717871084,2.049496967435742,0.027169267668023533,2.103835502771789,13.9857332535817
Rio Ngumoha,MID,Liverpool,4.3,0.00020571560229414037,0.0002314236255750877,0.9259259259259258,0.0,0.26,0.0,0.5305321237200912,0.2588996763754045,0.27163244734468667,Brentford,H,0.0002314236255750877,0.0002314236255750877,0.0002314236255750877,0.2801120448179272,0.06349206349206349,0.0,0.3401360544217687,0.1421464108031272,0.2660281989890928,0.3974025974025974,0.05686936936936937,,,1.2817577294425464,1.3529676181494728,0.6647966872874075,1.3224452303867302,1.9746228725744055,,,0.7718431773126352,0.0,0.0,0.0,4.762113050865468,0.0,,,,,,,,,,,,,,0.2660281989890928,0.3974025974025974,0.05686936936936937,,,0.0,0.26,0.0,0.0,0.0,0.0,,,,,,,,,,,,,,,,,,,0.0,0.26,0.0,0.0,0.0,0.0,,,,,,,,,,,,,,,,,,,0.0,0.26,0.0,0.0,0.0,0.0,,,,,,,,,,,,,,,,,,,0.0,0.26,0.0,0.0,0.0,0.0,,,,,,,,,,,,,,,,,,,0.0,0.26,0.0,0.0,0.0,0.0
Ryan Gravenberch,MID,Liverpool,5.5,0.00020571560229414037,0.0002314236255750877,0.9259259259259258,0.0,0.2977258890221729,1.0,0.5305321237200912,0.2588996763754045,0.27163244734468667,Brentford,H,0.0002314236255750877,0.0002314236255750877,0.0002314236255750877,0.13605442176870747,0.011757789535567312,0.0,0.3072196620583717,0.16142050040355124,0.2660281989890928,0.3974025974025974,0.05686936936936937,,,0.622568040014951,1.2220352680059754,0.754938610987395,1.3224452303867302,1.9746228725744055,,,0.7718431773126352,4.3607795193263765,0.08153525585359503,4.523850031033566,4.762113050865468,1.0,,,,,,,,,,,,,,0.2660281989890928,0.3974025974025974,0.05686936936936937,,,0.0,0.2977258890221729,2.8614799770334383,0.04626873201978053,2.9540174410729994,1.0,,,,,,,,,,,,,,,,,,,0.0,0.2977258890221729,2.595451778044346,0.04001121672315912,2.6754742114906644,1.0,,,,,,,,,,,,,,,,,,,0.0,0.2977258890221729,2.595451778044346,0.04001121672315912,2.6754742114906644,1.0,,,,,,,,,,,,,,,,,,,0.0,0.2977258890221729,2.595451778044346,0.04001121672315912,2.6754742114906644,1.0,,,,,,,,,,,,,,,,,,,0.0,0.2977258890221729,2.595451778044346,0.04001121672315912,2.6754742114906644,14.526092648119478
Stefan Bajčetić Maquieira,MID,Liverpool,4.3,0.00020571560229414037,0.0002314236255750877,0.9259259259259258,0.0,0.26,0.0,0.5305321237200912,0.2588996763754045,0.27163244734468667,Brentford,H,0.0002314236255750877,0.0002314236255750877,0.0002314236255750877,,,,,,0.2660281989890928,0.3974025974025974,0.05686936936936937,,,,,,1.3224452303867302,1.9746228725744055,,,0.7718431773126352,0.0,0.0,0.0,4.762113050865468,0.0,,,,,,,,,,,,,,0.2660281989890928,0.3974025974025974,0.05686936936936937,,,0.0,0.26,0.0,0.0,0.0,0.0,,,,,,,,,,,,,,,,,,,0.0,0.26,0.0,0.0,0.0,0.0,,,,,,,,,,,,,,,,,,,0.0,0.26,0.0,0.0,0.0,0.0,,,,,,,,,,,,,,,,,,,0.0,0.26,0.0,0.0,0.0,0.0,,,,,,,,,,,,,,,,,,,0.0,0.26,0.0,0.0,0.0,0.0
Trey Nyoni,MID,Liverpool,4.3,0.00020571560229414037,0.0002314236255750877,0.9259259259259258,0.0,0.26,0.0,0.5305321237200912,0.2588996763754045,0.27163244734468667,Brentford,H,0.0002314236255750877,0.0002314236255750877,0.0002314236255750877,0.19047619047619047,0.026455026455026454,0.0,0.21164021164021163,0.1421464108031272,0.2660281989890928,0.3974025974025974,0.05686936936936937,,,0.8715952560209315,0.8418465179596719,0.6647966872874075,1.3224452303867302,1.9746228725744055,,,0.7718431773126352,0.0,0.0,0.0,4.762113050865468,0.0,,,,,,,,,,,,,,0.2660281989890928,0.3974025974025974,0.05686936936936937,,,0.0,0.26,0.0,0.0,0.0,0.0,,,,,,,,,,,,,,,,,,,0.0,0.26,0.0,0.0,0.0,0.0,,,,,,,,,,,,,,,,,,,0.0,0.26,0.0,0.0,0.0,0.0,,,,,,,,,,,,,,,,,,,0.0,0.26,0.0,0.0,0.0,0.0,,,,,,,,,,,,,,,,,,,0.0,0.26,0.0,0.0,0.0,0.0
Tyler Morton,MID,Liverpool,4.5,0.00020571560229414037,0.0002314236255750877,0.9259259259259258,0.0,0.26,0.0,0.5305321237200912,0.2588996763754045,0.27163244734468667,Brentford,H,0.0002314236255750877,0.0002314236255750877,0.0002314236255750877,,,,,,0.2660281989890928,0.3974025974025974,0.05686936936936937,,,,,,1.3224452303867302,1.9746228725744055,,,0.7718431773126352,0.0,0.0,0.0,4.762113050865468,0.0,,,,,,,,,,,,,,0.2660281989890928,0.3974025974025974,0.05686936936936937,,,0.0,0.26,0.0,0.0,0.0,0.0,,,,,,,,,,,,,,,,,,,0.0,0.26,0.0,0.0,0.0,0.0,,,,,,,,,,,,,,,,,,,0.0,0.26,0.0,0.0,0.0,0.0,,,,,,,,,,,,,,,,,,,0.0,0.26,0.0,0.0,0.0,0.0,,,,,,,,,,,,,,,,,,,0.0,0.26,0.0,0.0,0.0,0.0
Alexander Isak,FWD,Liverpool,10.3,0.00020571560229414037,0.0002314236255750877,0.9259259259259258,0.0,0.0,0.0,0.5305321237200912,0.2588996763754045,0.27163244734468667,Brentford,H,0.0002314236255750877,0.0002314236255750877,0.0002314236255750877,0.4535147392290249,0.13605442176870747,0.01,0.25396825396825395,0.12210012210012211,0.2660281989890928,0.3974025974025974,0.05686936936936937,,,1.1108220958015487,1.0735186733095785,0.7151305778223022,1.3296648803594429,1.9954286802437056,,,0.7674418371724041,0.0,0.0,0.0,4.737162689679198,0.0,,,,,,,,,,,,,,0.2660281989890928,0.3974025974025974,0.05686936936936937,,,0.0,0.0,0.0,0.0,0.0,0.0,,,,,,,,,,,,,,,,,,,0.0,0.0,0.0,0.0,0.0,0.0,,,,,,,,,,,,,,,,,,,0.0,0.0,0.0,0.0,0.0,0.0,,,,,,,,,,,,,,,,,,,0.0,0.0,0.0,0.0,0.0,0.0,,,,,,,,,,,,,,,,,,,0.0,0.0,0.0,0.0,0.0,0.0
Darwin Núñez Ribeiro,FWD,Liverpool,6.5,0.00020571560229414037,0.0002314236255750877,0.9259259259259258,0.0,0.0,0.0,0.5305321237200912,0.2588996763754045,0.27163244734468667,Brentford,H,0.0002314236255750877,0.0002314236255750877,0.0002314236255750877,,,,,,0.2660281989890928,0.3974025974025974,0.05686936936936937,,,,,,1.3296648803594429,1.9954286802437056,,,0.7674418371724041,0.0,0.0,0.0,4.737162689679198,0.0,,,,,,,,,,,,,,0.2660281989890928,0.3974025974025974,0.05686936936936937,,,0.0,0.0,0.0,0.0,0.0,0.0,,,,,,,,,,,,,,,,,,,0.0,0.0,0.0,0.0,0.0,0.0,,,,,,,,,,,,,,,,,,,0.0,0.0,0.0,0.0,0.0,0.0,,,,,,,,,,,,,,,,,,,0.0,0.0,0.0,0.0,0.0,0.0,,,,,,,,,,,,,,,,,,,0.0,0.0,0.0,0.0,0.0,0.0
Hugo Ekitike,FWD,Liverpool,8.9,0.00020571560229414037,0.0002314236255750877,0.9259259259259258,0.0,0.0,0.0,0.5305321237200912,0.2588996763754045,0.27163244734468667,Brentford,H,0.0002314236255750877,0.0002314236255750877,0.0002314236255750877,,,,,,0.2660281989890928,0.3974025974025974,0.05686936936936937,,,,,,1.3296648803594429,1.9954286802437056,,,0.7674418371724041,0.0,0.0,0.0,4.737162689679198,0.0,,,,,,,,,,,,,,0.2660281989890928,0.3974025974025974,0.05686936936936937,,,0.0,0.0,0.0,0.0,0.0,0.0,,,,,,,,,,,,,,,,,,,0.0,0.0,0.0,0.0,0.0,0.0,,,,,,,,,,,,,,,,,,,0.0,0.0,0.0,0.0,0.0,0.0,,,,,,,,,,,,,,,,,,,0.0,0.0,0.0,0.0,0.0,0.0,,,,,,,,,,,,,,,,,,,0.0,0.0,0.0,0.0,0.0,0.0
Jayden Danns,FWD,Liverpool,4.3,0.00020571560229414037,0.0002314236255750877,0.9259259259259258,0.0,0.0,0.0,0.5305321237200912,0.2588996763754045,0.27163244734468667,Brentford,H,0.0002314236255750877,0.0002314236255750877,0.0002314236255750877,,,,,,0.2660281989890928,0.3974025974025974,0.05686936936936937,,,,,,1.3296648803594429,1.9954286802437056,,,0.7674418371724041,0.0,0.0,0.0,4.737162689679198,0.0,,,,,,,,,,,,,,0.2660281989890928,0.3974025974025974,0.05686936936936937,,,0.0,0.0,0.0,0.0,0.0,0.0,,,,,,,,,,,,,,,,,,,0.0,0.0,0.0,0.0,0.0,0.0,,,,,,,,,,,,,,,,,,,0.0,0.0,0.0,0.0,0.0,0.0,,,,,,,,,,,,,,,,,,,0.0,0.0,0.0,0.0,0.0,0.0,,,,,,,,,,,,,,,,,,,0.0,0.0,0.0,0.0,0.0,0.0
Ederson,GK,Man City,5.3,0.00020571560229414037,0.0002314236255750877,0.9259259259259258,0.0,0.0,0.0,0.7584951456310679,0.10787486515641855,0.6506202804746494,Aston Villa,H,0.00020571560229414037,0.0002314236255750877,0.9259259259259258,,,,,,0.34758428919012857,0.30136986301369867,0.0348155808341951,0.49862877088007973,0.07936507936507936,,,,1.5532906747022415,0.9344032156465616,1.2570155429574048,1.4734279013179614,0.7338251318983885,0.0,0.0,0.0,4.012990641890485,0.0,,,,,,,,,,,,,,0.34758428919012857,0.30136986301369867,0.0348155808341951,,,0.0,0.0,0.0,0.0,0.0,0.0,,,,,,,,,,,,,,,,,,,0.0,0.0,0.0,0.0,0.0,0.0,,,,,,,,,,,,,,,,,,,0.0,0.0,0.0,0.0,0.0,0.0,,,,,,,,,,,,,,,,,,,0.0,0.0,0.0,0.0,0.0,0.0,,,,,,,,,,,,,,,,,,,0.0,0.0,0.0,0.0,0.0,0.0
Gianluigi Donnarumma,GK,Man City,5.6,0.00020571560229414037,0.0002314236255750877,0.9259259259259258,0.0,0.0,1.0,0.7584951456310679,0.10787486515641855,0.6506202804746494,Aston Villa,H,0.00020571560229414037,0.0002314236255750877,0.9259259259259258,,,,,,0.34758428919012857,0.30136986301369867,0.0348155808341951,0.49862877088007973,0.07936507936507936,,,,1.5532906747022415,0.9344032156465616,1.2570155429574048,1.4734279013179614,0.7338251318983885,3.2959601193098864,0.056488573926407146,3.4089372671627007,4.012990641890485,1.0,,,,,,,,,,,,,,0.34758428919012857,0.30136986301369867,0.0348155808341951,,,0.0,0.0,2.717966269064727,0.04289300258094052,2.803752274226608,1.0,,,,,,,,,,,,,,,,,,,0.0,0.0,2.0,0.026005000000000004,2.05201,1.0,,,,,,,,,,,,,,,,,,,0.0,0.0,2.0,0.026005000000000004,2.05201,1.0,,,,,,,,,,,,,,,,,,,0.0,0.0,2.0,0.026005000000000004,2.05201,1.0,,,,,,,,,,,,,,,,,,,0.0,0.0,2.0,0.026005000000000004,2.05201,11.537754700255316
James Trafford,GK,Man City,4.5,0.00020571560229414037,0.0002314236255750877,0.9259259259259258,0.0,0.0,0.0,0.7584951456310679,0.10787486515641855,0.6506202804746494,Aston Villa,H,0.00020571560229414037,0.0002314236255750877,0.9259259259259258,,,,,,0.34758428919012857,0.30136986301369867,0.0348155808341951,0.49862877088007973,0.07936507936507936,,,,1.5532906747022415,0.9344032156465616,1.2570155429574048,1.4734279013179614,0.7338251318983885,0.0,0.0,0.0,4.012990641890485,0.0,,,,,,,,,,,,,,0.34758428919012857,0.30136986301369867,0.0348155808341951,,,0.0,0.0,0.0,0.0,0.0,0.0,,,,,,,,,,,,,,,,,,,0.0,0.0,0.0,0.0,0.0,0.0,,,,,,,,,,,,,,,,,,,0.0,0.0,0.0,0.0,0.0,0.0,,,,,,,,,,,,,,,,,,,0.0,0.0,0.0,0.0,0.0,0.0,,,,,,,,,,,,,,,,,,,0.0,0.0,0.0,0.0,0.0,0.0
Marcus Bettinelli,GK,Man City,3.8,0.00020571560229414037,0.0002314236255750877,0.9259259259259258,0.0,0.0,0.0,0.7584951456310679,0.10787486515641855,0.6506202804746494,Aston Villa,H,0.00020571560229414037,0.0002314236255750877,0.9259259259259258,,,,,,0.34758428919012857,0.30136986301369867,0.0348155808341951,0.49862877088007973,0.07936507936507936,,,,1.5532906747022415,0.9344032156465616,1.2570155429574048,1.4734279013179614,0.7338251318983885,0.0,0.0,0.0,4.012990641890485,0.0,,,,,,,,,,,,,,0.34758428919012857,0.30136986301369867,0.0348155808341951,,,0.0,0.0,0.0,0.0,0.0,0.0,,,,,,,,,,,,,,,,,,,0.0,0.0,0.0,0.0,0.0,0.0,,,,,,,,,,,,,,,,,,,0.0,0.0,0.0,0.0,0.0,0.0,,,,,,,,,,,,,,,,,,,0.0,0.0,0.0,0.0,0.0,0.0,,,,,,,,,,,,,,,,,,,0.0,0.0,0.0,0.0,0.0,0.0
Abduqodir Khusanov,DEF,Man City,5.4,0.00020571560229414037,0.0002314236255750877,0.9259259259259258,0.35393909617855535,0.0,0.0,0.7584951456310679,0.10787486515641855,0.6506202804746494,Aston Villa,H,0.00020571560229414037,0.0002314236255750877,0.9259259259259258,,,,,,0.34758428919012857,0.30136986301369867,0.0348155808341951,,,,,,1.5580284857781839,0.9363106987916285,,,0.7334051493467197,0.0,0.0,0.0,5.440635838087898,0.0,,,,,,,,,,,,,,0.34758428919012857,0.30136986301369867,0.0348155808341951,,,0.35393909617855535,0.0,0.0,0.0,0.0,0.0,,,,,,,,,,,,,,,,,,,0.35393909617855535,0.0,0.0,0.0,0.0,0.0,,,,,,,,,,,,,,,,,,,0.35393909617855535,0.0,0.0,0.0,0.0,0.0,,,,,,,,,,,,,,,,,,,0.35393909617855535,0.0,0.0,0.0,0.0,0.0,,,,,,,,,,,,,,,,,,,0.35393909617855535,0.0,0.0,0.0,0.0,0.0
John Stones,DEF,Man City,5.4,0.00020571560229414037,0.0002314236255750877,0.9259259259259258,0.44,0.0,1.0,0.7584951456310679,0.10787486515641855,0.6506202804746494,Aston Villa,H,0.00020571560229414037,0.0002314236255750877,0.9259259259259258,0.13605442176870747,0.010465724751439037,0.0,0.17316017316017315,0.1070090957731407,0.34758428919012857,0.30136986301369867,0.0348155808341951,,,0.9769822025862246,0.8121709833368568,0.5795561416451248,1.5580284857781839,0.9363106987916285,,,0.7334051493467197,4.889558571892984,0.09397319672806677,5.077504965349117,5.440635838087898,1.0,,,,,,,,,,,,,,0.34758428919012857,0.30136986301369867,0.0348155808341951,,,0.44,0.0,3.597966269064727,0.0635923625809405,3.725150994226608,1.0,,,,,,,,,,,,,,,,,,,0.44,0.0,2.88,0.04670436,2.97340872,1.0,,,,,,,,,,,,,,,,,,,0.44,0.0,2.88,0.04670436,2.97340872,1.0,,,,,,,,,,,,,,,,,,,0.44,0.0,2.88,0.04670436,2.97340872,1.0,,,,,,,,,,,,,,,,,,,0.44,0.0,2.88,0.04670436,2.97340872,16.569427726441734
Josko Gvardiol,DEF,Man City,5.9,0.00020571560229414037,0.0002314236255750877,0.9259259259259258,0.23034689144884635,0.0,0.0,0.7584951456310679,0.10787486515641855,0.6506202804746494,Aston Villa,H,0.00020571560229414037,0.0002314236255750877,0.9259259259259258,0.14652014652014653,0.0156128024980484,0.0,0.2886002886002886,0.10946907498631638,0.34758428919012857,0.30136986301369867,0.0348155808341951,,,1.052134679708242,1.353618305561428,0.5928792713381164,1.5580284857781839,0.9363106987916285,,,0.7334051493467197,0.0,0.0,0.0,5.440635838087898,0.0,,,,,,,,,,,,,,0.34758428919012857,0.30136986301369867,0.0348155808341951,,,0.23034689144884635,0.0,0.0,0.0,0.0,0.0,,,,,,,,,,,,,,,,,,,0.23034689144884635,0.0,0.0,0.0,0.0,0.0,,,,,,,,,,,,,,,,,,,0.23034689144884635,0.0,0.0,0.0,0.0,0.0,,,,,,,,,,,,,,,,,,,0.23034689144884635,0.0,0.0,0.0,0.0,0.0,,,,,,,,,,,,,,,,,,,0.23034689144884635,0.0,0.0,0.0,0.0,0.0
Manuel Akanji,DEF,Man City,5.4,0.00020571560229414037,0.0002314236255750877,0.9259259259259258,0.44,0.0,0.0,0.7584951456310679,0.10787486515641855,0.6506202804746494,Aston Villa,H,0.00020571560229414037,0.0002314236255750877,0.9259259259259258,,,,,,0.34758428919012857,0.30136986301369867,0.0348155808341951,,,,,,1.5580284857781839,0.9363106987916285,,,0.7334051493467197,0.0,0.0,0.0,5.440635838087898,0.0,,,,,,,,,,,,,,0.34758428919012857,0.30136986301369867,0.0348155808341951,,,0.44,0.0,0.0,0.0,0.0,0.0,,,,,,,,,,,,,,,,,,,0.44,0.0,0.0,0.0,0.0,0.0,,,,,,,,,,,,,,,,,,,0.44,0.0,0.0,0.0,0.0,0.0,,,,,,,,,,,,,,,,,,,0.44,0.0,0.0,0.0,0.0,0.0,,,,,,,,,,,,,,,,,,,0.44,0.0,0.0,0.0,0.0,0.0
Marc Guehi,DEF,Man City,5.2,0.00020571560229414037,0.0002314236255750877,0.9259259259259258,0.34786140066802773,0.0,1.0,0.7584951456310679,0.10787486515641855,0.6506202804746494,Aston Villa,H,0.00020571560229414037,0.0002314236255750877,0.9259259259259258,0.19047619047619047,0.026455026455026454,0.0,0.17316017316017315,0.11757789535567313,0.34758428919012857,0.30136986301369867,0.0348155808341951,,,1.3677750836207145,0.8121709833368568,0.6367962544001989,1.5580284857781839,0.9363106987916285,,,0.7334051493467197,5.11717899611293,0.09932728434656835,5.315833564806066,5.440635838087898,1.0,,,,,,,,,,,,,,0.34758428919012857,0.30136986301369867,0.0348155808341951,,,0.34786140066802773,0.0,3.4136890704007827,0.059257794313967216,3.532204659028717,1.0,,,,,,,,,,,,,,,,,,,0.34786140066802773,0.0,2.6957228013360552,0.0423697917330267,2.780462384802109,1.0,,,,,,,,,,,,,,,,,,,0.34786140066802773,0.0,2.6957228013360552,0.0423697917330267,2.780462384802109,1.0,,,,,,,,,,,,,,,,,,,0.34786140066802773,0.0,2.6957228013360552,0.0423697917330267,2.780462384802109,1.0,,,,,,,,,,,,,,,,,,,0.34786140066802773,0.0,2.6957228013360552,0.0423697917330267,2.780462384802109,16.10350220242638
Matheus Nunes,DEF,Man City,5.4,0.00020571560229414037,0.0002314236255750877,0.9259259259259258,0.23034689144884635,0.0,1.0,0.7584951456310679,0.10787486515641855,0.6506202804746494,Aston Villa,H,0.00020571560229414037,0.0002314236255750877,0.9259259259259258,0.13605442176870747,0.012531328320802004,0.0,0.3663003663003663,0.1443001443001443,0.34758428919012857,0.30136986301369867,0.0348155808341951,,,0.9769822025862246,1.7180540032125815,0.7815226758547895,1.5580284857781839,0.9363106987916285,,,0.7334051493467197,5.02477550710043,0.09715376947801632,5.219083046056463,5.440635838087898,1.0,,,,,,,,,,,,,,0.34758428919012857,0.30136986301369867,0.0348155808341951,,,0.23034689144884635,0.0,3.17866005196242,0.05372944174226005,3.28611893544694,1.0,,,,,,,,,,,,,,,,,,,0.23034689144884635,0.0,2.4606937828976925,0.03684143916131953,2.5343766612203313,1.0,,,,,,,,,,,,,,,,,,,0.23034689144884635,0.0,2.4606937828976925,0.03684143916131953,2.5343766612203313,1.0,,,,,,,,,,,,,,,,,,,0.23034689144884635,0.0,2.4606937828976925,0.03684143916131953,2.5343766612203313,1.0,,,,,,,,,,,,,,,,,,,0.23034689144884635,0.0,2.4606937828976925,0.03684143916131953,2.5343766612203313,15.108538792603289
Max Alleyne,DEF,Man City,4.1,0.00020571560229414037,0.0002314236255750877,0.9259259259259258,0.44,0.0,0.0,0.7584951456310679,0.10787486515641855,0.6506202804746494,Aston Villa,H,0.00020571560229414037,0.0002314236255750877,0.9259259259259258,,,,,,0.34758428919012857,0.30136986301369867,0.0348155808341951,,,,,,1.5580284857781839,0.9363106987916285,,,0.7334051493467197,0.0,0.0,0.0,5.440635838087898,0.0,,,,,,,,,,,,,,0.34758428919012857,0.30136986301369867,0.0348155808341951,,,0.44,0.0,0.0,0.0,0.0,0.0,,,,,,,,,,,,,,,,,,,0.44,0.0,0.0,0.0,0.0,0.0,,,,,,,,,,,,,,,,,,,0.44,0.0,0.0,0.0,0.0,0.0,,,,,,,,,,,,,,,,,,,0.44,0.0,0.0,0.0,0.0,0.0,,,,,,,,,,,,,,,,,,,0.44,0.0,0.0,0.0,0.0,0.0
Nathan Ake,DEF,Man City,5.3,0.00020571560229414037,0.0002314236255750877,0.9259259259259258,0.2317727870725501,0.0,0.0,0.7584951456310679,0.10787486515641855,0.6506202804746494,Aston Villa,H,0.00020571560229414037,0.0002314236255750877,0.9259259259259258,0.10582010582010581,0.00630715862503942,0.0,0.29304029304029305,0.12870012870012867,0.34758428919012857,0.30136986301369867,0.0348155808341951,,,0.7598750464559525,1.3744432025700655,0.6970337379245419,1.5580284857781839,0.9363106987916285,,,0.7334051493467197,0.0,0.0,0.0,5.440635838087898,0.0,,,,,,,,,,,,,,0.34758428919012857,0.30136986301369867,0.0348155808341951,,,0.2317727870725501,0.0,0.0,0.0,0.0,0.0,,,,,,,,,,,,,,,,,,,0.2317727870725501,0.0,0.0,0.0,0.0,0.0,,,,,,,,,,,,,,,,,,,0.2317727870725501,0.0,0.0,0.0,0.0,0.0,,,,,,,,,,,,,,,,,,,0.2317727870725501,0.0,0.0,0.0,0.0,0.0,,,,,,,,,,,,,,,,,,,0.2317727870725501,0.0,0.0,0.0,0.0,0.0
Nico O'Reilly,DEF,Man City,4.9,0.00020571560229414037,0.0002314236255750877,0.9259259259259258,0.19697968830696122,0.0,1.0,0.7584951456310679,0.10787486515641855,0.6506202804746494,Aston Villa,H,0.00020571560229414037,0.0002314236255750877,0.9259259259259258,0.25396825396825395,0.047619047619047616,0.0,0.3401360544217687,0.12870012870012867,0.34758428919012857,0.30136986301369867,0.0348155808341951,,,1.8237001114942861,1.5953358601259686,0.6970337379245419,1.5580284857781839,0.9363106987916285,,,0.7334051493467197,5.813157489767635,0.11569809047431431,6.0445536707162635,5.440635838087898,1.0,,,,,,,,,,,,,,0.34758428919012857,0.30136986301369867,0.0348155808341951,,,0.19697968830696122,0.0,3.1119256456786495,0.052159715037653195,3.216245075753956,1.0,,,,,,,,,,,,,,,,,,,0.19697968830696122,0.0,2.3939593766139224,0.03527171245671269,2.464502801527348,1.0,,,,,,,,,,,,,,,,,,,0.19697968830696122,0.0,2.3939593766139224,0.03527171245671269,2.464502801527348,1.0,,,,,,,,,,,,,,,,,,,0.19697968830696122,0.0,2.3939593766139224,0.03527171245671269,2.464502801527348,1.0,,,,,,,,,,,,,,,,,,,0.19697968830696122,0.0,2.3939593766139224,0.03527171245671269,2.464502801527348,15.678969829383696
Rayan Ait Nouri,DEF,Man City,5.7,0.00020571560229414037,0.0002314236255750877,0.9259259259259258,0.31724744251013715,0.0,0.0,0.7584951456310679,0.10787486515641855,0.6506202804746494,Aston Villa,H,0.00020571560229414037,0.0002314236255750877,0.9259259259259258,,,,,,0.34758428919012857,0.30136986301369867,0.0348155808341951,,,,,,1.5580284857781839,0.9363106987916285,,,0.7334051493467197,0.0,0.0,0.0,5.440635838087898,0.0,,,,,,,,,,,,,,0.34758428919012857,0.30136986301369867,0.0348155808341951,,,0.31724744251013715,0.0,0.0,0.0,0.0,0.0,,,,,,,,,,,,,,,,,,,0.31724744251013715,0.0,0.0,0.0,0.0,0.0,,,,,,,,,,,,,,,,,,,0.31724744251013715,0.0,0.0,0.0,0.0,0.0,,,,,,,,,,,,,,,,,,,0.31724744251013715,0.0,0.0,0.0,0.0,0.0,,,,,,,,,,,,,,,,,,,0.31724744251013715,0.0,0.0,0.0,0.0,0.0
Rico Lewis,DEF,Man City,4.6,0.00020571560229414037,0.0002314236255750877,0.9259259259259258,0.44,0.0,0.0,0.7584951456310679,0.10787486515641855,0.6506202804746494,Aston Villa,H,0.00020571560229414037,0.0002314236255750877,0.9259259259259258,0.13605442176870747,0.012531328320802004,0.0,0.40184850311432585,0.1488095238095238,0.34758428919012857,0.30136986301369867,0.0348155808341951,,,0.9769822025862246,1.8847849824273046,0.8059452594752518,1.5580284857781839,0.9363106987916285,,,0.7334051493467197,0.0,0.0,0.0,5.440635838087898,0.0,,,,,,,,,,,,,,0.34758428919012857,0.30136986301369867,0.0348155808341951,,,0.44,0.0,0.0,0.0,0.0,0.0,,,,,,,,,,,,,,,,,,,0.44,0.0,0.0,0.0,0.0,0.0,,,,,,,,,,,,,,,,,,,0.44,0.0,0.0,0.0,0.0,0.0,,,,,,,,,,,,,,,,,,,0.44,0.0,0.0,0.0,0.0,0.0,,,,,,,,,,,,,,,,,,,0.44,0.0,0.0,0.0,0.0,0.0
Ruben Dias,DEF,Man City,5.5,0.00020571560229414037,0.0002314236255750877,0.9259259259259258,0.24556124528619705,0.0,0.0,0.7584951456310679,0.10787486515641855,0.6506202804746494,Aston Villa,H,0.00020571560229414037,0.0002314236255750877,0.9259259259259258,0.09523809523809523,0.005411255411255411,0.0,0.19047619047619047,0.13605442176870747,0.34758428919012857,0.30136986301369867,0.0348155808341951,,,0.6838875418103573,0.8933880816705424,0.7368642372345159,1.5580284857781839,0.9363106987916285,,,0.7334051493467197,0.0,0.0,0.0,5.440635838087898,0.0,,,,,,,,,,,,,,0.34758428919012857,0.30136986301369867,0.0348155808341951,,,0.24556124528619705,0.0,0.0,0.0,0.0,0.0,,,,,,,,,,,,,,,,,,,0.24556124528619705,0.0,0.0,0.0,0.0,0.0,,,,,,,,,,,,,,,,,,,0.24556124528619705,0.0,0.0,0.0,0.0,0.0,,,,,,,,,,,,,,,,,,,0.24556124528619705,0.0,0.0,0.0,0.0,0.0,,,,,,,,,,,,,,,,,,,0.24556124528619705,0.0,0.0,0.0,0.0,0.0
Stephen Mfuni,DEF,Man City,3.9,0.00020571560229414037,0.0002314236255750877,0.9259259259259258,0.44,0.0,0.0,0.7584951456310679,0.10787486515641855,0.6506202804746494,Aston Villa,H,0.00020571560229414037,0.0002314236255750877,0.9259259259259258,,,,,,0.34758428919012857,0.30136986301369867,0.0348155808341951,,,,,,1.5580284857781839,0.9363106987916285,,,0.7334051493467197,0.0,0.0,0.0,5.440635838087898,0.0,,,,,,,,,,,,,,0.34758428919012857,0.30136986301369867,0.0348155808341951,,,0.44,0.0,0.0,0.0,0.0,0.0,,,,,,,,,,,,,,,,,,,0.44,0.0,0.0,0.0,0.0,0.0,,,,,,,,,,,,,,,,,,,0.44,0.0,0.0,0.0,0.0,0.0,,,,,,,,,,,,,,,,,,,0.44,0.0,0.0,0.0,0.0,0.0,,,,,,,,,,,,,,,,,,,0.44,0.0,0.0,0.0,0.0,0.0
Vitor de Oliveira Nunes dos Reis,DEF,Man City,5.0,0.00020571560229414037,0.0002314236255750877,0.9259259259259258,0.44,0.0,0.0,0.7584951456310679,0.10787486515641855,0.6506202804746494,Aston Villa,H,0.00020571560229414037,0.0002314236255750877,0.9259259259259258,,,,,,0.34758428919012857,0.30136986301369867,0.0348155808341951,,,,,,1.5580284857781839,0.9363106987916285,,,0.7334051493467197,0.0,0.0,0.0,5.440635838087898,0.0,,,,,,,,,,,,,,0.34758428919012857,0.30136986301369867,0.0348155808341951,,,0.44,0.0,0.0,0.0,0.0,0.0,,,,,,,,,,,,,,,,,,,0.44,0.0,0.0,0.0,0.0,0.0,,,,,,,,,,,,,,,,,,,0.44,0.0,0.0,0.0,0.0,0.0,,,,,,,,,,,,,,,,,,,0.44,0.0,0.0,0.0,0.0,0.0,,,,,,,,,,,,,,,,,,,0.44,0.0,0.0,0.0,0.0,0.0
Antoine Semenyo,MID,Man City,8.0,0.00020571560229414037,0.0002314236255750877,0.9259259259259258,0.0,0.12654895447355785,1.0,0.7584951456310679,0.10787486515641855,0.6506202804746494,Aston Villa,H,0.00020571560229414037,0.0002314236255750877,0.9259259259259258,0.49862877088007973,0.17316017316017315,0.01,0.3621220351258374,0.1304631441617743,0.34758428919012857,0.30136986301369867,0.0348155808341951,,,1.7546695989777827,1.1516621812297239,0.721628948165536,1.5431190732611355,0.921025978951761,,,0.7357389978313069,6.965529879554246,0.14280419382687498,7.251138267207996,5.4171638881148665,1.0,,,,,,,,,,,,,,0.34758428919012857,0.30136986301369867,0.0348155808341951,,,0.0,0.12654895447355785,2.6006821981372443,0.04013424666458426,2.6809506914664127,1.0,,,,,,,,,,,,,,,,,,,0.0,0.12654895447355785,2.2530979089471157,0.03195836901425406,2.3170146469756236,1.0,,,,,,,,,,,,,,,,,,,0.0,0.12654895447355785,2.2530979089471157,0.03195836901425406,2.3170146469756236,1.0,,,,,,,,,,,,,,,,,,,0.0,0.12654895447355785,2.2530979089471157,0.03195836901425406,2.3170146469756236,1.0,,,,,,,,,,,,,,,,,,,0.0,0.12654895447355785,2.2530979089471157,0.03195836901425406,2.3170146469756236,16.017587366486197
Bernardo Silva,MID,Man City,6.2,0.00020571560229414037,0.0002314236255750877,0.9259259259259258,0.0,0.17409773439405296,1.0,0.7584951456310679,0.10787486515641855,0.6506202804746494,Aston Villa,H,0.00020571560229414037,0.0002314236255750877,0.9259259259259258,0.21164021164021163,0.03663003663003663,0.0,0.2886002886002886,0.19636720667648502,0.34758428919012857,0.30136986301369867,0.0348155808341951,,,0.7447597631216811,0.9178398595861132,1.0861631590945182,1.5431190732611355,0.921025978951761,,,0.7357389978313069,4.6065646584538555,0.0873166138961516,4.781197886246159,5.4171638881148665,1.0,,,,,,,,,,,,,,0.34758428919012857,0.30136986301369867,0.0348155808341951,,,0.0,0.17409773439405296,2.6957797579782348,0.042371131467164036,2.7805220209125627,1.0,,,,,,,,,,,,,,,,,,,0.0,0.17409773439405296,2.3481954687881057,0.03419525381683383,2.416585976421773,1.0,,,,,,,,,,,,,,,,,,,0.0,0.17409773439405296,2.3481954687881057,0.03419525381683383,2.416585976421773,1.0,,,,,,,,,,,,,,,,,,,0.0,0.17409773439405296,2.3481954687881057,0.03419525381683383,2.416585976421773,1.0,,,,,,,,,,,,,,,,,,,0.0,0.17409773439405296,2.3481954687881057,0.03419525381683383,2.416585976421773,13.911082338002801
Charlie Gray,MID,Man City,4.5,0.00020571560229414037,0.0002314236255750877,0.9259259259259258,0.0,0.26,0.0,0.7584951456310679,0.10787486515641855,0.6506202804746494,Aston Villa,H,0.00020571560229414037,0.0002314236255750877,0.9259259259259258,,,,,,0.34758428919012857,0.30136986301369867,0.0348155808341951,,,,,,1.5431190732611355,0.921025978951761,,,0.7357389978313069,0.0,0.0,0.0,5.4171638881148665,0.0,,,,,,,,,,,,,,0.34758428919012857,0.30136986301369867,0.0348155808341951,,,0.0,0.26,0.0,0.0,0.0,0.0,,,,,,,,,,,,,,,,,,,0.0,0.26,0.0,0.0,0.0,0.0,,,,,,,,,,,,,,,,,,,0.0,0.26,0.0,0.0,0.0,0.0,,,,,,,,,,,,,,,,,,,0.0,0.26,0.0,0.0,0.0,0.0,,,,,,,,,,,,,,,,,,,0.0,0.26,0.0,0.0,0.0,0.0
Claudio Echeverri,MID,Man City,5.4,0.00020571560229414037,0.0002314236255750877,0.9259259259259258,0.0,0.26,0.0,0.7584951456310679,0.10787486515641855,0.6506202804746494,Aston Villa,H,0.00020571560229414037,0.0002314236255750877,0.9259259259259258,,,,,,0.34758428919012857,0.30136986301369867,0.0348155808341951,,,,,,1.5431190732611355,0.921025978951761,,,0.7357389978313069,0.0,0.0,0.0,5.4171638881148665,0.0,,,,,,,,,,,,,,0.34758428919012857,0.30136986301369867,0.0348155808341951,,,0.0,0.26,0.0,0.0,0.0,0.0,,,,,,,,,,,,,,,,,,,0.0,0.26,0.0,0.0,0.0,0.0,,,,,,,,,,,,,,,,,,,0.0,0.26,0.0,0.0,0.0,0.0,,,,,,,,,,,,,,,,,,,0.0,0.26,0.0,0.0,0.0,0.0,,,,,,,,,,,,,,,,,,,0.0,0.26,0.0,0.0,0.0,0.0
Divine Mukasa,MID,Man City,4.4,0.00020571560229414037,0.0002314236255750877,0.9259259259259258,0.0,0.26,0.0,0.7584951456310679,0.10787486515641855,0.6506202804746494,Aston Villa,H,0.00020571560229414037,0.0002314236255750877,0.9259259259259258,,,,,,0.34758428919012857,0.30136986301369867,0.0348155808341951,,,,,,1.5431190732611355,0.921025978951761,,,0.7357389978313069,0.0,0.0,0.0,5.4171638881148665,0.0,,,,,,,,,,,,,,0.34758428919012857,0.30136986301369867,0.0348155808341951,,,0.0,0.26,0.0,0.0,0.0,0.0,,,,,,,,,,,,,,,,,,,0.0,0.26,0.0,0.0,0.0,0.0,,,,,,,,,,,,,,,,,,,0.0,0.26,0.0,0.0,0.0,0.0,,,,,,,,,,,,,,,,,,,0.0,0.26,0.0,0.0,0.0,0.0,,,,,,,,,,,,,,,,,,,0.0,0.26,0.0,0.0,0.0,0.0
Ilkay Gundogan,MID,Man City,6.3,0.00020571560229414037,0.0002314236255750877,0.9259259259259258,0.0,0.26,0.0,0.7584951456310679,0.10787486515641855,0.6506202804746494,Aston Villa,H,0.00020571560229414037,0.0002314236255750877,0.9259259259259258,,,,,,0.34758428919012857,0.30136986301369867,0.0348155808341951,,,,,,1.5431190732611355,0.921025978951761,,,0.7357389978313069,0.0,0.0,0.0,5.4171638881148665,0.0,,,,,,,,,,,,,,0.34758428919012857,0.30136986301369867,0.0348155808341951,,,0.0,0.26,0.0,0.0,0.0,0.0,,,,,,,,,,,,,,,,,,,0.0,0.26,0.0,0.0,0.0,0.0,,,,,,,,,,,,,,,,,,,0.0,0.26,0.0,0.0,0.0,0.0,,,,,,,,,,,,,,,,,,,0.0,0.26,0.0,0.0,0.0,0.0,,,,,,,,,,,,,,,,,,,0.0,0.26,0.0,0.0,0.0,0.0
Jeremy Doku,MID,Man City,6.4,0.00020571560229414037,0.0002314236255750877,0.9259259259259258,0.0,0.07759610261687788,1.0,0.7584951456310679,0.10787486515641855,0.6506202804746494,Aston Villa,H,0.00020571560229414037,0.0002314236255750877,0.9259259259259258,0.31746031746031744,0.07936507936507936,0.01,0.38095238095238093,0.11904761904761904,0.34758428919012857,0.30136986301369867,0.0348155808341951,,,1.1171396446825217,1.2115486146536694,0.6584864152010517,1.5431190732611355,0.921025978951761,,,0.7357389978313069,5.560713002360393,0.10976009124152117,5.780233184843435,5.4171638881148665,1.0,,,,,,,,,,,,,,0.34758428919012857,0.30136986301369867,0.0348155808341951,,,0.0,0.07759610261687788,2.5027764944238844,0.03783130870183861,2.578439111827562,1.0,,,,,,,,,,,,,,,,,,,0.0,0.07759610261687788,2.1551922052337558,0.029655431051508408,2.2145030673367727,1.0,,,,,,,,,,,,,,,,,,,0.0,0.07759610261687788,2.1551922052337558,0.029655431051508408,2.2145030673367727,1.0,,,,,,,,,,,,,,,,,,,0.0,0.07759610261687788,2.1551922052337558,0.029655431051508408,2.2145030673367727,1.0,,,,,,,,,,,,,,,,,,,0.0,0.07759610261687788,2.1551922052337558,0.029655431051508408,2.2145030673367727,14.172515018439825
Kalvin Phillips,MID,Man City,4.7,0.00020571560229414037,0.0002314236255750877,0.9259259259259258,0.0,0.26,0.0,0.7584951456310679,0.10787486515641855,0.6506202804746494,Aston Villa,H,0.00020571560229414037,0.0002314236255750877,0.9259259259259258,,,,,,0.34758428919012857,0.30136986301369867,0.0348155808341951,,,,,,1.5431190732611355,0.921025978951761,,,0.7357389978313069,0.0,0.0,0.0,5.4171638881148665,0.0,,,,,,,,,,,,,,0.34758428919012857,0.30136986301369867,0.0348155808341951,,,0.0,0.26,0.0,0.0,0.0,0.0,,,,,,,,,,,,,,,,,,,0.0,0.26,0.0,0.0,0.0,0.0,,,,,,,,,,,,,,,,,,,0.0,0.26,0.0,0.0,0.0,0.0,,,,,,,,,,,,,,,,,,,0.0,0.26,0.0,0.0,0.0,0.0,,,,,,,,,,,,,,,,,,,0.0,0.26,0.0,0.0,0.0,0.0
Mateo Kovačić,MID,Man City,5.8,0.00020571560229414037,0.0002314236255750877,0.9259259259259258,0.0,0.26,0.0,0.7584951456310679,0.10787486515641855,0.6506202804746494,Aston Villa,H,0.00020571560229414037,0.0002314236255750877,0.9259259259259258,,,,,,0.34758428919012857,0.30136986301369867,0.0348155808341951,,,,,,1.5431190732611355,0.921025978951761,,,0.7357389978313069,0.0,0.0,0.0,5.4171638881148665,0.0,,,,,,,,,,,,,,0.34758428919012857,0.30136986301369867,0.0348155808341951,,,0.0,0.26,0.0,0.0,0.0,0.0,,,,,,,,,,,,,,,,,,,0.0,0.26,0.0,0.0,0.0,0.0,,,,,,,,,,,,,,,,,,,0.0,0.26,0.0,0.0,0.0,0.0,,,,,,,,,,,,,,,,,,,0.0,0.26,0.0,0.0,0.0,0.0,,,,,,,,,,,,,,,,,,,0.0,0.26,0.0,0.0,0.0,0.0
Nico Gonzalez,MID,Man City,5.9,0.00020571560229414037,0.0002314236255750877,0.9259259259259258,0.0,0.49620060714657144,0.0,0.7584951456310679,0.10787486515641855,0.6506202804746494,Aston Villa,H,0.00020571560229414037,0.0002314236255750877,0.9259259259259258,0.19047619047619047,0.026455026455026454,0.0,0.23809523809523808,0.18492834026814609,0.34758428919012857,0.30136986301369867,0.0348155808341951,,,0.6702837868095131,0.7572178841585434,1.0228915187589152,1.5431190732611355,0.921025978951761,,,0.7357389978313069,0.0,0.0,0.0,5.4171638881148665,0.0,,,,,,,,,,,,,,0.34758428919012857,0.30136986301369867,0.0348155808341951,,,0.0,0.49620060714657144,0.0,0.0,0.0,0.0,,,,,,,,,,,,,,,,,,,0.0,0.49620060714657144,0.0,0.0,0.0,0.0,,,,,,,,,,,,,,,,,,,0.0,0.49620060714657144,0.0,0.0,0.0,0.0,,,,,,,,,,,,,,,,,,,0.0,0.49620060714657144,0.0,0.0,0.0,0.0,,,,,,,,,,,,,,,,,,,0.0,0.49620060714657144,0.0,0.0,0.0,0.0
Omar Marmoush,MID,Man City,8.3,0.00020571560229414037,0.0002314236255750877,0.9259259259259258,0.0,0.06497669510746562,0.0,0.7584951456310679,0.10787486515641855,0.6506202804746494,Aston Villa,H,0.00020571560229414037,0.0002314236255750877,0.9259259259259258,0.5204267499349465,0.21164021164021163,0.01,0.3968253968253968,0.0992063492063492,0.34758428919012857,0.30136986301369867,0.0348155808341951,,,1.8313764666926582,1.2620298069309057,0.5487386793342097,1.5431190732611355,0.921025978951761,,,0.7357389978313069,0.0,0.0,0.0,5.4171638881148665,0.0,,,,,,,,,,,,,,0.34758428919012857,0.30136986301369867,0.0348155808341951,,,0.0,0.06497669510746562,0.0,0.0,0.0,0.0,,,,,,,,,,,,,,,,,,,0.0,0.06497669510746562,0.0,0.0,0.0,0.0,,,,,,,,,,,,,,,,,,,0.0,0.06497669510746562,0.0,0.0,0.0,0.0,,,,,,,,,,,,,,,,,,,0.0,0.06497669510746562,0.0,0.0,0.0,0.0,,,,,,,,,,,,,,,,,,,0.0,0.06497669510746562,0.0,0.0,0.0,0.0
Phil Foden,MID,Man City,8.2,0.00020571560229414037,0.0002314236255750877,0.9259259259259258,0.0,0.10221204037575271,1.0,0.7584951456310679,0.10787486515641855,0.6506202804746494,Aston Villa,H,0.00020571560229414037,0.0002314236255750877,0.9259259259259258,0.3968253968253968,0.11904761904761904,0.01,0.49862877088007973,0.12055455093429775,0.34758428919012857,0.30136986301369867,0.0348155808341951,,,1.396424555853152,1.5857966160388344,0.6668216862795459,1.5431190732611355,0.921025978951761,,,0.7357389978313069,6.556705211012654,0.13318781997343965,6.823080850959533,5.4171638881148665,1.0,,,,,,,,,,,,,,0.34758428919012857,0.30136986301369867,0.0348155808341951,,,0.0,0.10221204037575271,2.552008369941634,0.03898934087776712,2.629987051697168,1.0,,,,,,,,,,,,,,,,,,,0.0,0.10221204037575271,2.2044240807515054,0.030813463227436912,2.266051007206379,1.0,,,,,,,,,,,,,,,,,,,0.0,0.10221204037575271,2.2044240807515054,0.030813463227436912,2.266051007206379,1.0,,,,,,,,,,,,,,,,,,,0.0,0.10221204037575271,2.2044240807515054,0.030813463227436912,2.266051007206379,1.0,,,,,,,,,,,,,,,,,,,0.0,0.10221204037575271,2.2044240807515054,0.030813463227436912,2.266051007206379,15.403512665079989
Rayan Cherki,MID,Man City,6.5,0.00020571560229414037,0.0002314236255750877,0.9259259259259258,0.0,0.21532050018474214,1.0,0.7584951456310679,0.10787486515641855,0.6506202804746494,Aston Villa,H,0.00020571560229414037,0.0002314236255750877,0.9259259259259258,0.38095238095238093,0.10582010582010581,0.01,0.5537098560354374,0.11204481792717086,0.34758428919012857,0.30136986301369867,0.0348155808341951,,,1.3405675736190261,1.7609718236245195,0.6197519201892251,1.5431190732611355,0.921025978951761,,,0.7357389978313069,6.8111724736011885,0.13917339892404718,7.089519271449283,5.4171638881148665,1.0,,,,,,,,,,,,,,0.34758428919012857,0.30136986301369867,0.0348155808341951,,,0.0,0.21532050018474214,2.7782252895596127,0.04431041526102121,2.866846120081655,1.0,,,,,,,,,,,,,,,,,,,0.0,0.21532050018474214,2.4306410003694845,0.03613453761069102,2.5029100755908664,1.0,,,,,,,,,,,,,,,,,,,0.0,0.21532050018474214,2.4306410003694845,0.03613453761069102,2.5029100755908664,1.0,,,,,,,,,,,,,,,,,,,0.0,0.21532050018474214,2.4306410003694845,0.03613453761069102,2.5029100755908664,1.0,,,,,,,,,,,,,,,,,,,0.0,0.21532050018474214,2.4306410003694845,0.03613453761069102,2.5029100755908664,16.534486685173118
Reigan Heskey,MID,Man City,4.5,0.00020571560229414037,0.0002314236255750877,0.9259259259259258,0.0,0.26,0.0,0.7584951456310679,0.10787486515641855,0.6506202804746494,Aston Villa,H,0.00020571560229414037,0.0002314236255750877,0.9259259259259258,,,,,,0.34758428919012857,0.30136986301369867,0.0348155808341951,,,,,,1.5431190732611355,0.921025978951761,,,0.7357389978313069,0.0,0.0,0.0,5.4171638881148665,0.0,,,,,,,,,,,,,,0.34758428919012857,0.30136986301369867,0.0348155808341951,,,0.0,0.26,0.0,0.0,0.0,0.0,,,,,,,,,,,,,,,,,,,0.0,0.26,0.0,0.0,0.0,0.0,,,,,,,,,,,,,,,,,,,0.0,0.26,0.0,0.0,0.0,0.0,,,,,,,,,,,,,,,,,,,0.0,0.26,0.0,0.0,0.0,0.0,,,,,,,,,,,,,,,,,,,0.0,0.26,0.0,0.0,0.0,0.0
Rodri,MID,Man City,6.3,0.00020571560229414037,0.0002314236255750877,0.9259259259259258,0.0,0.5699278486773194,0.0,0.7584951456310679,0.10787486515641855,0.6506202804746494,Aston Villa,H,0.00020571560229414037,0.0002314236255750877,0.9259259259259258,0.15873015873015872,0.020703933747412008,0.0,0.2801120448179272,0.1511715797430083,0.34758428919012857,0.30136986301369867,0.0348155808341951,,,0.5585698223412608,0.8908445695982864,0.836173225652129,1.5431190732611355,0.921025978951761,,,0.7357389978313069,0.0,0.0,0.0,5.4171638881148665,0.0,,,,,,,,,,,,,,0.34758428919012857,0.30136986301369867,0.0348155808341951,,,0.0,0.5699278486773194,0.0,0.0,0.0,0.0,,,,,,,,,,,,,,,,,,,0.0,0.5699278486773194,0.0,0.0,0.0,0.0,,,,,,,,,,,,,,,,,,,0.0,0.5699278486773194,0.0,0.0,0.0,0.0,,,,,,,,,,,,,,,,,,,0.0,0.5699278486773194,0.0,0.0,0.0,0.0,,,,,,,,,,,,,,,,,,,0.0,0.5699278486773194,0.0,0.0,0.0,0.0
Ryan McAidoo,MID,Man City,4.5,0.00020571560229414037,0.0002314236255750877,0.9259259259259258,0.0,0.26,0.0,0.7584951456310679,0.10787486515641855,0.6506202804746494,Aston Villa,H,0.00020571560229414037,0.0002314236255750877,0.9259259259259258,,,,,,0.34758428919012857,0.30136986301369867,0.0348155808341951,,,,,,1.5431190732611355,0.921025978951761,,,0.7357389978313069,0.0,0.0,0.0,5.4171638881148665,0.0,,,,,,,,,,,,,,0.34758428919012857,0.30136986301369867,0.0348155808341951,,,0.0,0.26,0.0,0.0,0.0,0.0,,,,,,,,,,,,,,,,,,,0.0,0.26,0.0,0.0,0.0,0.0,,,,,,,,,,,,,,,,,,,0.0,0.26,0.0,0.0,0.0,0.0,,,,,,,,,,,,,,,,,,,0.0,0.26,0.0,0.0,0.0,0.0,,,,,,,,,,,,,,,,,,,0.0,0.26,0.0,0.0,0.0,0.0
Savinho,MID,Man City,6.9,0.00020571560229414037,0.0002314236255750877,0.9259259259259258,0.0,0.13985914818700262,0.0,0.7584951456310679,0.10787486515641855,0.6506202804746494,Aston Villa,H,0.00020571560229414037,0.0002314236255750877,0.9259259259259258,0.31746031746031744,0.07936507936507936,0.01,0.42328042328042326,0.11904761904761904,0.34758428919012857,0.30136986301369867,0.0348155808341951,,,1.1171396446825217,1.346165127392966,0.6584864152010517,1.5431190732611355,0.921025978951761,,,0.7357389978313069,0.0,0.0,0.0,5.4171638881148665,0.0,,,,,,,,,,,,,,0.34758428919012857,0.30136986301369867,0.0348155808341951,,,0.0,0.13985914818700262,0.0,0.0,0.0,0.0,,,,,,,,,,,,,,,,,,,0.0,0.13985914818700262,0.0,0.0,0.0,0.0,,,,,,,,,,,,,,,,,,,0.0,0.13985914818700262,0.0,0.0,0.0,0.0,,,,,,,,,,,,,,,,,,,0.0,0.13985914818700262,0.0,0.0,0.0,0.0,,,,,,,,,,,,,,,,,,,0.0,0.13985914818700262,0.0,0.0,0.0,0.0
Sverre Nypan,MID,Man City,5.0,0.00020571560229414037,0.0002314236255750877,0.9259259259259258,0.0,0.26,0.0,0.7584951456310679,0.10787486515641855,0.6506202804746494,Aston Villa,H,0.00020571560229414037,0.0002314236255750877,0.9259259259259258,,,,,,0.34758428919012857,0.30136986301369867,0.0348155808341951,,,,,,1.5431190732611355,0.921025978951761,,,0.7357389978313069,0.0,0.0,0.0,5.4171638881148665,0.0,,,,,,,,,,,,,,0.34758428919012857,0.30136986301369867,0.0348155808341951,,,0.0,0.26,0.0,0.0,0.0,0.0,,,,,,,,,,,,,,,,,,,0.0,0.26,0.0,0.0,0.0,0.0,,,,,,,,,,,,,,,,,,,0.0,0.26,0.0,0.0,0.0,0.0,,,,,,,,,,,,,,,,,,,0.0,0.26,0.0,0.0,0.0,0.0,,,,,,,,,,,,,,,,,,,0.0,0.26,0.0,0.0,0.0,0.0
Tijjani Reijnders,MID,Man City,5.1,0.00020571560229414037,0.0002314236255750877,0.9259259259259258,0.0,0.05776574580798932,0.0,0.7584951456310679,0.10787486515641855,0.6506202804746494,Aston Villa,H,0.00020571560229414037,0.0002314236255750877,0.9259259259259258,0.33068783068783064,0.08658008658008658,0.01,0.31746031746031744,0.12870012870012867,0.34758428919012857,0.30136986301369867,0.0348155808341951,,,1.1636871298776268,1.0096238455447246,0.7118772056227585,1.5431190732611355,0.921025978951761,,,0.7357389978313069,0.0,0.0,0.0,5.4171638881148665,0.0,,,,,,,,,,,,,,0.34758428919012857,0.30136986301369867,0.0348155808341951,,,0.0,0.05776574580798932,0.0,0.0,0.0,0.0,,,,,,,,,,,,,,,,,,,0.0,0.05776574580798932,0.0,0.0,0.0,0.0,,,,,,,,,,,,,,,,,,,0.0,0.05776574580798932,0.0,0.0,0.0,0.0,,,,,,,,,,,,,,,,,,,0.0,0.05776574580798932,0.0,0.0,0.0,0.0,,,,,,,,,,,,,,,,,,,0.0,0.05776574580798932,0.0,0.0,0.0,0.0
Erling Haaland,FWD,Man City,14.8,0.00020571560229414037,0.0002314236255750877,0.9259259259259258,0.0,0.0,1.0,0.7584951456310679,0.10787486515641855,0.6506202804746494,Aston Villa,H,0.00020571560229414037,0.0002314236255750877,0.9259259259259258,0.6802721088435374,0.33068783068783064,0.11,0.33068783068783064,0.0942951438000943,0.34758428919012857,0.30136986301369867,0.0348155808341951,,,1.317149980913865,1.1402470477147346,0.6407190041977846,1.5652384524918215,0.9481305316738411,,,0.7314393287309515,7.38160810638887,0.152591185878479,7.686790478145828,5.576371294803108,1.0,,,,,,,,,,,,,,0.34758428919012857,0.30136986301369867,0.0348155808341951,,,0.0,0.0,2.0,0.026005000000000004,2.05201,1.0,,,,,,,,,,,,,,,,,,,0.0,0.0,2.0,0.026005000000000004,2.05201,1.0,,,,,,,,,,,,,,,,,,,0.0,0.0,2.0,0.026005000000000004,2.05201,1.0,,,,,,,,,,,,,,,,,,,0.0,0.0,2.0,0.026005000000000004,2.05201,1.0,,,,,,,,,,,,,,,,,,,0.0,0.0,2.0,0.026005000000000004,2.05201,15.176626978145826
Altay Bayindir,GK,Man Utd,4.7,0.00020571560229414037,0.0002314236255750877,0.9259259259259258,0.0,0.0,0.0,0.25549310168625444,0.5393743257820928,-0.2838812240958383,Brighton,A,0.0002314236255750877,0.0002314236255750877,0.15500081579376732,,,,,,0.13802622498274672,0.6072351421188631,0.149519890260631,0.6802721088435374,0.19047619047619047,,,,1.1987308349708161,1.417710896001274,1.075839482652439,1.1385880336073992,0.7190878160289428,0.0,0.0,0.0,2.3424109067652465,0.0,,,,,,,,,,,,,,0.13802622498274672,0.6072351421188631,0.149519890260631,,,0.0,0.0,0.0,0.0,0.0,0.0,,,,,,,,,,,,,,,,,,,0.0,0.0,0.0,0.0,0.0,0.0,,,,,,,,,,,,,,,,,,,0.0,0.0,0.0,0.0,0.0,0.0,,,,,,,,,,,,,,,,,,,0.0,0.0,0.0,0.0,0.0,0.0,,,,,,,,,,,,,,,,,,,0.0,0.0,0.0,0.0,0.0,0.0
Andre Onana,GK,Man Utd,4.9,0.00020571560229414037,0.0002314236255750877,0.9259259259259258,0.0,0.0,0.0,0.25549310168625444,0.5393743257820928,-0.2838812240958383,Brighton,A,0.0002314236255750877,0.0002314236255750877,0.15500081579376732,,,,,,0.13802622498274672,0.6072351421188631,0.149519890260631,0.6802721088435374,0.19047619047619047,,,,1.1987308349708161,1.417710896001274,1.075839482652439,1.1385880336073992,0.7190878160289428,0.0,0.0,0.0,2.3424109067652465,0.0,,,,,,,,,,,,,,0.13802622498274672,0.6072351421188631,0.149519890260631,,,0.0,0.0,0.0,0.0,0.0,0.0,,,,,,,,,,,,,,,,,,,0.0,0.0,0.0,0.0,0.0,0.0,,,,,,,,,,,,,,,,,,,0.0,0.0,0.0,0.0,0.0,0.0,,,,,,,,,,,,,,,,,,,0.0,0.0,0.0,0.0,0.0,0.0,,,,,,,,,,,,,,,,,,,0.0,0.0,0.0,0.0,0.0,0.0
Dermot Mee,GK,Man Utd,3.9,0.00020571560229414037,0.0002314236255750877,0.9259259259259258,0.0,0.0,0.0,0.25549310168625444,0.5393743257820928,-0.2838812240958383,Brighton,A,0.0002314236255750877,0.0002314236255750877,0.15500081579376732,,,,,,0.13802622498274672,0.6072351421188631,0.149519890260631,0.6802721088435374,0.19047619047619047,,,,1.1987308349708161,1.417710896001274,1.075839482652439,1.1385880336073992,0.7190878160289428,0.0,0.0,0.0,2.3424109067652465,0.0,,,,,,,,,,,,,,0.13802622498274672,0.6072351421188631,0.149519890260631,,,0.0,0.0,0.0,0.0,0.0,0.0,,,,,,,,,,,,,,,,,,,0.0,0.0,0.0,0.0,0.0,0.0,,,,,,,,,,,,,,,,,,,0.0,0.0,0.0,0.0,0.0,0.0,,,,,,,,,,,,,,,,,,,0.0,0.0,0.0,0.0,0.0,0.0,,,,,,,,,,,,,,,,,,,0.0,0.0,0.0,0.0,0.0,0.0
Elyh Harrison,GK,Man Utd,4.0,0.00020571560229414037,0.0002314236255750877,0.9259259259259258,0.0,0.0,0.0,0.25549310168625444,0.5393743257820928,-0.2838812240958383,Brighton,A,0.0002314236255750877,0.0002314236255750877,0.15500081579376732,,,,,,0.13802622498274672,0.6072351421188631,0.149519890260631,0.6802721088435374,0.19047619047619047,,,,1.1987308349708161,1.417710896001274,1.075839482652439,1.1385880336073992,0.7190878160289428,0.0,0.0,0.0,2.3424109067652465,0.0,,,,,,,,,,,,,,0.13802622498274672,0.6072351421188631,0.149519890260631,,,0.0,0.0,0.0,0.0,0.0,0.0,,,,,,,,,,,,,,,,,,,0.0,0.0,0.0,0.0,0.0,0.0,,,,,,,,,,,,,,,,,,,0.0,0.0,0.0,0.0,0.0,0.0,,,,,,,,,,,,,,,,,,,0.0,0.0,0.0,0.0,0.0,0.0,,,,,,,,,,,,,,,,,,,0.0,0.0,0.0,0.0,0.0,0.0
Senne Lammens,GK,Man Utd,5.0,0.00020571560229414037,0.0002314236255750877,0.9259259259259258,0.0,0.0,1.0,0.25549310168625444,0.5393743257820928,-0.2838812240958383,Brighton,A,0.0002314236255750877,0.0002314236255750877,0.15500081579376732,,,,,,0.13802622498274672,0.6072351421188631,0.149519890260631,0.6802721088435374,0.19047619047619047,,,,1.1987308349708161,1.417710896001274,1.075839482652439,1.1385880336073992,0.7190878160289428,1.9093431344917269,0.023872569209514406,1.9570882729107557,2.3424109067652465,1.0,,,,,,,,,,,,,,0.13802622498274672,0.6072351421188631,0.149519890260631,,,0.0,0.0,1.038594835171999,0.00339082771291576,1.0453764905978304,1.0,,,,,,,,,,,,,,,,,,,0.0,0.0,2.0,0.026005000000000004,2.05201,1.0,,,,,,,,,,,,,,,,,,,0.0,0.0,2.0,0.026005000000000004,2.05201,1.0,,,,,,,,,,,,,,,,,,,0.0,0.0,2.0,0.026005000000000004,2.05201,1.0,,,,,,,,,,,,,,,,,,,0.0,0.0,2.0,0.026005000000000004,2.05201,8.591286289918912
Tom Heaton,GK,Man Utd,3.9,0.00020571560229414037,0.0002314236255750877,0.9259259259259258,0.0,0.0,0.0,0.25549310168625444,0.5393743257820928,-0.2838812240958383,Brighton,A,0.0002314236255750877,0.0002314236255750877,0.15500081579376732,,,,,,0.13802622498274672,0.6072351421188631,0.149519890260631,0.6802721088435374,0.19047619047619047,,,,1.1987308349708161,1.417710896001274,1.075839482652439,1.1385880336073992,0.7190878160289428,0.0,0.0,0.0,2.3424109067652465,0.0,,,,,,,,,,,,,,0.13802622498274672,0.6072351421188631,0.149519890260631,,,0.0,0.0,0.0,0.0,0.0,0.0,,,,,,,,,,,,,,,,,,,0.0,0.0,0.0,0.0,0.0,0.0,,,,,,,,,,,,,,,,,,,0.0,0.0,0.0,0.0,0.0,0.0,,,,,,,,,,,,,,,,,,,0.0,0.0,0.0,0.0,0.0,0.0,,,,,,,,,,,,,,,,,,,0.0,0.0,0.0,0.0,0.0,0.0
Ayden Heaven,DEF,Man Utd,3.7,0.00020571560229414037,0.0002314236255750877,0.9259259259259258,0.5046713485219598,0.0,0.0,0.25549310168625444,0.5393743257820928,-0.2838812240958383,Brighton,A,0.0002314236255750877,0.0002314236255750877,0.15500081579376732,0.06802721088435373,0.004738213693437574,0.0,,0.23809523809523808,0.13802622498274672,0.6072351421188631,0.149519890260631,,,0.9419977585146203,,0.9472275747927001,1.2003120217260275,1.4209602595023243,,,0.717278206162925,0.0,0.0,0.0,2.833241134494765,0.0,,,,,,,,,,,,,,0.13802622498274672,0.6072351421188631,0.149519890260631,,,0.5046713485219598,0.0,0.0,0.0,0.0,0.0,,,,,,,,,,,,,,,,,,,0.5046713485219598,0.0,0.0,0.0,0.0,0.0,,,,,,,,,,,,,,,,,,,0.5046713485219598,0.0,0.0,0.0,0.0,0.0,,,,,,,,,,,,,,,,,,,0.5046713485219598,0.0,0.0,0.0,0.0,0.0,,,,,,,,,,,,,,,,,,,0.5046713485219598,0.0,0.0,0.0,0.0,0.0
Diego León Blanco,DEF,Man Utd,4.2,0.00020571560229414037,0.0002314236255750877,0.9259259259259258,0.44,0.0,0.0,0.25549310168625444,0.5393743257820928,-0.2838812240958383,Brighton,A,0.0002314236255750877,0.0002314236255750877,0.15500081579376732,,,,,,0.13802622498274672,0.6072351421188631,0.149519890260631,,,,,,1.2003120217260275,1.4209602595023243,,,0.717278206162925,0.0,0.0,0.0,2.833241134494765,0.0,,,,,,,,,,,,,,0.13802622498274672,0.6072351421188631,0.149519890260631,,,0.44,0.0,0.0,0.0,0.0,0.0,,,,,,,,,,,,,,,,,,,0.44,0.0,0.0,0.0,0.0,0.0,,,,,,,,,,,,,,,,,,,0.44,0.0,0.0,0.0,0.0,0.0,,,,,,,,,,,,,,,,,,,0.44,0.0,0.0,0.0,0.0,0.0,,,,,,,,,,,,,,,,,,,0.44,0.0,0.0,0.0,0.0,0.0
Diogo Dalot,DEF,Man Utd,4.5,0.00020571560229414037,0.0002314236255750877,0.9259259259259258,0.17564647817942936,0.0,1.0,0.25549310168625444,0.5393743257820928,-0.2838812240958383,Brighton,A,0.0002314236255750877,0.0002314236255750877,0.15500081579376732,0.07326007326007326,0.004738213693437574,0.0,,0.19047619047619047,0.13802622498274672,0.6072351421188631,0.149519890260631,,,1.0144591245542065,,0.7577820598341601,1.2003120217260275,1.4209602595023243,,,0.717278206162925,1.6674013227757323,0.01818161391433078,1.703764550604394,2.833241134494765,1.0,,,,,,,,,,,,,,0.13802622498274672,0.6072351421188631,0.149519890260631,,,0.17564647817942936,0.0,1.3898877915308576,0.011653940632388834,1.4131956727956352,1.0,,,,,,,,,,,,,,,,,,,0.17564647817942936,0.0,2.3512929563588587,0.034268112919473084,2.419829182197805,1.0,,,,,,,,,,,,,,,,,,,0.17564647817942936,0.0,2.3512929563588587,0.034268112919473084,2.419829182197805,1.0,,,,,,,,,,,,,,,,,,,0.17564647817942936,0.0,2.3512929563588587,0.034268112919473084,2.419829182197805,1.0,,,,,,,,,,,,,,,,,,,0.17564647817942936,0.0,2.3512929563588587,0.034268112919473084,2.419829182197805,9.680502582634537
Godwill Kukonki,DEF,Man Utd,4.0,0.00020571560229414037,0.0002314236255750877,0.9259259259259258,0.44,0.0,0.0,0.25549310168625444,0.5393743257820928,-0.2838812240958383,Brighton,A,0.0002314236255750877,0.0002314236255750877,0.15500081579376732,0.06349206349206349,0.004738213693437574,0.0,,0.1885902876001886,0.13802622498274672,0.6072351421188631,0.149519890260631,,,0.8791979079469789,,0.7502792671625348,1.2003120217260275,1.4209602595023243,,,0.717278206162925,0.0,0.0,0.0,2.833241134494765,0.0,,,,,,,,,,,,,,0.13802622498274672,0.6072351421188631,0.149519890260631,,,0.44,0.0,0.0,0.0,0.0,0.0,,,,,,,,,,,,,,,,,,,0.44,0.0,0.0,0.0,0.0,0.0,,,,,,,,,,,,,,,,,,,0.44,0.0,0.0,0.0,0.0,0.0,,,,,,,,,,,,,,,,,,,0.44,0.0,0.0,0.0,0.0,0.0,,,,,,,,,,,,,,,,,,,0.44,0.0,0.0,0.0,0.0,0.0
Harry Amass,DEF,Man Utd,4.0,0.00020571560229414037,0.0002314236255750877,0.9259259259259258,0.44,0.0,0.0,0.25549310168625444,0.5393743257820928,-0.2838812240958383,Brighton,A,0.0002314236255750877,0.0002314236255750877,0.15500081579376732,,,,,,0.13802622498274672,0.6072351421188631,0.149519890260631,,,,,,1.2003120217260275,1.4209602595023243,,,0.717278206162925,0.0,0.0,0.0,2.833241134494765,0.0,,,,,,,,,,,,,,0.13802622498274672,0.6072351421188631,0.149519890260631,,,0.44,0.0,0.0,0.0,0.0,0.0,,,,,,,,,,,,,,,,,,,0.44,0.0,0.0,0.0,0.0,0.0,,,,,,,,,,,,,,,,,,,0.44,0.0,0.0,0.0,0.0,0.0,,,,,,,,,,,,,,,,,,,0.44,0.0,0.0,0.0,0.0,0.0,,,,,,,,,,,,,,,,,,,0.44,0.0,0.0,0.0,0.0,0.0
Harry Maguire,DEF,Man Utd,4.3,0.00020571560229414037,0.0002314236255750877,0.9259259259259258,0.2697454143994652,0.0,1.0,0.25549310168625444,0.5393743257820928,-0.2838812240958383,Brighton,A,0.0002314236255750877,0.0002314236255750877,0.15500081579376732,0.06802721088435373,0.004738213693437574,0.0,,0.2616431187859759,0.13802622498274672,0.6072351421188631,0.149519890260631,,,0.9419977585146203,,1.040909422849121,1.2003120217260275,1.4209602595023243,,,0.717278206162925,1.7530350926517013,0.020195891449353322,1.793426875550408,2.833241134494765,1.0,,,,,,,,,,,,,,0.13802622498274672,0.6072351421188631,0.149519890260631,,,0.2697454143994652,0.0,1.5780856639709293,0.016080730987924206,1.6102471259467777,1.0,,,,,,,,,,,,,,,,,,,0.2697454143994652,0.0,2.5394908287989306,0.03869490327500845,2.6168806353489473,1.0,,,,,,,,,,,,,,,,,,,0.2697454143994652,0.0,2.5394908287989306,0.03869490327500845,2.6168806353489473,1.0,,,,,,,,,,,,,,,,,,,0.2697454143994652,0.0,2.5394908287989306,0.03869490327500845,2.6168806353489473,1.0,,,,,,,,,,,,,,,,,,,0.2697454143994652,0.0,2.5394908287989306,0.03869490327500845,2.6168806353489473,10.48940271158222
Leny Yoro,DEF,Man Utd,4.1,0.00020571560229414037,0.0002314236255750877,0.9259259259259258,0.2958756962202952,0.0,0.0,0.25549310168625444,0.5393743257820928,-0.2838812240958383,Brighton,A,0.0002314236255750877,0.0002314236255750877,0.15500081579376732,0.06349206349206349,0.004738213693437574,0.0,,0.1747487986020096,0.13802622498274672,0.6072351421188631,0.149519890260631,,,0.8791979079469789,,0.695212898930422,1.2003120217260275,1.4209602595023243,,,0.717278206162925,0.0,0.0,0.0,2.833241134494765,0.0,,,,,,,,,,,,,,0.13802622498274672,0.6072351421188631,0.149519890260631,,,0.2958756962202952,0.0,0.0,0.0,0.0,0.0,,,,,,,,,,,,,,,,,,,0.2958756962202952,0.0,0.0,0.0,0.0,0.0,,,,,,,,,,,,,,,,,,,0.2958756962202952,0.0,0.0,0.0,0.0,0.0,,,,,,,,,,,,,,,,,,,0.2958756962202952,0.0,0.0,0.0,0.0,0.0,,,,,,,,,,,,,,,,,,,0.2958756962202952,0.0,0.0,0.0,0.0,0.0
Lisandro Martinez,DEF,Man Utd,4.8,0.00020571560229414037,0.0002314236255750877,0.9259259259259258,0.2767559506679861,0.0,1.0,0.25549310168625444,0.5393743257820928,-0.2838812240958383,Brighton,A,0.0002314236255750877,0.0002314236255750877,0.15500081579376732,0.06349206349206349,0.004738213693437574,0.0,,0.1885902876001886,0.13802622498274672,0.6072351421188631,0.149519890260631,,,0.8791979079469789,,0.7502792671625348,1.2003120217260275,1.4209602595023243,,,0.717278206162925,1.812898112020789,0.021603989390953,1.856106090802695,2.833241134494765,1.0,,,,,,,,,,,,,,0.13802622498274672,0.6072351421188631,0.149519890260631,,,0.2767559506679861,0.0,1.592106736507971,0.016410534656140497,1.624927805820252,1.0,,,,,,,,,,,,,,,,,,,0.2767559506679861,0.0,2.5535119013359724,0.03902470694322474,2.631561315222422,1.0,,,,,,,,,,,,,,,,,,,0.2767559506679861,0.0,2.5535119013359724,0.03902470694322474,2.631561315222422,1.0,,,,,,,,,,,,,,,,,,,0.2767559506679861,0.0,2.5535119013359724,0.03902470694322474,2.631561315222422,1.0,,,,,,,,,,,,,,,,,,,0.2767559506679861,0.0,2.5535119013359724,0.03902470694322474,2.631561315222422,10.60566640837269
Luke Shaw,DEF,Man Utd,4.5,0.00020571560229414037,0.0002314236255750877,0.9259259259259258,0.1497582659062393,0.0,1.0,0.25549310168625444,0.5393743257820928,-0.2838812240958383,Brighton,A,0.0002314236255750877,0.0002314236255750877,0.15500081579376732,0.06802721088435373,0.004738213693437574,0.0,,0.2736726874657909,0.13802622498274672,0.6072351421188631,0.149519890260631,,,0.9419977585146203,,1.088767327347931,1.2003120217260275,1.4209602595023243,,,0.717278206162925,1.5010312269854347,0.014268256521151396,1.5295677400277374,2.833241134494765,1.0,,,,,,,,,,,,,,0.13802622498274672,0.6072351421188631,0.149519890260631,,,0.1497582659062393,0.0,1.3381113669844775,0.010436055574208885,1.3589834781328953,1.0,,,,,,,,,,,,,,,,,,,0.1497582659062393,0.0,2.2995165318124786,0.03305022786129312,2.365616987535065,1.0,,,,,,,,,,,,,,,,,,,0.1497582659062393,0.0,2.2995165318124786,0.03305022786129312,2.365616987535065,1.0,,,,,,,,,,,,,,,,,,,0.1497582659062393,0.0,2.2995165318124786,0.03305022786129312,2.365616987535065,1.0,,,,,,,,,,,,,,,,,,,0.1497582659062393,0.0,2.2995165318124786,0.03305022786129312,2.365616987535065,9.30843126153888
Matthijs de Ligt,DEF,Man Utd,4.9,0.00020571560229414037,0.0002314236255750877,0.9259259259259258,0.33924669580851563,0.0,0.0,0.25549310168625444,0.5393743257820928,-0.2838812240958383,Brighton,A,0.0002314236255750877,0.0002314236255750877,0.15500081579376732,,,,,,0.13802622498274672,0.6072351421188631,0.149519890260631,,,,,,1.2003120217260275,1.4209602595023243,,,0.717278206162925,0.0,0.0,0.0,2.833241134494765,0.0,,,,,,,,,,,,,,0.13802622498274672,0.6072351421188631,0.149519890260631,,,0.33924669580851563,0.0,0.0,0.0,0.0,0.0,,,,,,,,,,,,,,,,,,,0.33924669580851563,0.0,0.0,0.0,0.0,0.0,,,,,,,,,,,,,,,,,,,0.33924669580851563,0.0,0.0,0.0,0.0,0.0,,,,,,,,,,,,,,,,,,,0.33924669580851563,0.0,0.0,0.0,0.0,0.0,,,,,,,,,,,,,,,,,,,0.33924669580851563,0.0,0.0,0.0,0.0,0.0
Noussair Mazraoui,DEF,Man Utd,4.9,0.00020571560229414037,0.0002314236255750877,0.9259259259259258,0.4478292968206872,0.0,0.0,0.25549310168625444,0.5393743257820928,-0.2838812240958383,Brighton,A,0.0002314236255750877,0.0002314236255750877,0.15500081579376732,0.05291005291005291,0.004738213693437574,0.0,,0.21164021164021163,0.13802622498274672,0.6072351421188631,0.149519890260631,,,0.7326649232891491,,0.8419800664824001,1.2003120217260275,1.4209602595023243,,,0.717278206162925,0.0,0.0,0.0,2.833241134494765,0.0,,,,,,,,,,,,,,0.13802622498274672,0.6072351421188631,0.149519890260631,,,0.4478292968206872,0.0,0.0,0.0,0.0,0.0,,,,,,,,,,,,,,,,,,,0.4478292968206872,0.0,0.0,0.0,0.0,0.0,,,,,,,,,,,,,,,,,,,0.4478292968206872,0.0,0.0,0.0,0.0,0.0,,,,,,,,,,,,,,,,,,,0.4478292968206872,0.0,0.0,0.0,0.0,0.0,,,,,,,,,,,,,,,,,,,0.4478292968206872,0.0,0.0,0.0,0.0,0.0
Patrick Dorgu,DEF,Man Utd,4.3,0.00020571560229414037,0.0002314236255750877,0.9259259259259258,0.20155900710908292,0.0,0.0,0.25549310168625444,0.5393743257820928,-0.2838812240958383,Brighton,A,0.0002314236255750877,0.0002314236255750877,0.15500081579376732,0.19047619047619047,0.026455026455026454,0.0,,0.20050125313283207,0.13802622498274672,0.6072351421188631,0.149519890260631,,,2.637593723840937,,0.7976653261412212,1.2003120217260275,1.4209602595023243,,,0.717278206162925,0.0,0.0,0.0,2.833241134494765,0.0,,,,,,,,,,,,,,0.13802622498274672,0.6072351421188631,0.149519890260631,,,0.20155900710908292,0.0,0.0,0.0,0.0,0.0,,,,,,,,,,,,,,,,,,,0.20155900710908292,0.0,0.0,0.0,0.0,0.0,,,,,,,,,,,,,,,,,,,0.20155900710908292,0.0,0.0,0.0,0.0,0.0,,,,,,,,,,,,,,,,,,,0.20155900710908292,0.0,0.0,0.0,0.0,0.0,,,,,,,,,,,,,,,,,,,0.20155900710908292,0.0,0.0,0.0,0.0,0.0
Tyler Fredricson,DEF,Man Utd,3.8,0.00020571560229414037,0.0002314236255750877,0.9259259259259258,0.44,0.0,0.0,0.25549310168625444,0.5393743257820928,-0.2838812240958383,Brighton,A,0.0002314236255750877,0.0002314236255750877,0.15500081579376732,0.05602240896358543,0.004738213693437574,0.0,,0.16563146997929606,0.13802622498274672,0.6072351421188631,0.149519890260631,,,0.7757628599532167,,0.6589409215949219,1.2003120217260275,1.4209602595023243,,,0.717278206162925,0.0,0.0,0.0,2.833241134494765,0.0,,,,,,,,,,,,,,0.13802622498274672,0.6072351421188631,0.149519890260631,,,0.44,0.0,0.0,0.0,0.0,0.0,,,,,,,,,,,,,,,,,,,0.44,0.0,0.0,0.0,0.0,0.0,,,,,,,,,,,,,,,,,,,0.44,0.0,0.0,0.0,0.0,0.0,,,,,,,,,,,,,,,,,,,0.44,0.0,0.0,0.0,0.0,0.0,,,,,,,,,,,,,,,,,,,0.44,0.0,0.0,0.0,0.0,0.0
Tyrell Malacia,DEF,Man Utd,3.8,0.00020571560229414037,0.0002314236255750877,0.9259259259259258,0.44,0.0,0.0,0.25549310168625444,0.5393743257820928,-0.2838812240958383,Brighton,A,0.0002314236255750877,0.0002314236255750877,0.15500081579376732,0.07326007326007326,0.004738213693437574,0.0,,0.22675736961451246,0.13802622498274672,0.6072351421188631,0.149519890260631,,,1.0144591245542065,,0.9021214998025715,1.2003120217260275,1.4209602595023243,,,0.717278206162925,0.0,0.0,0.0,2.833241134494765,0.0,,,,,,,,,,,,,,0.13802622498274672,0.6072351421188631,0.149519890260631,,,0.44,0.0,0.0,0.0,0.0,0.0,,,,,,,,,,,,,,,,,,,0.44,0.0,0.0,0.0,0.0,0.0,,,,,,,,,,,,,,,,,,,0.44,0.0,0.0,0.0,0.0,0.0,,,,,,,,,,,,,,,,,,,0.44,0.0,0.0,0.0,0.0,0.0,,,,,,,,,,,,,,,,,,,0.44,0.0,0.0,0.0,0.0,0.0
Amad Diallo,MID,Man Utd,6.2,0.00020571560229414037,0.0002314236255750877,0.9259259259259258,0.0,0.1615530038403803,1.0,0.25549310168625444,0.5393743257820928,-0.2838812240958383,Brighton,A,0.0002314236255750877,0.0002314236255750877,0.15500081579376732,0.19047619047619047,0.026455026455026454,0.0,,0.17006802721088435,0.13802622498274672,0.6072351421188631,0.149519890260631,,,1.2993565982827586,,0.6827606396305359,1.197975911830966,1.420272013915455,,,0.7199402837558355,3.3757202901087076,0.058364692663937026,3.4924496754365815,3.894393222838602,1.0,,,,,,,,,,,,,,0.13802622498274672,0.6072351421188631,0.149519890260631,,,0.0,0.1615530038403803,2.4611322326635072,0.036851752376711025,2.5348357374169295,1.0,,,,,,,,,,,,,,,,,,,0.0,0.1615530038403803,2.3231060076807606,0.03360509951266685,2.3903162067060943,1.0,,,,,,,,,,,,,,,,,,,0.0,0.1615530038403803,2.3231060076807606,0.03360509951266685,2.3903162067060943,1.0,,,,,,,,,,,,,,,,,,,0.0,0.1615530038403803,2.3231060076807606,0.03360509951266685,2.3903162067060943,1.0,,,,,,,,,,,,,,,,,,,0.0,0.1615530038403803,2.3231060076807606,0.03360509951266685,2.3903162067060943,12.339945431018034
Antony dos Santos,MID,Man Utd,5.9,0.00020571560229414037,0.0002314236255750877,0.9259259259259258,0.0,0.26,0.0,0.25549310168625444,0.5393743257820928,-0.2838812240958383,Brighton,A,0.0002314236255750877,0.0002314236255750877,0.15500081579376732,,,,,,0.13802622498274672,0.6072351421188631,0.149519890260631,,,,,,1.197975911830966,1.420272013915455,,,0.7199402837558355,0.0,0.0,0.0,3.894393222838602,0.0,,,,,,,,,,,,,,0.13802622498274672,0.6072351421188631,0.149519890260631,,,0.0,0.26,0.0,0.0,0.0,0.0,,,,,,,,,,,,,,,,,,,0.0,0.26,0.0,0.0,0.0,0.0,,,,,,,,,,,,,,,,,,,0.0,0.26,0.0,0.0,0.0,0.0,,,,,,,,,,,,,,,,,,,0.0,0.26,0.0,0.0,0.0,0.0,,,,,,,,,,,,,,,,,,,0.0,0.26,0.0,0.0,0.0,0.0
Bendito Mantato,MID,Man Utd,4.5,0.00020571560229414037,0.0002314236255750877,0.9259259259259258,0.0,0.26,0.0,0.25549310168625444,0.5393743257820928,-0.2838812240958383,Brighton,A,0.0002314236255750877,0.0002314236255750877,0.15500081579376732,,,,,,0.13802622498274672,0.6072351421188631,0.149519890260631,,,,,,1.197975911830966,1.420272013915455,,,0.7199402837558355,0.0,0.0,0.0,3.894393222838602,0.0,,,,,,,,,,,,,,0.13802622498274672,0.6072351421188631,0.149519890260631,,,0.0,0.26,0.0,0.0,0.0,0.0,,,,,,,,,,,,,,,,,,,0.0,0.26,0.0,0.0,0.0,0.0,,,,,,,,,,,,,,,,,,,0.0,0.26,0.0,0.0,0.0,0.0,,,,,,,,,,,,,,,,,,,0.0,0.26,0.0,0.0,0.0,0.0,,,,,,,,,,,,,,,,,,,0.0,0.26,0.0,0.0,0.0,0.0
Bruno Fernandes,MID,Man Utd,9.8,0.00020571560229414037,0.0002314236255750877,0.9259259259259258,0.0,0.277435721847866,1.0,0.25549310168625444,0.5393743257820928,-0.2838812240958383,Brighton,A,0.0002314236255750877,0.0002314236255750877,0.15500081579376732,0.22675736961451246,0.041407867494824016,0.0,,0.19047619047619047,0.13802622498274672,0.6072351421188631,0.149519890260631,,,1.5468530931937603,,0.7646919163862003,1.197975911830966,1.420272013915455,,,0.7199402837558355,3.8432476637489708,0.0693618715467033,3.9819714068423773,3.894393222838602,1.0,,,,,,,,,,,,,,0.13802622498274672,0.6072351421188631,0.149519890260631,,,0.0,0.277435721847866,2.6928976686784787,0.042303338962655174,2.777504346603789,1.0,,,,,,,,,,,,,,,,,,,0.0,0.277435721847866,2.554871443695732,0.039056686098611015,2.632984815892954,1.0,,,,,,,,,,,,,,,,,,,0.0,0.277435721847866,2.554871443695732,0.039056686098611015,2.632984815892954,1.0,,,,,,,,,,,,,,,,,,,0.0,0.277435721847866,2.554871443695732,0.039056686098611015,2.632984815892954,1.0,,,,,,,,,,,,,,,,,,,0.0,0.277435721847866,2.554871443695732,0.039056686098611015,2.632984815892954,13.715207585955868
Bryan Mbeumo,MID,Man Utd,8.6,0.00020571560229414037,0.0002314236255750877,0.9259259259259258,0.0,0.0428028507405549,1.0,0.25549310168625444,0.5393743257820928,-0.2838812240958383,Brighton,A,0.0002314236255750877,0.0002314236255750877,0.15500081579376732,0.25396825396825395,0.047619047619047616,0.0,,0.14109347442680775,0.13802622498274672,0.6072351421188631,0.149519890260631,,,1.7324754643770115,,0.5664384565823706,1.197975911830966,1.420272013915455,,,0.7199402837558355,3.5904749599735566,0.063416152008498,3.7173072639905524,3.894393222838602,1.0,,,,,,,,,,,,,,0.13802622498274672,0.6072351421188631,0.149519890260631,,,0.0,0.0428028507405549,2.2236319264638564,0.031265270174282836,2.286162466812422,1.0,,,,,,,,,,,,,,,,,,,0.0,0.0428028507405549,2.08560570148111,0.028018617310238667,2.141642936101587,1.0,,,,,,,,,,,,,,,,,,,0.0,0.0428028507405549,2.08560570148111,0.028018617310238667,2.141642936101587,1.0,,,,,,,,,,,,,,,,,,,0.0,0.0428028507405549,2.08560570148111,0.028018617310238667,2.141642936101587,1.0,,,,,,,,,,,,,,,,,,,0.0,0.0428028507405549,2.08560570148111,0.028018617310238667,2.141642936101587,11.657145581865553
Casemiro,MID,Man Utd,5.6,0.00020571560229414037,0.0002314236255750877,0.9259259259259258,0.0,0.46111739946670216,0.0,0.25549310168625444,0.5393743257820928,-0.2838812240958383,Brighton,A,0.0002314236255750877,0.0002314236255750877,0.15500081579376732,,,,,,0.13802622498274672,0.6072351421188631,0.149519890260631,,,,,,1.197975911830966,1.420272013915455,,,0.7199402837558355,0.0,0.0,0.0,3.894393222838602,0.0,,,,,,,,,,,,,,0.13802622498274672,0.6072351421188631,0.149519890260631,,,0.0,0.46111739946670216,0.0,0.0,0.0,0.0,,,,,,,,,,,,,,,,,,,0.0,0.46111739946670216,0.0,0.0,0.0,0.0,,,,,,,,,,,,,,,,,,,0.0,0.46111739946670216,0.0,0.0,0.0,0.0,,,,,,,,,,,,,,,,,,,0.0,0.46111739946670216,0.0,0.0,0.0,0.0,,,,,,,,,,,,,,,,,,,0.0,0.46111739946670216,0.0,0.0,0.0,0.0
Jack Fletcher,MID,Man Utd,4.3,0.00020571560229414037,0.0002314236255750877,0.9259259259259258,0.0,0.26,0.0,0.25549310168625444,0.5393743257820928,-0.2838812240958383,Brighton,A,0.0002314236255750877,0.0002314236255750877,0.15500081579376732,0.13605442176870747,0.011757789535567312,0.0,,0.18674136321195145,0.13802622498274672,0.6072351421188631,0.149519890260631,,,0.9281118559162561,,0.7496979572413729,1.197975911830966,1.420272013915455,,,0.7199402837558355,0.0,0.0,0.0,3.894393222838602,0.0,,,,,,,,,,,,,,0.13802622498274672,0.6072351421188631,0.149519890260631,,,0.0,0.26,0.0,0.0,0.0,0.0,,,,,,,,,,,,,,,,,,,0.0,0.26,0.0,0.0,0.0,0.0,,,,,,,,,,,,,,,,,,,0.0,0.26,0.0,0.0,0.0,0.0,,,,,,,,,,,,,,,,,,,0.0,0.26,0.0,0.0,0.0,0.0,,,,,,,,,,,,,,,,,,,0.0,0.26,0.0,0.0,0.0,0.0
Jack Moorhouse,MID,Man Utd,4.5,0.00020571560229414037,0.0002314236255750877,0.9259259259259258,0.0,0.26,0.0,0.25549310168625444,0.5393743257820928,-0.2838812240958383,Brighton,A,0.0002314236255750877,0.0002314236255750877,0.15500081579376732,0.17316017316017315,0.020703933747412008,0.0,,0.2140181915462814,0.13802622498274672,0.6072351421188631,0.149519890260631,,,1.1812332711661442,,0.8592044004339328,1.197975911830966,1.420272013915455,,,0.7199402837558355,0.0,0.0,0.0,3.894393222838602,0.0,,,,,,,,,,,,,,0.13802622498274672,0.6072351421188631,0.149519890260631,,,0.0,0.26,0.0,0.0,0.0,0.0,,,,,,,,,,,,,,,,,,,0.0,0.26,0.0,0.0,0.0,0.0,,,,,,,,,,,,,,,,,,,0.0,0.26,0.0,0.0,0.0,0.0,,,,,,,,,,,,,,,,,,,0.0,0.26,0.0,0.0,0.0,0.0,,,,,,,,,,,,,,,,,,,0.0,0.26,0.0,0.0,0.0,0.0
Jayce Fitzgerald,MID,Man Utd,4.3,0.00020571560229414037,0.0002314236255750877,0.9259259259259258,0.0,0.26,0.0,0.25549310168625444,0.5393743257820928,-0.2838812240958383,Brighton,A,0.0002314236255750877,0.0002314236255750877,0.15500081579376732,,,,,,0.13802622498274672,0.6072351421188631,0.149519890260631,,,,,,1.197975911830966,1.420272013915455,,,0.7199402837558355,0.0,0.0,0.0,3.894393222838602,0.0,,,,,,,,,,,,,,0.13802622498274672,0.6072351421188631,0.149519890260631,,,0.0,0.26,0.0,0.0,0.0,0.0,,,,,,,,,,,,,,,,,,,0.0,0.26,0.0,0.0,0.0,0.0,,,,,,,,,,,,,,,,,,,0.0,0.26,0.0,0.0,0.0,0.0,,,,,,,,,,,,,,,,,,,0.0,0.26,0.0,0.0,0.0,0.0,,,,,,,,,,,,,,,,,,,0.0,0.26,0.0,0.0,0.0,0.0
Kobbie Mainoo,MID,Man Utd,4.6,0.00020571560229414037,0.0002314236255750877,0.9259259259259258,0.0,0.2806362738660626,1.0,0.25549310168625444,0.5393743257820928,-0.2838812240958383,Brighton,A,0.0002314236255750877,0.0002314236255750877,0.15500081579376732,0.10025062656641603,0.00630715862503942,0.0,,0.16142050040355124,0.13802622498274672,0.6072351421188631,0.149519890260631,,,0.6838718938330308,,0.6480439969374578,1.197975911830966,1.420272013915455,,,0.7199402837558355,3.070667198268598,0.05118923383767396,3.173045665943946,3.894393222838602,1.0,,,,,,,,,,,,,,0.13802622498274672,0.6072351421188631,0.149519890260631,,,0.0,0.2806362738660626,2.699298772714872,0.04245390573179922,2.7842065841784702,1.0,,,,,,,,,,,,,,,,,,,0.0,0.2806362738660626,2.561272547732125,0.03920725286775506,2.639687053467635,1.0,,,,,,,,,,,,,,,,,,,0.0,0.2806362738660626,2.561272547732125,0.03920725286775506,2.639687053467635,1.0,,,,,,,,,,,,,,,,,,,0.0,0.2806362738660626,2.561272547732125,0.03920725286775506,2.639687053467635,1.0,,,,,,,,,,,,,,,,,,,0.0,0.2806362738660626,2.561272547732125,0.03920725286775506,2.639687053467635,12.930745012205024
Manuel Ugarte,MID,Man Utd,4.7,0.00020571560229414037,0.0002314236255750877,0.9259259259259258,0.0,0.738294156914626,1.0,0.25549310168625444,0.5393743257820928,-0.2838812240958383,Brighton,A,0.0002314236255750877,0.0002314236255750877,0.15500081579376732,0.07936507936507936,0.004738213693437574,0.0,,0.26903416733925206,0.13802622498274672,0.6072351421188631,0.149519890260631,,,0.541398582617816,,1.0800733282290964,1.197975911830966,1.420272013915455,,,0.7199402837558355,3.766096836765331,0.06754712979439412,3.901191096354119,3.894393222838602,1.0,,,,,,,,,,,,,,0.13802622498274672,0.6072351421188631,0.149519890260631,,,0.0,0.738294156914626,3.6146145388119986,0.06398396318193583,3.7425824651758703,1.0,,,,,,,,,,,,,,,,,,,0.0,0.738294156914626,3.476588313829252,0.06073731031789166,3.5980629344650352,1.0,,,,,,,,,,,,,,,,,,,0.0,0.738294156914626,3.476588313829252,0.06073731031789166,3.5980629344650352,1.0,,,,,,,,,,,,,,,,,,,0.0,0.738294156914626,3.476588313829252,0.06073731031789166,3.5980629344650352,1.0,,,,,,,,,,,,,,,,,,,0.0,0.738294156914626,3.476588313829252,0.06073731031789166,3.5980629344650352,17.156962408255705
Marcus Rashford,MID,Man Utd,7.0,0.00020571560229414037,0.0002314236255750877,0.9259259259259258,0.0,0.26,0.0,0.25549310168625444,0.5393743257820928,-0.2838812240958383,Brighton,A,0.0002314236255750877,0.0002314236255750877,0.15500081579376732,,,,,,0.13802622498274672,0.6072351421188631,0.149519890260631,,,,,,1.197975911830966,1.420272013915455,,,0.7199402837558355,0.0,0.0,0.0,3.894393222838602,0.0,,,,,,,,,,,,,,0.13802622498274672,0.6072351421188631,0.149519890260631,,,0.0,0.26,0.0,0.0,0.0,0.0,,,,,,,,,,,,,,,,,,,0.0,0.26,0.0,0.0,0.0,0.0,,,,,,,,,,,,,,,,,,,0.0,0.26,0.0,0.0,0.0,0.0,,,,,,,,,,,,,,,,,,,0.0,0.26,0.0,0.0,0.0,0.0,,,,,,,,,,,,,,,,,,,0.0,0.26,0.0,0.0,0.0,0.0
Mason Mount,MID,Man Utd,5.9,0.00020571560229414037,0.0002314236255750877,0.9259259259259258,0.0,0.11096189742455187,0.0,0.25549310168625444,0.5393743257820928,-0.2838812240958383,Brighton,A,0.0002314236255750877,0.0002314236255750877,0.15500081579376732,0.15873015873015872,0.018674136321195144,0.0,,0.278473962684489,0.13802622498274672,0.6072351421188631,0.149519890260631,,,1.082797165235632,,1.1179706379915209,1.197975911830966,1.420272013915455,,,0.7199402837558355,0.0,0.0,0.0,3.894393222838602,0.0,,,,,,,,,,,,,,0.13802622498274672,0.6072351421188631,0.149519890260631,,,0.0,0.11096189742455187,0.0,0.0,0.0,0.0,,,,,,,,,,,,,,,,,,,0.0,0.11096189742455187,0.0,0.0,0.0,0.0,,,,,,,,,,,,,,,,,,,0.0,0.11096189742455187,0.0,0.0,0.0,0.0,,,,,,,,,,,,,,,,,,,0.0,0.11096189742455187,0.0,0.0,0.0,0.0,,,,,,,,,,,,,,,,,,,0.0,0.11096189742455187,0.0,0.0,0.0,0.0
Matheus Cunha,MID,Man Utd,8.1,0.00020571560229414037,0.0002314236255750877,0.9259259259259258,0.0,0.1315599122730482,1.0,0.25549310168625444,0.5393743257820928,-0.2838812240958383,Brighton,A,0.0002314236255750877,0.0002314236255750877,0.15500081579376732,0.25396825396825395,0.05291005291005291,0.0,,0.1747487986020096,0.13802622498274672,0.6072351421188631,0.149519890260631,,,1.7324754643770115,,0.7015522168680736,1.197975911830966,1.420272013915455,,,0.7199402837558355,3.760788785318368,0.06742227380825866,3.895633332934885,3.894393222838602,1.0,,,,,,,,,,,,,,0.13802622498274672,0.6072351421188631,0.149519890260631,,,0.0,0.1315599122730482,2.401146049528843,0.03544075737701745,2.472027564282878,1.0,,,,,,,,,,,,,,,,,,,0.0,0.1315599122730482,2.2631198245460964,0.03219410451297329,2.327508033572043,1.0,,,,,,,,,,,,,,,,,,,0.0,0.1315599122730482,2.2631198245460964,0.03219410451297329,2.327508033572043,1.0,,,,,,,,,,,,,,,,,,,0.0,0.1315599122730482,2.2631198245460964,0.03219410451297329,2.327508033572043,1.0,,,,,,,,,,,,,,,,,,,0.0,0.1315599122730482,2.2631198245460964,0.03219410451297329,2.327508033572043,12.513879256577052
Shea Lacey,MID,Man Utd,4.5,0.00020571560229414037,0.0002314236255750877,0.9259259259259258,0.0,0.26,0.0,0.25549310168625444,0.5393743257820928,-0.2838812240958383,Brighton,A,0.0002314236255750877,0.0002314236255750877,0.15500081579376732,0.19047619047619047,0.026455026455026454,0.0,,0.16006402561024408,0.13802622498274672,0.6072351421188631,0.149519890260631,,,1.2993565982827586,,0.6425982490640337,1.197975911830966,1.420272013915455,,,0.7199402837558355,0.0,0.0,0.0,3.894393222838602,0.0,,,,,,,,,,,,,,0.13802622498274672,0.6072351421188631,0.149519890260631,,,0.0,0.26,0.0,0.0,0.0,0.0,,,,,,,,,,,,,,,,,,,0.0,0.26,0.0,0.0,0.0,0.0,,,,,,,,,,,,,,,,,,,0.0,0.26,0.0,0.0,0.0,0.0,,,,,,,,,,,,,,,,,,,0.0,0.26,0.0,0.0,0.0,0.0,,,,,,,,,,,,,,,,,,,0.0,0.26,0.0,0.0,0.0,0.0
Sékou Koné,MID,Man Utd,4.3,0.00020571560229414037,0.0002314236255750877,0.9259259259259258,0.0,0.26,0.0,0.25549310168625444,0.5393743257820928,-0.2838812240958383,Brighton,A,0.0002314236255750877,0.0002314236255750877,0.15500081579376732,,,,,,0.13802622498274672,0.6072351421188631,0.149519890260631,,,,,,1.197975911830966,1.420272013915455,,,0.7199402837558355,0.0,0.0,0.0,3.894393222838602,0.0,,,,,,,,,,,,,,0.13802622498274672,0.6072351421188631,0.149519890260631,,,0.0,0.26,0.0,0.0,0.0,0.0,,,,,,,,,,,,,,,,,,,0.0,0.26,0.0,0.0,0.0,0.0,,,,,,,,,,,,,,,,,,,0.0,0.26,0.0,0.0,0.0,0.0,,,,,,,,,,,,,,,,,,,0.0,0.26,0.0,0.0,0.0,0.0,,,,,,,,,,,,,,,,,,,0.0,0.26,0.0,0.0,0.0,0.0
Toby Collyer,MID,Man Utd,4.5,0.00020571560229414037,0.0002314236255750877,0.9259259259259258,0.0,0.26,0.0,0.25549310168625444,0.5393743257820928,-0.2838812240958383,Brighton,A,0.0002314236255750877,0.0002314236255750877,0.15500081579376732,,,,,,0.13802622498274672,0.6072351421188631,0.149519890260631,,,,,,1.197975911830966,1.420272013915455,,,0.7199402837558355,0.0,0.0,0.0,3.894393222838602,0.0,,,,,,,,,,,,,,0.13802622498274672,0.6072351421188631,0.149519890260631,,,0.0,0.26,0.0,0.0,0.0,0.0,,,,,,,,,,,,,,,,,,,0.0,0.26,0.0,0.0,0.0,0.0,,,,,,,,,,,,,,,,,,,0.0,0.26,0.0,0.0,0.0,0.0,,,,,,,,,,,,,,,,,,,0.0,0.26,0.0,0.0,0.0,0.0,,,,,,,,,,,,,,,,,,,0.0,0.26,0.0,0.0,0.0,0.0
Tyler Fletcher,MID,Man Utd,4.4,0.00020571560229414037,0.0002314236255750877,0.9259259259259258,0.0,0.26,0.0,0.25549310168625444,0.5393743257820928,-0.2838812240958383,Brighton,A,0.0002314236255750877,0.0002314236255750877,0.15500081579376732,0.09523809523809523,0.005411255411255411,0.0,,,0.13802622498274672,0.6072351421188631,0.149519890260631,,,0.6496782991413793,,,1.197975911830966,1.420272013915455,,,0.7199402837558355,0.0,0.0,0.0,3.894393222838602,0.0,,,,,,,,,,,,,,0.13802622498274672,0.6072351421188631,0.149519890260631,,,0.0,0.26,0.0,0.0,0.0,0.0,,,,,,,,,,,,,,,,,,,0.0,0.26,0.0,0.0,0.0,0.0,,,,,,,,,,,,,,,,,,,0.0,0.26,0.0,0.0,0.0,0.0,,,,,,,,,,,,,,,,,,,0.0,0.26,0.0,0.0,0.0,0.0,,,,,,,,,,,,,,,,,,,0.0,0.26,0.0,0.0,0.0,0.0
Benjamin Sesko,FWD,Man Utd,7.2,0.00020571560229414037,0.0002314236255750877,0.9259259259259258,0.0,0.0,0.0,0.25549310168625444,0.5393743257820928,-0.2838812240958383,Brighton,A,0.0002314236255750877,0.0002314236255750877,0.15500081579376732,0.31746031746031744,0.07936507936507936,0.01,,0.1488095238095238,0.13802622498274672,0.6072351421188631,0.149519890260631,,,1.1370971170693929,,0.7668058977474086,1.1989004481530463,1.4183385370216508,,,0.71967210255418,0.0,0.0,0.0,3.652906658425952,0.0,,,,,,,,,,,,,,0.13802622498274672,0.6072351421188631,0.149519890260631,,,0.0,0.0,0.0,0.0,0.0,0.0,,,,,,,,,,,,,,,,,,,0.0,0.0,0.0,0.0,0.0,0.0,,,,,,,,,,,,,,,,,,,0.0,0.0,0.0,0.0,0.0,0.0,,,,,,,,,,,,,,,,,,,0.0,0.0,0.0,0.0,0.0,0.0,,,,,,,,,,,,,,,,,,,0.0,0.0,0.0,0.0,0.0,0.0
Chido Obi,FWD,Man Utd,4.2,0.00020571560229414037,0.0002314236255750877,0.9259259259259258,0.0,0.0,0.0,0.25549310168625444,0.5393743257820928,-0.2838812240958383,Brighton,A,0.0002314236255750877,0.0002314236255750877,0.15500081579376732,,,,,,0.13802622498274672,0.6072351421188631,0.149519890260631,,,,,,1.1989004481530463,1.4183385370216508,,,0.71967210255418,0.0,0.0,0.0,3.652906658425952,0.0,,,,,,,,,,,,,,0.13802622498274672,0.6072351421188631,0.149519890260631,,,0.0,0.0,0.0,0.0,0.0,0.0,,,,,,,,,,,,,,,,,,,0.0,0.0,0.0,0.0,0.0,0.0,,,,,,,,,,,,,,,,,,,0.0,0.0,0.0,0.0,0.0,0.0,,,,,,,,,,,,,,,,,,,0.0,0.0,0.0,0.0,0.0,0.0,,,,,,,,,,,,,,,,,,,0.0,0.0,0.0,0.0,0.0,0.0
Ethan Wheatley,FWD,Man Utd,4.5,0.00020571560229414037,0.0002314236255750877,0.9259259259259258,0.0,0.0,0.0,0.25549310168625444,0.5393743257820928,-0.2838812240958383,Brighton,A,0.0002314236255750877,0.0002314236255750877,0.15500081579376732,,,,,,0.13802622498274672,0.6072351421188631,0.149519890260631,,,,,,1.1989004481530463,1.4183385370216508,,,0.71967210255418,0.0,0.0,0.0,3.652906658425952,0.0,,,,,,,,,,,,,,0.13802622498274672,0.6072351421188631,0.149519890260631,,,0.0,0.0,0.0,0.0,0.0,0.0,,,,,,,,,,,,,,,,,,,0.0,0.0,0.0,0.0,0.0,0.0,,,,,,,,,,,,,,,,,,,0.0,0.0,0.0,0.0,0.0,0.0,,,,,,,,,,,,,,,,,,,0.0,0.0,0.0,0.0,0.0,0.0,,,,,,,,,,,,,,,,,,,0.0,0.0,0.0,0.0,0.0,0.0
Joshua Zirkzee,FWD,Man Utd,5.8,0.00020571560229414037,0.0002314236255750877,0.9259259259259258,0.0,0.0,0.0,0.25549310168625444,0.5393743257820928,-0.2838812240958383,Brighton,A,0.0002314236255750877,0.0002314236255750877,0.15500081579376732,0.25396825396825395,0.047619047619047616,0.0,,0.14652014652014653,0.13802622498274672,0.6072351421188631,0.149519890260631,,,0.9096776936555142,,0.75500888393591,1.1989004481530463,1.4183385370216508,,,0.71967210255418,0.0,0.0,0.0,3.652906658425952,0.0,,,,,,,,,,,,,,0.13802622498274672,0.6072351421188631,0.149519890260631,,,0.0,0.0,0.0,0.0,0.0,0.0,,,,,,,,,,,,,,,,,,,0.0,0.0,0.0,0.0,0.0,0.0,,,,,,,,,,,,,,,,,,,0.0,0.0,0.0,0.0,0.0,0.0,,,,,,,,,,,,,,,,,,,0.0,0.0,0.0,0.0,0.0,0.0,,,,,,,,,,,,,,,,,,,0.0,0.0,0.0,0.0,0.0,0.0
Rasmus Højlund,FWD,Man Utd,6.3,0.00020571560229414037,0.0002314236255750877,0.9259259259259258,0.0,0.0,0.0,0.25549310168625444,0.5393743257820928,-0.2838812240958383,Brighton,A,0.0002314236255750877,0.0002314236255750877,0.15500081579376732,,,,,,0.13802622498274672,0.6072351421188631,0.149519890260631,,,,,,1.1989004481530463,1.4183385370216508,,,0.71967210255418,0.0,0.0,0.0,3.652906658425952,0.0,,,,,,,,,,,,,,0.13802622498274672,0.6072351421188631,0.149519890260631,,,0.0,0.0,0.0,0.0,0.0,0.0,,,,,,,,,,,,,,,,,,,0.0,0.0,0.0,0.0,0.0,0.0,,,,,,,,,,,,,,,,,,,0.0,0.0,0.0,0.0,0.0,0.0,,,,,,,,,,,,,,,,,,,0.0,0.0,0.0,0.0,0.0,0.0,,,,,,,,,,,,,,,,,,,0.0,0.0,0.0,0.0,0.0,0.0
Aaron Ramsdale,GK,Newcastle,4.8,0.0002314236255750877,0.00046273159716438074,0.0002314236255750877,0.0,0.0,0.0,0.42211903756859437,0.34674063800277394,0.07537839956582043,Fulham,A,0.0002314236255750877,0.0002314236255750877,0.0002314236255750877,,,,,,0.241721053903795,0.4297082228116711,0.07024793388429752,0.5537098560354374,0.11204481792717086,,,,1.2117094349584825,1.4985473345317446,1.0564012694812557,1.062458996828232,0.8039029417229169,0.0,0.0,0.0,2.95055975721365,0.0,,,,,,,,,,,,,,0.241721053903795,0.4297082228116711,0.07024793388429752,,,0.0,0.0,0.0,0.0,0.0,0.0,,,,,,,,,,,,,,,,,,,0.0,0.0,0.0,0.0,0.0,0.0,,,,,,,,,,,,,,,,,,,0.0,0.0,0.0,0.0,0.0,0.0,,,,,,,,,,,,,,,,,,,0.0,0.0,0.0,0.0,0.0,0.0,,,,,,,,,,,,,,,,,,,0.0,0.0,0.0,0.0,0.0,0.0
John Ruddy,GK,Newcastle,4.0,0.0002314236255750877,0.00046273159716438074,0.0002314236255750877,0.0,0.0,0.0,0.42211903756859437,0.34674063800277394,0.07537839956582043,Fulham,A,0.0002314236255750877,0.0002314236255750877,0.0002314236255750877,,,,,,0.241721053903795,0.4297082228116711,0.07024793388429752,0.5537098560354374,0.11204481792717086,,,,1.2117094349584825,1.4985473345317446,1.0564012694812557,1.062458996828232,0.8039029417229169,0.0,0.0,0.0,2.95055975721365,0.0,,,,,,,,,,,,,,0.241721053903795,0.4297082228116711,0.07024793388429752,,,0.0,0.0,0.0,0.0,0.0,0.0,,,,,,,,,,,,,,,,,,,0.0,0.0,0.0,0.0,0.0,0.0,,,,,,,,,,,,,,,,,,,0.0,0.0,0.0,0.0,0.0,0.0,,,,,,,,,,,,,,,,,,,0.0,0.0,0.0,0.0,0.0,0.0,,,,,,,,,,,,,,,,,,,0.0,0.0,0.0,0.0,0.0,0.0
Mark Gillespie,GK,Newcastle,3.9,0.0002314236255750877,0.00046273159716438074,0.0002314236255750877,0.0,0.0,0.0,0.42211903756859437,0.34674063800277394,0.07537839956582043,Fulham,A,0.0002314236255750877,0.0002314236255750877,0.0002314236255750877,,,,,,0.241721053903795,0.4297082228116711,0.07024793388429752,0.5537098560354374,0.11204481792717086,,,,1.2117094349584825,1.4985473345317446,1.0564012694812557,1.062458996828232,0.8039029417229169,0.0,0.0,0.0,2.95055975721365,0.0,,,,,,,,,,,,,,0.241721053903795,0.4297082228116711,0.07024793388429752,,,0.0,0.0,0.0,0.0,0.0,0.0,,,,,,,,,,,,,,,,,,,0.0,0.0,0.0,0.0,0.0,0.0,,,,,,,,,,,,,,,,,,,0.0,0.0,0.0,0.0,0.0,0.0,,,,,,,,,,,,,,,,,,,0.0,0.0,0.0,0.0,0.0,0.0,,,,,,,,,,,,,,,,,,,0.0,0.0,0.0,0.0,0.0,0.0
Nick Pope,GK,Newcastle,5.1,0.0002314236255750877,0.00046273159716438074,0.0002314236255750877,0.0,0.0,1.0,0.42211903756859437,0.34674063800277394,0.07537839956582043,Fulham,A,0.0002314236255750877,0.0002314236255750877,0.0002314236255750877,,,,,,0.241721053903795,0.4297082228116711,0.07024793388429752,0.5537098560354374,0.11204481792717086,,,,1.2117094349584825,1.4985473345317446,1.0564012694812557,1.062458996828232,0.8039029417229169,2.6327265761858514,0.0408879945250436,2.7145025652359385,2.95055975721365,1.0,,,,,,,,,,,,,,0.241721053903795,0.4297082228116711,0.07024793388429752,,,0.0,0.0,1.966971902223243,0.025228113084095127,2.0174281283914333,1.0,,,,,,,,,,,,,,,,,,,0.0,0.0,2.0,0.026005000000000004,2.05201,1.0,,,,,,,,,,,,,,,,,,,0.0,0.0,2.0,0.026005000000000004,2.05201,1.0,,,,,,,,,,,,,,,,,,,0.0,0.0,2.0,0.026005000000000004,2.05201,1.0,,,,,,,,,,,,,,,,,,,0.0,0.0,2.0,0.026005000000000004,2.05201,10.174944474368655
Odysseas Vlachodimos,GK,Newcastle,4.0,0.0002314236255750877,0.00046273159716438074,0.0002314236255750877,0.0,0.0,0.0,0.42211903756859437,0.34674063800277394,0.07537839956582043,Fulham,A,0.0002314236255750877,0.0002314236255750877,0.0002314236255750877,,,,,,0.241721053903795,0.4297082228116711,0.07024793388429752,0.5537098560354374,0.11204481792717086,,,,1.2117094349584825,1.4985473345317446,1.0564012694812557,1.062458996828232,0.8039029417229169,0.0,0.0,0.0,2.95055975721365,0.0,,,,,,,,,,,,,,0.241721053903795,0.4297082228116711,0.07024793388429752,,,0.0,0.0,0.0,0.0,0.0,0.0,,,,,,,,,,,,,,,,,,,0.0,0.0,0.0,0.0,0.0,0.0,,,,,,,,,,,,,,,,,,,0.0,0.0,0.0,0.0,0.0,0.0,,,,,,,,,,,,,,,,,,,0.0,0.0,0.0,0.0,0.0,0.0,,,,,,,,,,,,,,,,,,,0.0,0.0,0.0,0.0,0.0,0.0
Alex Murphy,DEF,Newcastle,3.8,0.0002314236255750877,0.00046273159716438074,0.0002314236255750877,0.44,0.0,0.0,0.42211903756859437,0.34674063800277394,0.07537839956582043,Fulham,A,0.0002314236255750877,0.0002314236255750877,0.0002314236255750877,0.06349206349206349,0.004738213693437574,0.0,0.21164021164021163,0.1885902876001886,0.241721053903795,0.4297082228116711,0.07024793388429752,,,0.7558762529190393,1.4827536558222254,0.7863853800359092,1.2145830592554903,1.5082953426271855,,,0.8026246832865698,0.0,0.0,0.0,3.7735237107202533,0.0,,,,,,,,,,,,,,0.241721053903795,0.4297082228116711,0.07024793388429752,,,0.44,0.0,0.0,0.0,0.0,0.0,,,,,,,,,,,,,,,,,,,0.44,0.0,0.0,0.0,0.0,0.0,,,,,,,,,,,,,,,,,,,0.44,0.0,0.0,0.0,0.0,0.0,,,,,,,,,,,,,,,,,,,0.44,0.0,0.0,0.0,0.0,0.0,,,,,,,,,,,,,,,,,,,0.44,0.0,0.0,0.0,0.0,0.0
Dan Burn,DEF,Newcastle,5.0,0.0002314236255750877,0.00046273159716438074,0.0002314236255750877,0.42019089343253757,0.0,1.0,0.42211903756859437,0.34674063800277394,0.07537839956582043,Fulham,A,0.0002314236255750877,0.0002314236255750877,0.0002314236255750877,0.09523809523809523,0.005411255411255411,0.0,0.21164021164021163,0.2519526329050139,0.241721053903795,0.4297082228116711,0.07024793388429752,,,1.133814379378559,1.4827536558222254,1.0505942246511488,1.2145830592554903,1.5082953426271855,,,0.8026246832865698,3.7942177950000424,0.068208590973991,3.930634976948024,3.7735237107202533,1.0,,,,,,,,,,,,,,0.241721053903795,0.4297082228116711,0.07024793388429752,,,0.42019089343253757,0.0,2.807353689088318,0.044995573474735415,2.8973448360377887,1.0,,,,,,,,,,,,,,,,,,,0.42019089343253757,0.0,2.840381786865075,0.0457724603906403,2.9319267076463555,1.0,,,,,,,,,,,,,,,,,,,0.42019089343253757,0.0,2.840381786865075,0.0457724603906403,2.9319267076463555,1.0,,,,,,,,,,,,,,,,,,,0.42019089343253757,0.0,2.840381786865075,0.0457724603906403,2.9319267076463555,1.0,,,,,,,,,,,,,,,,,,,0.42019089343253757,0.0,2.840381786865075,0.0457724603906403,2.9319267076463555,14.602772868989941
Emil Krafth,DEF,Newcastle,4.3,0.0002314236255750877,0.00046273159716438074,0.0002314236255750877,0.44,0.0,0.0,0.42211903756859437,0.34674063800277394,0.07537839956582043,Fulham,A,0.0002314236255750877,0.0002314236255750877,0.0002314236255750877,,,,,,0.241721053903795,0.4297082228116711,0.07024793388429752,,,,,,1.2145830592554903,1.5082953426271855,,,0.8026246832865698,0.0,0.0,0.0,3.7735237107202533,0.0,,,,,,,,,,,,,,0.241721053903795,0.4297082228116711,0.07024793388429752,,,0.44,0.0,0.0,0.0,0.0,0.0,,,,,,,,,,,,,,,,,,,0.44,0.0,0.0,0.0,0.0,0.0,,,,,,,,,,,,,,,,,,,0.44,0.0,0.0,0.0,0.0,0.0,,,,,,,,,,,,,,,,,,,0.44,0.0,0.0,0.0,0.0,0.0,,,,,,,,,,,,,,,,,,,0.44,0.0,0.0,0.0,0.0,0.0
Fabian Schar,DEF,Newcastle,5.2,0.0002314236255750877,0.00046273159716438074,0.0002314236255750877,0.45339198231119227,0.0,0.0,0.42211903756859437,0.34674063800277394,0.07537839956582043,Fulham,A,0.0002314236255750877,0.0002314236255750877,0.0002314236255750877,,,,,,0.241721053903795,0.4297082228116711,0.07024793388429752,,,,,,1.2145830592554903,1.5082953426271855,,,0.8026246832865698,0.0,0.0,0.0,3.7735237107202533,0.0,,,,,,,,,,,,,,0.241721053903795,0.4297082228116711,0.07024793388429752,,,0.45339198231119227,0.0,0.0,0.0,0.0,0.0,,,,,,,,,,,,,,,,,,,0.45339198231119227,0.0,0.0,0.0,0.0,0.0,,,,,,,,,,,,,,,,,,,0.45339198231119227,0.0,0.0,0.0,0.0,0.0,,,,,,,,,,,,,,,,,,,0.45339198231119227,0.0,0.0,0.0,0.0,0.0,,,,,,,,,,,,,,,,,,,0.45339198231119227,0.0,0.0,0.0,0.0,0.0
Harrison Ashby,DEF,Newcastle,3.9,0.0002314236255750877,0.00046273159716438074,0.0002314236255750877,0.44,0.0,0.0,0.42211903756859437,0.34674063800277394,0.07537839956582043,Fulham,A,0.0002314236255750877,0.0002314236255750877,0.0002314236255750877,,,,,,0.241721053903795,0.4297082228116711,0.07024793388429752,,,,,,1.2145830592554903,1.5082953426271855,,,0.8026246832865698,0.0,0.0,0.0,3.7735237107202533,0.0,,,,,,,,,,,,,,0.241721053903795,0.4297082228116711,0.07024793388429752,,,0.44,0.0,0.0,0.0,0.0,0.0,,,,,,,,,,,,,,,,,,,0.44,0.0,0.0,0.0,0.0,0.0,,,,,,,,,,,,,,,,,,,0.44,0.0,0.0,0.0,0.0,0.0,,,,,,,,,,,,,,,,,,,0.44,0.0,0.0,0.0,0.0,0.0,,,,,,,,,,,,,,,,,,,0.44,0.0,0.0,0.0,0.0,0.0
Jamaal Lascelles,DEF,Newcastle,4.3,0.0002314236255750877,0.00046273159716438074,0.0002314236255750877,0.44,0.0,0.0,0.42211903756859437,0.34674063800277394,0.07537839956582043,Fulham,A,0.0002314236255750877,0.0002314236255750877,0.0002314236255750877,,,,,,0.241721053903795,0.4297082228116711,0.07024793388429752,,,,,,1.2145830592554903,1.5082953426271855,,,0.8026246832865698,0.0,0.0,0.0,3.7735237107202533,0.0,,,,,,,,,,,,,,0.241721053903795,0.4297082228116711,0.07024793388429752,,,0.44,0.0,0.0,0.0,0.0,0.0,,,,,,,,,,,,,,,,,,,0.44,0.0,0.0,0.0,0.0,0.0,,,,,,,,,,,,,,,,,,,0.44,0.0,0.0,0.0,0.0,0.0,,,,,,,,,,,,,,,,,,,0.44,0.0,0.0,0.0,0.0,0.0,,,,,,,,,,,,,,,,,,,0.44,0.0,0.0,0.0,0.0,0.0
Kieran Trippier,DEF,Newcastle,4.9,0.0002314236255750877,0.00046273159716438074,0.0002314236255750877,0.09604015825376688,0.0,0.0,0.42211903756859437,0.34674063800277394,0.07537839956582043,Fulham,A,0.0002314236255750877,0.0002314236255750877,0.0002314236255750877,0.07936507936507936,0.004738213693437574,0.0,0.23809523809523808,0.1628001628001628,0.241721053903795,0.4297082228116711,0.07024793388429752,,,0.9448453161487991,1.6680978628000036,0.6788454990053575,1.2145830592554903,1.5082953426271855,,,0.8026246832865698,0.0,0.0,0.0,3.7735237107202533,0.0,,,,,,,,,,,,,,0.241721053903795,0.4297082228116711,0.07024793388429752,,,0.09604015825376688,0.0,0.0,0.0,0.0,0.0,,,,,,,,,,,,,,,,,,,0.09604015825376688,0.0,0.0,0.0,0.0,0.0,,,,,,,,,,,,,,,,,,,0.09604015825376688,0.0,0.0,0.0,0.0,0.0,,,,,,,,,,,,,,,,,,,0.09604015825376688,0.0,0.0,0.0,0.0,0.0,,,,,,,,,,,,,,,,,,,0.09604015825376688,0.0,0.0,0.0,0.0,0.0
Leo Shahar,DEF,Newcastle,4.0,0.0002314236255750877,0.00046273159716438074,0.0002314236255750877,0.44,0.0,0.0,0.42211903756859437,0.34674063800277394,0.07537839956582043,Fulham,A,0.0002314236255750877,0.0002314236255750877,0.0002314236255750877,0.06802721088435373,0.004738213693437574,0.0,0.17316017316017315,0.18140589569160995,0.241721053903795,0.4297082228116711,0.07024793388429752,,,0.8098674138418277,1.2131620820363664,0.7564278417488268,1.2145830592554903,1.5082953426271855,,,0.8026246832865698,0.0,0.0,0.0,3.7735237107202533,0.0,,,,,,,,,,,,,,0.241721053903795,0.4297082228116711,0.07024793388429752,,,0.44,0.0,0.0,0.0,0.0,0.0,,,,,,,,,,,,,,,,,,,0.44,0.0,0.0,0.0,0.0,0.0,,,,,,,,,,,,,,,,,,,0.44,0.0,0.0,0.0,0.0,0.0,,,,,,,,,,,,,,,,,,,0.44,0.0,0.0,0.0,0.0,0.0,,,,,,,,,,,,,,,,,,,0.44,0.0,0.0,0.0,0.0,0.0
Lewis Hall,DEF,Newcastle,5.3,0.0002314236255750877,0.00046273159716438074,0.0002314236255750877,0.3231111969096572,0.0,1.0,0.42211903756859437,0.34674063800277394,0.07537839956582043,Fulham,A,0.0002314236255750877,0.0002314236255750877,0.0002314236255750877,0.10025062656641603,0.00630715862503942,0.0,0.21994941163532386,0.1943634596695821,0.241721053903795,0.4297082228116711,0.07024793388429752,,,1.193488820398483,1.5409680025866084,0.8104584018737431,1.2145830592554903,1.5082953426271855,,,0.8026246832865698,3.7180257824276786,0.06641640245426386,3.8508585873362065,3.7735237107202533,1.0,,,,,,,,,,,,,,0.241721053903795,0.4297082228116711,0.07024793388429752,,,0.3231111969096572,0.0,2.6131942960425576,0.04042855623151305,2.6940514085055836,1.0,,,,,,,,,,,,,,,,,,,0.3231111969096572,0.0,2.6462223938193143,0.04120544314741792,2.72863328011415,1.0,,,,,,,,,,,,,,,,,,,0.3231111969096572,0.0,2.6462223938193143,0.04120544314741792,2.72863328011415,1.0,,,,,,,,,,,,,,,,,,,0.3231111969096572,0.0,2.6462223938193143,0.04120544314741792,2.72863328011415,1.0,,,,,,,,,,,,,,,,,,,0.3231111969096572,0.0,2.6462223938193143,0.04120544314741792,2.72863328011415,13.780975468885574
Malick Thiaw,DEF,Newcastle,5.0,0.0002314236255750877,0.00046273159716438074,0.0002314236255750877,0.42569168834818294,0.0,1.0,0.42211903756859437,0.34674063800277394,0.07537839956582043,Fulham,A,0.0002314236255750877,0.0002314236255750877,0.0002314236255750877,0.13605442176870747,0.012531328320802004,0.0,0.11204481792717086,0.20481310803891445,0.241721053903795,0.4297082228116711,0.07024793388429752,,,1.6197348276836554,0.7849872295529429,0.8540314342325463,1.2145830592554903,1.5082953426271855,,,0.8026246832865698,3.8411911251992636,0.06931349764693709,3.979818120493138,3.7735237107202533,1.0,,,,,,,,,,,,,,0.241721053903795,0.4297082228116711,0.07024793388429752,,,0.42569168834818294,0.0,2.8183552789196087,0.04525435287074704,2.9088639846611026,1.0,,,,,,,,,,,,,,,,,,,0.42569168834818294,0.0,2.851383376696366,0.046031239786651926,2.94344585626967,1.0,,,,,,,,,,,,,,,,,,,0.42569168834818294,0.0,2.851383376696366,0.046031239786651926,2.94344585626967,1.0,,,,,,,,,,,,,,,,,,,0.42569168834818294,0.0,2.851383376696366,0.046031239786651926,2.94344585626967,1.0,,,,,,,,,,,,,,,,,,,0.42569168834818294,0.0,2.851383376696366,0.046031239786651926,2.94344585626967,14.69400090501015
Matt Targett,DEF,Newcastle,4.0,0.0002314236255750877,0.00046273159716438074,0.0002314236255750877,0.44,0.0,0.0,0.42211903756859437,0.34674063800277394,0.07537839956582043,Fulham,A,0.0002314236255750877,0.0002314236255750877,0.0002314236255750877,,,,,,0.241721053903795,0.4297082228116711,0.07024793388429752,,,,,,1.2145830592554903,1.5082953426271855,,,0.8026246832865698,0.0,0.0,0.0,3.7735237107202533,0.0,,,,,,,,,,,,,,0.241721053903795,0.4297082228116711,0.07024793388429752,,,0.44,0.0,0.0,0.0,0.0,0.0,,,,,,,,,,,,,,,,,,,0.44,0.0,0.0,0.0,0.0,0.0,,,,,,,,,,,,,,,,,,,0.44,0.0,0.0,0.0,0.0,0.0,,,,,,,,,,,,,,,,,,,0.44,0.0,0.0,0.0,0.0,0.0,,,,,,,,,,,,,,,,,,,0.44,0.0,0.0,0.0,0.0,0.0
Miodrag Pivaš,DEF,Newcastle,3.8,0.0002314236255750877,0.00046273159716438074,0.0002314236255750877,0.44,0.0,0.0,0.42211903756859437,0.34674063800277394,0.07537839956582043,Fulham,A,0.0002314236255750877,0.0002314236255750877,0.0002314236255750877,,,,,,0.241721053903795,0.4297082228116711,0.07024793388429752,,,,,,1.2145830592554903,1.5082953426271855,,,0.8026246832865698,0.0,0.0,0.0,3.7735237107202533,0.0,,,,,,,,,,,,,,0.241721053903795,0.4297082228116711,0.07024793388429752,,,0.44,0.0,0.0,0.0,0.0,0.0,,,,,,,,,,,,,,,,,,,0.44,0.0,0.0,0.0,0.0,0.0,,,,,,,,,,,,,,,,,,,0.44,0.0,0.0,0.0,0.0,0.0,,,,,,,,,,,,,,,,,,,0.44,0.0,0.0,0.0,0.0,0.0,,,,,,,,,,,,,,,,,,,0.44,0.0,0.0,0.0,0.0,0.0
Sven Botman,DEF,Newcastle,4.9,0.0002314236255750877,0.00046273159716438074,0.0002314236255750877,0.4001621576080776,0.0,1.0,0.42211903756859437,0.34674063800277394,0.07537839956582043,Fulham,A,0.0002314236255750877,0.0002314236255750877,0.0002314236255750877,0.08658008658008658,0.004738213693437574,0.0,0.10582010582010581,0.1763668430335097,0.241721053903795,0.4297082228116711,0.07024793388429752,,,1.030740344889599,0.7413768279111127,0.7354159572558039,1.2145830592554903,1.5082953426271855,,,0.8026246832865698,3.456299493507351,0.06026007668627992,3.576819646879911,3.7735237107202533,1.0,,,,,,,,,,,,,,0.241721053903795,0.4297082228116711,0.07024793388429752,,,0.4001621576080776,0.0,2.767296217439398,0.044053341626609524,2.855402900692617,1.0,,,,,,,,,,,,,,,,,,,0.4001621576080776,0.0,2.800324315216155,0.04483022854251441,2.889984772301184,1.0,,,,,,,,,,,,,,,,,,,0.4001621576080776,0.0,2.800324315216155,0.04483022854251441,2.889984772301184,1.0,,,,,,,,,,,,,,,,,,,0.4001621576080776,0.0,2.800324315216155,0.04483022854251441,2.889984772301184,1.0,,,,,,,,,,,,,,,,,,,0.4001621576080776,0.0,2.800324315216155,0.04483022854251441,2.889984772301184,14.095869474911952
Tino Livramento,DEF,Newcastle,4.9,0.0002314236255750877,0.00046273159716438074,0.0002314236255750877,0.11986857694650843,0.0,0.0,0.42211903756859437,0.34674063800277394,0.07537839956582043,Fulham,A,0.0002314236255750877,0.0002314236255750877,0.0002314236255750877,,,,,,0.241721053903795,0.4297082228116711,0.07024793388429752,,,,,,1.2145830592554903,1.5082953426271855,,,0.8026246832865698,0.0,0.0,0.0,3.7735237107202533,0.0,,,,,,,,,,,,,,0.241721053903795,0.4297082228116711,0.07024793388429752,,,0.11986857694650843,0.0,0.0,0.0,0.0,0.0,,,,,,,,,,,,,,,,,,,0.11986857694650843,0.0,0.0,0.0,0.0,0.0,,,,,,,,,,,,,,,,,,,0.11986857694650843,0.0,0.0,0.0,0.0,0.0,,,,,,,,,,,,,,,,,,,0.11986857694650843,0.0,0.0,0.0,0.0,0.0,,,,,,,,,,,,,,,,,,,0.11986857694650843,0.0,0.0,0.0,0.0,0.0
Anthony Elanga,MID,Newcastle,6.5,0.0002314236255750877,0.00046273159716438074,0.0002314236255750877,0.0,0.02326925212562858,0.0,0.42211903756859437,0.34674063800277394,0.07537839956582043,Fulham,A,0.0002314236255750877,0.0002314236255750877,0.0002314236255750877,0.23809523809523808,0.04535147392290249,0.0,0.25396825396825395,0.11074197120708748,0.241721053903795,0.4297082228116711,0.07024793388429752,,,1.2783582277813477,1.1470785975410756,0.4715380362823874,1.2091376477744797,1.4959262259802895,,,0.8054838084310088,0.0,0.0,0.0,4.430228140678644,0.0,,,,,,,,,,,,,,0.241721053903795,0.4297082228116711,0.07024793388429752,,,0.0,0.02326925212562858,0.0,0.0,0.0,0.0,,,,,,,,,,,,,,,,,,,0.0,0.02326925212562858,0.0,0.0,0.0,0.0,,,,,,,,,,,,,,,,,,,0.0,0.02326925212562858,0.0,0.0,0.0,0.0,,,,,,,,,,,,,,,,,,,0.0,0.02326925212562858,0.0,0.0,0.0,0.0,,,,,,,,,,,,,,,,,,,0.0,0.02326925212562858,0.0,0.0,0.0,0.0
Anthony Gordon,MID,Newcastle,7.2,0.0002314236255750877,0.00046273159716438074,0.0002314236255750877,0.0,0.036880321879949385,0.0,0.42211903756859437,0.34674063800277394,0.07537839956582043,Fulham,A,0.0002314236255750877,0.0002314236255750877,0.0002314236255750877,0.3401360544217687,0.08658008658008658,0.01,0.27210884353741494,0.2294893861158921,0.241721053903795,0.4297082228116711,0.07024793388429752,,,1.8262260396876395,1.2290127830797237,0.9771631595249471,1.2091376477744797,1.4959262259802895,,,0.8054838084310088,0.0,0.0,0.0,4.430228140678644,0.0,,,,,,,,,,,,,,0.241721053903795,0.4297082228116711,0.07024793388429752,,,0.0,0.036880321879949385,0.0,0.0,0.0,0.0,,,,,,,,,,,,,,,,,,,0.0,0.036880321879949385,0.0,0.0,0.0,0.0,,,,,,,,,,,,,,,,,,,0.0,0.036880321879949385,0.0,0.0,0.0,0.0,,,,,,,,,,,,,,,,,,,0.0,0.036880321879949385,0.0,0.0,0.0,0.0,,,,,,,,,,,,,,,,,,,0.0,0.036880321879949385,0.0,0.0,0.0,0.0
Antoñito Cordero Campillo,MID,Newcastle,4.9,0.0002314236255750877,0.00046273159716438074,0.0002314236255750877,0.0,0.26,0.0,0.42211903756859437,0.34674063800277394,0.07537839956582043,Fulham,A,0.0002314236255750877,0.0002314236255750877,0.0002314236255750877,,,,,,0.241721053903795,0.4297082228116711,0.07024793388429752,,,,,,1.2091376477744797,1.4959262259802895,,,0.8054838084310088,0.0,0.0,0.0,4.430228140678644,0.0,,,,,,,,,,,,,,0.241721053903795,0.4297082228116711,0.07024793388429752,,,0.0,0.26,0.0,0.0,0.0,0.0,,,,,,,,,,,,,,,,,,,0.0,0.26,0.0,0.0,0.0,0.0,,,,,,,,,,,,,,,,,,,0.0,0.26,0.0,0.0,0.0,0.0,,,,,,,,,,,,,,,,,,,0.0,0.26,0.0,0.0,0.0,0.0,,,,,,,,,,,,,,,,,,,0.0,0.26,0.0,0.0,0.0,0.0
Bruno Guimaraes,MID,Newcastle,6.9,0.0002314236255750877,0.00046273159716438074,0.0002314236255750877,0.0,0.23167757463479832,1.0,0.42211903756859437,0.34674063800277394,0.07537839956582043,Fulham,A,0.0002314236255750877,0.0002314236255750877,0.0002314236255750877,0.23809523809523808,0.04535147392290249,0.0,0.2801120448179272,0.2616431187859759,0.241721053903795,0.4297082228116711,0.07024793388429752,,,1.2783582277813477,1.2651602178761863,1.1140733824254208,1.2091376477744797,1.4959262259802895,,,0.8054838084310088,4.7010027789319,0.08953798736603616,4.880078753663972,4.430228140678644,1.0,,,,,,,,,,,,,,0.241721053903795,0.4297082228116711,0.07024793388429752,,,0.0,0.23167757463479832,2.7050762031733915,0.04258980245104452,2.7902558080754805,1.0,,,,,,,,,,,,,,,,,,,0.0,0.23167757463479832,2.4633551492695966,0.03690403982111945,2.5371632289118358,1.0,,,,,,,,,,,,,,,,,,,0.0,0.23167757463479832,2.4633551492695966,0.03690403982111945,2.5371632289118358,1.0,,,,,,,,,,,,,,,,,,,0.0,0.23167757463479832,2.4633551492695966,0.03690403982111945,2.5371632289118358,1.0,,,,,,,,,,,,,,,,,,,0.0,0.23167757463479832,2.4633551492695966,0.03690403982111945,2.5371632289118358,14.355853231481268
Garang Kuol,MID,Newcastle,4.4,0.0002314236255750877,0.00046273159716438074,0.0002314236255750877,0.0,0.26,0.0,0.42211903756859437,0.34674063800277394,0.07537839956582043,Fulham,A,0.0002314236255750877,0.0002314236255750877,0.0002314236255750877,,,,,,0.241721053903795,0.4297082228116711,0.07024793388429752,,,,,,1.2091376477744797,1.4959262259802895,,,0.8054838084310088,0.0,0.0,0.0,4.430228140678644,0.0,,,,,,,,,,,,,,0.241721053903795,0.4297082228116711,0.07024793388429752,,,0.0,0.26,0.0,0.0,0.0,0.0,,,,,,,,,,,,,,,,,,,0.0,0.26,0.0,0.0,0.0,0.0,,,,,,,,,,,,,,,,,,,0.0,0.26,0.0,0.0,0.0,0.0,,,,,,,,,,,,,,,,,,,0.0,0.26,0.0,0.0,0.0,0.0,,,,,,,,,,,,,,,,,,,0.0,0.26,0.0,0.0,0.0,0.0
Harvey Barnes,MID,Newcastle,6.1,0.0002314236255750877,0.00046273159716438074,0.0002314236255750877,0.0,0.045696474208043014,1.0,0.42211903756859437,0.34674063800277394,0.07537839956582043,Fulham,A,0.0002314236255750877,0.0002314236255750877,0.0002314236255750877,0.31746031746031744,0.07936507936507936,0.01,0.21994941163532386,0.11074197120708748,0.241721053903795,0.4297082228116711,0.07024793388429752,,,1.704477637041797,0.9934283466002386,0.4715380362823874,1.2091376477744797,1.4959262259802895,,,0.8054838084310088,4.9163472501457495,0.09460332001792832,5.105553890181606,4.430228140678644,1.0,,,,,,,,,,,,,,0.241721053903795,0.4297082228116711,0.07024793388429752,,,0.0,0.045696474208043014,2.333114002319881,0.03384050756256825,2.4007950174450174,1.0,,,,,,,,,,,,,,,,,,,0.0,0.045696474208043014,2.091392948416086,0.028154744932643177,2.1477024382813723,1.0,,,,,,,,,,,,,,,,,,,0.0,0.045696474208043014,2.091392948416086,0.028154744932643177,2.1477024382813723,1.0,,,,,,,,,,,,,,,,,,,0.0,0.045696474208043014,2.091392948416086,0.028154744932643177,2.1477024382813723,1.0,,,,,,,,,,,,,,,,,,,0.0,0.045696474208043014,2.091392948416086,0.028154744932643177,2.1477024382813723,13.159796482197715
Isaac Hayden,MID,Newcastle,4.5,0.0002314236255750877,0.00046273159716438074,0.0002314236255750877,0.0,0.26,0.0,0.42211903756859437,0.34674063800277394,0.07537839956582043,Fulham,A,0.0002314236255750877,0.0002314236255750877,0.0002314236255750877,,,,,,0.241721053903795,0.4297082228116711,0.07024793388429752,,,,,,1.2091376477744797,1.4959262259802895,,,0.8054838084310088,0.0,0.0,0.0,4.430228140678644,0.0,,,,,,,,,,,,,,0.241721053903795,0.4297082228116711,0.07024793388429752,,,0.0,0.26,0.0,0.0,0.0,0.0,,,,,,,,,,,,,,,,,,,0.0,0.26,0.0,0.0,0.0,0.0,,,,,,,,,,,,,,,,,,,0.0,0.26,0.0,0.0,0.0,0.0,,,,,,,,,,,,,,,,,,,0.0,0.26,0.0,0.0,0.0,0.0,,,,,,,,,,,,,,,,,,,0.0,0.26,0.0,0.0,0.0,0.0
Jacob Murphy,MID,Newcastle,5.9,0.0002314236255750877,0.00046273159716438074,0.0002314236255750877,0.0,0.03097407570674071,0.0,0.42211903756859437,0.34674063800277394,0.07537839956582043,Fulham,A,0.0002314236255750877,0.0002314236255750877,0.0002314236255750877,0.23809523809523808,0.04535147392290249,0.0,0.2976190476190476,0.15741833923652104,0.241721053903795,0.4297082228116711,0.07024793388429752,,,1.2783582277813477,1.344232731493448,0.6702854730625671,1.2091376477744797,1.4959262259802895,,,0.8054838084310088,0.0,0.0,0.0,4.430228140678644,0.0,,,,,,,,,,,,,,0.241721053903795,0.4297082228116711,0.07024793388429752,,,0.0,0.03097407570674071,0.0,0.0,0.0,0.0,,,,,,,,,,,,,,,,,,,0.0,0.03097407570674071,0.0,0.0,0.0,0.0,,,,,,,,,,,,,,,,,,,0.0,0.03097407570674071,0.0,0.0,0.0,0.0,,,,,,,,,,,,,,,,,,,0.0,0.03097407570674071,0.0,0.0,0.0,0.0,,,,,,,,,,,,,,,,,,,0.0,0.03097407570674071,0.0,0.0,0.0,0.0
Jacob Ramsey,MID,Newcastle,5.3,0.0002314236255750877,0.00046273159716438074,0.0002314236255750877,0.0,0.28224322091753395,1.0,0.42211903756859437,0.34674063800277394,0.07537839956582043,Fulham,A,0.0002314236255750877,0.0002314236255750877,0.0002314236255750877,0.17316017316017315,0.023228803716608595,0.0,0.21164021164021163,0.20050125313283207,0.241721053903795,0.4297082228116711,0.07024793388429752,,,0.9297150747500711,0.9558988312842296,0.853732023584954,1.2091376477744797,1.4959262259802895,,,0.8054838084310088,4.222571761910574,0.07828433298366053,4.379140427877895,4.430228140678644,1.0,,,,,,,,,,,,,,0.241721053903795,0.4297082228116711,0.07024793388429752,,,0.0,0.28224322091753395,2.806207495738863,0.04496861271476954,2.896144721168402,1.0,,,,,,,,,,,,,,,,,,,0.0,0.28224322091753395,2.5644864418350677,0.03928285008484447,2.643052142004757,1.0,,,,,,,,,,,,,,,,,,,0.0,0.28224322091753395,2.5644864418350677,0.03928285008484447,2.643052142004757,1.0,,,,,,,,,,,,,,,,,,,0.0,0.28224322091753395,2.5644864418350677,0.03928285008484447,2.643052142004757,1.0,,,,,,,,,,,,,,,,,,,0.0,0.28224322091753395,2.5644864418350677,0.03928285008484447,2.643052142004757,14.241409438484357
Joe White,MID,Newcastle,4.5,0.0002314236255750877,0.00046273159716438074,0.0002314236255750877,0.0,0.26,0.0,0.42211903756859437,0.34674063800277394,0.07537839956582043,Fulham,A,0.0002314236255750877,0.0002314236255750877,0.0002314236255750877,,,,,,0.241721053903795,0.4297082228116711,0.07024793388429752,,,,,,1.2091376477744797,1.4959262259802895,,,0.8054838084310088,0.0,0.0,0.0,4.430228140678644,0.0,,,,,,,,,,,,,,0.241721053903795,0.4297082228116711,0.07024793388429752,,,0.0,0.26,0.0,0.0,0.0,0.0,,,,,,,,,,,,,,,,,,,0.0,0.26,0.0,0.0,0.0,0.0,,,,,,,,,,,,,,,,,,,0.0,0.26,0.0,0.0,0.0,0.0,,,,,,,,,,,,,,,,,,,0.0,0.26,0.0,0.0,0.0,0.0,,,,,,,,,,,,,,,,,,,0.0,0.26,0.0,0.0,0.0,0.0
Joe Willock,MID,Newcastle,5.0,0.0002314236255750877,0.00046273159716438074,0.0002314236255750877,0.0,0.29607801445446147,0.0,0.42211903756859437,0.34674063800277394,0.07537839956582043,Fulham,A,0.0002314236255750877,0.0002314236255750877,0.0002314236255750877,0.15873015873015872,0.018674136321195144,0.0,0.26455026455026454,0.2070393374741201,0.241721053903795,0.4297082228116711,0.07024793388429752,,,0.8522388185208984,1.194873539105287,0.8815711113105504,1.2091376477744797,1.4959262259802895,,,0.8054838084310088,0.0,0.0,0.0,4.430228140678644,0.0,,,,,,,,,,,,,,0.241721053903795,0.4297082228116711,0.07024793388429752,,,0.0,0.29607801445446147,0.0,0.0,0.0,0.0,,,,,,,,,,,,,,,,,,,0.0,0.29607801445446147,0.0,0.0,0.0,0.0,,,,,,,,,,,,,,,,,,,0.0,0.29607801445446147,0.0,0.0,0.0,0.0,,,,,,,,,,,,,,,,,,,0.0,0.29607801445446147,0.0,0.0,0.0,0.0,,,,,,,,,,,,,,,,,,,0.0,0.29607801445446147,0.0,0.0,0.0,0.0
Joelinton,MID,Newcastle,5.9,0.0002314236255750877,0.00046273159716438074,0.0002314236255750877,0.0,0.43194339527246317,0.0,0.42211903756859437,0.34674063800277394,0.07537839956582043,Fulham,A,0.0002314236255750877,0.0002314236255750877,0.0002314236255750877,0.15873015873015872,0.017006802721088433,0.0,0.17316017316017315,0.3691399040236249,0.241721053903795,0.4297082228116711,0.07024793388429752,,,0.8522388185208984,0.782099043778006,1.5717934542746244,1.2091376477744797,1.4959262259802895,,,0.8054838084310088,0.0,0.0,0.0,4.430228140678644,0.0,,,,,,,,,,,,,,0.241721053903795,0.4297082228116711,0.07024793388429752,,,0.0,0.43194339527246317,0.0,0.0,0.0,0.0,,,,,,,,,,,,,,,,,,,0.0,0.43194339527246317,0.0,0.0,0.0,0.0,,,,,,,,,,,,,,,,,,,0.0,0.43194339527246317,0.0,0.0,0.0,0.0,,,,,,,,,,,,,,,,,,,0.0,0.43194339527246317,0.0,0.0,0.0,0.0,,,,,,,,,,,,,,,,,,,0.0,0.43194339527246317,0.0,0.0,0.0,0.0
Lewis Miley,MID,Newcastle,4.5,0.0002314236255750877,0.00046273159716438074,0.0002314236255750877,0.0,0.2977258890221729,0.0,0.42211903756859437,0.34674063800277394,0.07537839956582043,Fulham,A,0.0002314236255750877,0.0002314236255750877,0.0002314236255750877,,,,,,0.241721053903795,0.4297082228116711,0.07024793388429752,,,,,,1.2091376477744797,1.4959262259802895,,,0.8054838084310088,0.0,0.0,0.0,4.430228140678644,0.0,,,,,,,,,,,,,,0.241721053903795,0.4297082228116711,0.07024793388429752,,,0.0,0.2977258890221729,0.0,0.0,0.0,0.0,,,,,,,,,,,,,,,,,,,0.0,0.2977258890221729,0.0,0.0,0.0,0.0,,,,,,,,,,,,,,,,,,,0.0,0.2977258890221729,0.0,0.0,0.0,0.0,,,,,,,,,,,,,,,,,,,0.0,0.2977258890221729,0.0,0.0,0.0,0.0,,,,,,,,,,,,,,,,,,,0.0,0.2977258890221729,0.0,0.0,0.0,0.0
Sam Alabi,MID,Newcastle,4.5,0.0002314236255750877,0.00046273159716438074,0.0002314236255750877,0.0,0.26,0.0,0.42211903756859437,0.34674063800277394,0.07537839956582043,Fulham,A,0.0002314236255750877,0.0002314236255750877,0.0002314236255750877,,,,,,0.241721053903795,0.4297082228116711,0.07024793388429752,,,,,,1.2091376477744797,1.4959262259802895,,,0.8054838084310088,0.0,0.0,0.0,4.430228140678644,0.0,,,,,,,,,,,,,,0.241721053903795,0.4297082228116711,0.07024793388429752,,,0.0,0.26,0.0,0.0,0.0,0.0,,,,,,,,,,,,,,,,,,,0.0,0.26,0.0,0.0,0.0,0.0,,,,,,,,,,,,,,,,,,,0.0,0.26,0.0,0.0,0.0,0.0,,,,,,,,,,,,,,,,,,,0.0,0.26,0.0,0.0,0.0,0.0,,,,,,,,,,,,,,,,,,,0.0,0.26,0.0,0.0,0.0,0.0
Sandro Tonali,MID,Newcastle,5.3,0.0002314236255750877,0.00046273159716438074,0.0002314236255750877,0.0,0.2903436889723243,1.0,0.42211903756859437,0.34674063800277394,0.07537839956582043,Fulham,A,0.0002314236255750877,0.0002314236255750877,0.0002314236255750877,0.14652014652014653,0.0156128024980484,0.0,0.21164021164021163,0.24931438544003987,0.241721053903795,0.4297082228116711,0.07024793388429752,,,0.7866819863269833,0.9558988312842296,1.06157777801794,1.2091376477744797,1.4959262259802895,,,0.8054838084310088,4.018679426420013,0.07348837746825154,4.165656181356516,4.430228140678644,1.0,,,,,,,,,,,,,,0.241721053903795,0.4297082228116711,0.07024793388429752,,,0.0,0.2903436889723243,2.8224084318484435,0.04534969113393909,2.9131078141163216,1.0,,,,,,,,,,,,,,,,,,,0.0,0.2903436889723243,2.5806873779446486,0.039663928504014026,2.660015234952677,1.0,,,,,,,,,,,,,,,,,,,0.0,0.2903436889723243,2.5806873779446486,0.039663928504014026,2.660015234952677,1.0,,,,,,,,,,,,,,,,,,,0.0,0.2903436889723243,2.5806873779446486,0.039663928504014026,2.660015234952677,1.0,,,,,,,,,,,,,,,,,,,0.0,0.2903436889723243,2.5806873779446486,0.039663928504014026,2.660015234952677,14.089840481222886
Seung-Soo Park,MID,Newcastle,4.3,0.0002314236255750877,0.00046273159716438074,0.0002314236255750877,0.0,0.26,0.0,0.42211903756859437,0.34674063800277394,0.07537839956582043,Fulham,A,0.0002314236255750877,0.0002314236255750877,0.0002314236255750877,,,,,,0.241721053903795,0.4297082228116711,0.07024793388429752,,,,,,1.2091376477744797,1.4959262259802895,,,0.8054838084310088,0.0,0.0,0.0,4.430228140678644,0.0,,,,,,,,,,,,,,0.241721053903795,0.4297082228116711,0.07024793388429752,,,0.0,0.26,0.0,0.0,0.0,0.0,,,,,,,,,,,,,,,,,,,0.0,0.26,0.0,0.0,0.0,0.0,,,,,,,,,,,,,,,,,,,0.0,0.26,0.0,0.0,0.0,0.0,,,,,,,,,,,,,,,,,,,0.0,0.26,0.0,0.0,0.0,0.0,,,,,,,,,,,,,,,,,,,0.0,0.26,0.0,0.0,0.0,0.0
Nick Woltemade,FWD,Newcastle,6.9,0.0002314236255750877,0.00046273159716438074,0.0002314236255750877,0.0,0.0,1.0,0.42211903756859437,0.34674063800277394,0.07537839956582043,Fulham,A,0.0002314236255750877,0.0002314236255750877,0.0002314236255750877,0.31746031746031744,0.07326007326007326,0.01,0.23809523809523808,0.1747487986020096,0.241721053903795,0.4297082228116711,0.07024793388429752,,,0.8838095942139714,1.1791568802232628,0.9255877758293608,1.214126934259972,1.5151629421334023,,,0.8032616160697899,4.142418478565268,0.07639896745281223,4.295216413470892,4.363313012595667,1.0,,,,,,,,,,,,,,0.241721053903795,0.4297082228116711,0.07024793388429752,,,0.0,0.0,2.0,0.026005000000000004,2.05201,1.0,,,,,,,,,,,,,,,,,,,0.0,0.0,2.0,0.026005000000000004,2.05201,1.0,,,,,,,,,,,,,,,,,,,0.0,0.0,2.0,0.026005000000000004,2.05201,1.0,,,,,,,,,,,,,,,,,,,0.0,0.0,2.0,0.026005000000000004,2.05201,1.0,,,,,,,,,,,,,,,,,,,0.0,0.0,2.0,0.026005000000000004,2.05201,11.785052913470892
Sean Neave,FWD,Newcastle,4.3,0.0002314236255750877,0.00046273159716438074,0.0002314236255750877,0.0,0.0,0.0,0.42211903756859437,0.34674063800277394,0.07537839956582043,Fulham,A,0.0002314236255750877,0.0002314236255750877,0.0002314236255750877,0.26455026455026454,0.05012531328320802,0.0,0.22675736961451246,0.18315018315018314,0.241721053903795,0.4297082228116711,0.07024793388429752,,,0.7365079951783096,1.1230065525935835,0.9700871881288493,1.214126934259972,1.5151629421334023,,,0.8032616160697899,0.0,0.0,0.0,4.363313012595667,0.0,,,,,,,,,,,,,,0.241721053903795,0.4297082228116711,0.07024793388429752,,,0.0,0.0,0.0,0.0,0.0,0.0,,,,,,,,,,,,,,,,,,,0.0,0.0,0.0,0.0,0.0,0.0,,,,,,,,,,,,,,,,,,,0.0,0.0,0.0,0.0,0.0,0.0,,,,,,,,,,,,,,,,,,,0.0,0.0,0.0,0.0,0.0,0.0,,,,,,,,,,,,,,,,,,,0.0,0.0,0.0,0.0,0.0,0.0
William Osula,FWD,Newcastle,5.4,0.0002314236255750877,0.00046273159716438074,0.0002314236255750877,0.0,0.0,1.0,0.42211903756859437,0.34674063800277394,0.07537839956582043,Fulham,A,0.0002314236255750877,0.0002314236255750877,0.0002314236255750877,0.3463203463203463,0.09523809523809523,0.01,0.25396825396825395,0.1670843776106934,0.241721053903795,0.4297082228116711,0.07024793388429752,,,0.9641559209606961,1.2577673389048136,0.8849918207491256,1.214126934259972,1.5151629421334023,,,0.8032616160697899,4.401054150527834,0.08248259572871572,4.566019341985266,4.363313012595667,1.0,,,,,,,,,,,,,,0.241721053903795,0.4297082228116711,0.07024793388429752,,,0.0,0.0,2.0,0.026005000000000004,2.05201,1.0,,,,,,,,,,,,,,,,,,,0.0,0.0,2.0,0.026005000000000004,2.05201,1.0,,,,,,,,,,,,,,,,,,,0.0,0.0,2.0,0.026005000000000004,2.05201,1.0,,,,,,,,,,,,,,,,,,,0.0,0.0,2.0,0.026005000000000004,2.05201,1.0,,,,,,,,,,,,,,,,,,,0.0,0.0,2.0,0.026005000000000004,2.05201,12.055855841985263
Yoane Wissa,FWD,Newcastle,7.3,0.0002314236255750877,0.00046273159716438074,0.0002314236255750877,0.0,0.0,0.0,0.42211903756859437,0.34674063800277394,0.07537839956582043,Fulham,A,0.0002314236255750877,0.0002314236255750877,0.0002314236255750877,0.3527336860670194,0.09523809523809523,0.01,0.26455026455026454,0.15873015873015872,0.241721053903795,0.4297082228116711,0.07024793388429752,,,0.9820106602377461,1.3101743113591808,0.8407422297116695,1.214126934259972,1.5151629421334023,,,0.8032616160697899,0.0,0.0,0.0,4.363313012595667,0.0,,,,,,,,,,,,,,0.241721053903795,0.4297082228116711,0.07024793388429752,,,0.0,0.0,0.0,0.0,0.0,0.0,,,,,,,,,,,,,,,,,,,0.0,0.0,0.0,0.0,0.0,0.0,,,,,,,,,,,,,,,,,,,0.0,0.0,0.0,0.0,0.0,0.0,,,,,,,,,,,,,,,,,,,0.0,0.0,0.0,0.0,0.0,0.0,,,,,,,,,,,,,,,,,,,0.0,0.0,0.0,0.0,0.0,0.0
Angus Gunn,GK,Nott'm Forest,4.0,0.0002314236255750877,0.0002314236255750877,0.0002314236255750877,0.0,0.0,0.0,0.2855511136493432,0.4854368932038835,-0.1998857795545403,Bournemouth,H,0.0002314236255750877,0.0002314236255750877,0.8298392732354996,,,,,,0.1716001716001716,0.543010752688172,0.11475409836065574,0.6568144499178982,0.15873015873015872,,,,1.1485417419413297,1.3208249120911413,1.0659650279694852,1.1222699635754185,0.8050148351715561,0.0,0.0,0.0,2.443023704384636,0.0,,,,,,,,,,,,,,0.1716001716001716,0.543010752688172,0.11475409836065574,,,0.0,0.0,0.0,0.0,0.0,0.0,,,,,,,,,,,,,,,,,,,0.0,0.0,0.0,0.0,0.0,0.0,,,,,,,,,,,,,,,,,,,0.0,0.0,0.0,0.0,0.0,0.0,,,,,,,,,,,,,,,,,,,0.0,0.0,0.0,0.0,0.0,0.0,,,,,,,,,,,,,,,,,,,0.0,0.0,0.0,0.0,0.0,0.0
Carlos Miguel dos Santos Pereira,GK,Nott'm Forest,4.0,0.0002314236255750877,0.0002314236255750877,0.0002314236255750877,0.0,0.0,0.0,0.2855511136493432,0.4854368932038835,-0.1998857795545403,Bournemouth,H,0.0002314236255750877,0.0002314236255750877,0.8298392732354996,,,,,,0.1716001716001716,0.543010752688172,0.11475409836065574,0.6568144499178982,0.15873015873015872,,,,1.1485417419413297,1.3208249120911413,1.0659650279694852,1.1222699635754185,0.8050148351715561,0.0,0.0,0.0,2.443023704384636,0.0,,,,,,,,,,,,,,0.1716001716001716,0.543010752688172,0.11475409836065574,,,0.0,0.0,0.0,0.0,0.0,0.0,,,,,,,,,,,,,,,,,,,0.0,0.0,0.0,0.0,0.0,0.0,,,,,,,,,,,,,,,,,,,0.0,0.0,0.0,0.0,0.0,0.0,,,,,,,,,,,,,,,,,,,0.0,0.0,0.0,0.0,0.0,0.0,,,,,,,,,,,,,,,,,,,0.0,0.0,0.0,0.0,0.0,0.0
John Victor Maciel Furtado,GK,Nott'm Forest,4.0,0.0002314236255750877,0.0002314236255750877,0.0002314236255750877,0.0,0.0,0.0,0.2855511136493432,0.4854368932038835,-0.1998857795545403,Bournemouth,H,0.0002314236255750877,0.0002314236255750877,0.8298392732354996,,,,,,0.1716001716001716,0.543010752688172,0.11475409836065574,0.6568144499178982,0.15873015873015872,,,,1.1485417419413297,1.3208249120911413,1.0659650279694852,1.1222699635754185,0.8050148351715561,0.0,0.0,0.0,2.443023704384636,0.0,,,,,,,,,,,,,,0.1716001716001716,0.543010752688172,0.11475409836065574,,,0.0,0.0,0.0,0.0,0.0,0.0,,,,,,,,,,,,,,,,,,,0.0,0.0,0.0,0.0,0.0,0.0,,,,,,,,,,,,,,,,,,,0.0,0.0,0.0,0.0,0.0,0.0,,,,,,,,,,,,,,,,,,,0.0,0.0,0.0,0.0,0.0,0.0,,,,,,,,,,,,,,,,,,,0.0,0.0,0.0,0.0,0.0,0.0
Matt Turner,GK,Nott'm Forest,4.0,0.0002314236255750877,0.0002314236255750877,0.0002314236255750877,0.0,0.0,0.0,0.2855511136493432,0.4854368932038835,-0.1998857795545403,Bournemouth,H,0.0002314236255750877,0.0002314236255750877,0.8298392732354996,,,,,,0.1716001716001716,0.543010752688172,0.11475409836065574,0.6568144499178982,0.15873015873015872,,,,1.1485417419413297,1.3208249120911413,1.0659650279694852,1.1222699635754185,0.8050148351715561,0.0,0.0,0.0,2.443023704384636,0.0,,,,,,,,,,,,,,0.1716001716001716,0.543010752688172,0.11475409836065574,,,0.0,0.0,0.0,0.0,0.0,0.0,,,,,,,,,,,,,,,,,,,0.0,0.0,0.0,0.0,0.0,0.0,,,,,,,,,,,,,,,,,,,0.0,0.0,0.0,0.0,0.0,0.0,,,,,,,,,,,,,,,,,,,0.0,0.0,0.0,0.0,0.0,0.0,,,,,,,,,,,,,,,,,,,0.0,0.0,0.0,0.0,0.0,0.0
Matz Sels,GK,Nott'm Forest,4.6,0.0002314236255750877,0.0002314236255750877,0.0002314236255750877,0.0,0.0,1.0,0.2855511136493432,0.4854368932038835,-0.1998857795545403,Bournemouth,H,0.0002314236255750877,0.0002314236255750877,0.8298392732354996,,,,,,0.1716001716001716,0.543010752688172,0.11475409836065574,0.6568144499178982,0.15873015873015872,,,,1.1485417419413297,1.3208249120911413,1.0659650279694852,1.1222699635754185,0.8050148351715561,2.1864155929510876,0.030389867577395483,2.2471953281058785,2.443023704384636,1.0,,,,,,,,,,,,,,0.1716001716001716,0.543010752688172,0.11475409836065574,,,0.0,0.0,1.370870984303031,0.011206627292775894,1.3932842388885827,1.0,,,,,,,,,,,,,,,,,,,0.0,0.0,2.0,0.026005000000000004,2.05201,1.0,,,,,,,,,,,,,,,,,,,0.0,0.0,2.0,0.026005000000000004,2.05201,1.0,,,,,,,,,,,,,,,,,,,0.0,0.0,2.0,0.026005000000000004,2.05201,1.0,,,,,,,,,,,,,,,,,,,0.0,0.0,2.0,0.026005000000000004,2.05201,9.177114931161174
Stefan Ortega Moreno,GK,Nott'm Forest,4.7,0.0002314236255750877,0.0002314236255750877,0.0002314236255750877,0.0,0.0,0.0,0.2855511136493432,0.4854368932038835,-0.1998857795545403,Bournemouth,H,0.0002314236255750877,0.0002314236255750877,0.8298392732354996,,,,,,0.1716001716001716,0.543010752688172,0.11475409836065574,0.6568144499178982,0.15873015873015872,,,,1.1485417419413297,1.3208249120911413,1.0659650279694852,1.1222699635754185,0.8050148351715561,0.0,0.0,0.0,2.443023704384636,0.0,,,,,,,,,,,,,,0.1716001716001716,0.543010752688172,0.11475409836065574,,,0.0,0.0,0.0,0.0,0.0,0.0,,,,,,,,,,,,,,,,,,,0.0,0.0,0.0,0.0,0.0,0.0,,,,,,,,,,,,,,,,,,,0.0,0.0,0.0,0.0,0.0,0.0,,,,,,,,,,,,,,,,,,,0.0,0.0,0.0,0.0,0.0,0.0,,,,,,,,,,,,,,,,,,,0.0,0.0,0.0,0.0,0.0,0.0
David Mota Veiga Teixeira do Carmo,DEF,Nott'm Forest,4.5,0.0002314236255750877,0.0002314236255750877,0.0002314236255750877,0.44,0.0,0.0,0.2855511136493432,0.4854368932038835,-0.1998857795545403,Bournemouth,H,0.0002314236255750877,0.0002314236255750877,0.8298392732354996,,,,,,0.1716001716001716,0.543010752688172,0.11475409836065574,,,,,,1.1489875852878055,1.319755802872815,,,0.8039437412748903,0.0,0.0,0.0,3.084380300615361,0.0,,,,,,,,,,,,,,0.1716001716001716,0.543010752688172,0.11475409836065574,,,0.44,0.0,0.0,0.0,0.0,0.0,,,,,,,,,,,,,,,,,,,0.44,0.0,0.0,0.0,0.0,0.0,,,,,,,,,,,,,,,,,,,0.44,0.0,0.0,0.0,0.0,0.0,,,,,,,,,,,,,,,,,,,0.44,0.0,0.0,0.0,0.0,0.0,,,,,,,,,,,,,,,,,,,0.44,0.0,0.0,0.0,0.0,0.0
Felipe Rodrigues da Silva,DEF,Nott'm Forest,4.3,0.0002314236255750877,0.0002314236255750877,0.0002314236255750877,0.445051727258175,0.0,0.0,0.2855511136493432,0.4854368932038835,-0.1998857795545403,Bournemouth,H,0.0002314236255750877,0.0002314236255750877,0.8298392732354996,,,,,,0.1716001716001716,0.543010752688172,0.11475409836065574,,,,,,1.1489875852878055,1.319755802872815,,,0.8039437412748903,0.0,0.0,0.0,3.084380300615361,0.0,,,,,,,,,,,,,,0.1716001716001716,0.543010752688172,0.11475409836065574,,,0.445051727258175,0.0,0.0,0.0,0.0,0.0,,,,,,,,,,,,,,,,,,,0.445051727258175,0.0,0.0,0.0,0.0,0.0,,,,,,,,,,,,,,,,,,,0.445051727258175,0.0,0.0,0.0,0.0,0.0,,,,,,,,,,,,,,,,,,,0.445051727258175,0.0,0.0,0.0,0.0,0.0,,,,,,,,,,,,,,,,,,,0.445051727258175,0.0,0.0,0.0,0.0,0.0
Jair Paula da Cunha Filho,DEF,Nott'm Forest,4.2,0.0002314236255750877,0.0002314236255750877,0.0002314236255750877,0.44,0.0,0.0,0.2855511136493432,0.4854368932038835,-0.1998857795545403,Bournemouth,H,0.0002314236255750877,0.0002314236255750877,0.8298392732354996,,,,,,0.1716001716001716,0.543010752688172,0.11475409836065574,,,,,,1.1489875852878055,1.319755802872815,,,0.8039437412748903,0.0,0.0,0.0,3.084380300615361,0.0,,,,,,,,,,,,,,0.1716001716001716,0.543010752688172,0.11475409836065574,,,0.44,0.0,0.0,0.0,0.0,0.0,,,,,,,,,,,,,,,,,,,0.44,0.0,0.0,0.0,0.0,0.0,,,,,,,,,,,,,,,,,,,0.44,0.0,0.0,0.0,0.0,0.0,,,,,,,,,,,,,,,,,,,0.44,0.0,0.0,0.0,0.0,0.0,,,,,,,,,,,,,,,,,,,0.44,0.0,0.0,0.0,0.0,0.0
Luca Netz,DEF,Nott'm Forest,4.5,0.0002314236255750877,0.0002314236255750877,0.0002314236255750877,0.44,0.0,1.0,0.2855511136493432,0.4854368932038835,-0.1998857795545403,Bournemouth,H,0.0002314236255750877,0.0002314236255750877,0.8298392732354996,0.07326007326007326,0.004738213693437574,0.0,0.17316017316017315,0.20050125313283207,0.1716001716001716,0.543010752688172,0.11475409836065574,,,1.0221638415694358,1.4230738835048988,0.8425015998008217,1.1489875852878055,1.319755802872815,,,0.8039437412748903,3.037839972371783,0.050417071830129084,3.1386741160320413,3.084380300615361,1.0,,,,,,,,,,,,,,0.1716001716001716,0.543010752688172,0.11475409836065574,,,0.44,0.0,2.250870984303031,0.0319059872927759,2.3146829588885827,1.0,,,,,,,,,,,,,,,,,,,0.44,0.0,2.88,0.04670436,2.97340872,1.0,,,,,,,,,,,,,,,,,,,0.44,0.0,2.88,0.04670436,2.97340872,1.0,,,,,,,,,,,,,,,,,,,0.44,0.0,2.88,0.04670436,2.97340872,1.0,,,,,,,,,,,,,,,,,,,0.44,0.0,2.88,0.04670436,2.97340872,13.431699047087335
Luis Eduardo Soares da Silva,DEF,Nott'm Forest,4.5,0.0002314236255750877,0.0002314236255750877,0.0002314236255750877,0.44,0.0,0.0,0.2855511136493432,0.4854368932038835,-0.1998857795545403,Bournemouth,H,0.0002314236255750877,0.0002314236255750877,0.8298392732354996,,,,,,0.1716001716001716,0.543010752688172,0.11475409836065574,,,,,,1.1489875852878055,1.319755802872815,,,0.8039437412748903,0.0,0.0,0.0,3.084380300615361,0.0,,,,,,,,,,,,,,0.1716001716001716,0.543010752688172,0.11475409836065574,,,0.44,0.0,0.0,0.0,0.0,0.0,,,,,,,,,,,,,,,,,,,0.44,0.0,0.0,0.0,0.0,0.0,,,,,,,,,,,,,,,,,,,0.44,0.0,0.0,0.0,0.0,0.0,,,,,,,,,,,,,,,,,,,0.44,0.0,0.0,0.0,0.0,0.0,,,,,,,,,,,,,,,,,,,0.44,0.0,0.0,0.0,0.0,0.0
Murillo dos Santos,DEF,Nott'm Forest,5.2,0.0002314236255750877,0.0002314236255750877,0.0002314236255750877,0.4719943102121906,0.0,0.0,0.2855511136493432,0.4854368932038835,-0.1998857795545403,Bournemouth,H,0.0002314236255750877,0.0002314236255750877,0.8298392732354996,,,,,,0.1716001716001716,0.543010752688172,0.11475409836065574,,,,,,1.1489875852878055,1.319755802872815,,,0.8039437412748903,0.0,0.0,0.0,3.084380300615361,0.0,,,,,,,,,,,,,,0.1716001716001716,0.543010752688172,0.11475409836065574,,,0.4719943102121906,0.0,0.0,0.0,0.0,0.0,,,,,,,,,,,,,,,,,,,0.4719943102121906,0.0,0.0,0.0,0.0,0.0,,,,,,,,,,,,,,,,,,,0.4719943102121906,0.0,0.0,0.0,0.0,0.0,,,,,,,,,,,,,,,,,,,0.4719943102121906,0.0,0.0,0.0,0.0,0.0,,,,,,,,,,,,,,,,,,,0.4719943102121906,0.0,0.0,0.0,0.0,0.0
Neco Williams,DEF,Nott'm Forest,4.7,0.0002314236255750877,0.0002314236255750877,0.0002314236255750877,0.2282172743835904,0.0,1.0,0.2855511136493432,0.4854368932038835,-0.1998857795545403,Bournemouth,H,0.0002314236255750877,0.0002314236255750877,0.8298392732354996,0.11204481792717086,0.009429514380009428,0.0,0.15873015873015872,0.18674136321195145,0.1716001716001716,0.543010752688172,0.11475409836065574,,,1.5633094047532547,1.3044843932128238,0.784682862559589,1.1489875852878055,1.319755802872815,,,0.8039437412748903,2.8456006398918188,0.045895218251535363,2.9373910763948894,3.084380300615361,1.0,,,,,,,,,,,,,,0.1716001716001716,0.543010752688172,0.11475409836065574,,,0.2282172743835904,0.0,1.8273055330702117,0.021942880748877524,1.8711912945679667,1.0,,,,,,,,,,,,,,,,,,,0.2282172743835904,0.0,2.456434548767181,0.03674125345610163,2.529917055679384,1.0,,,,,,,,,,,,,,,,,,,0.2282172743835904,0.0,2.456434548767181,0.03674125345610163,2.529917055679384,1.0,,,,,,,,,,,,,,,,,,,0.2282172743835904,0.0,2.456434548767181,0.03674125345610163,2.529917055679384,1.0,,,,,,,,,,,,,,,,,,,0.2282172743835904,0.0,2.456434548767181,0.03674125345610163,2.529917055679384,11.611671432679934
Nicolo Savona,DEF,Nott'm Forest,4.5,0.0002314236255750877,0.0002314236255750877,0.0002314236255750877,0.12080739023475062,0.0,0.0,0.2855511136493432,0.4854368932038835,-0.1998857795545403,Bournemouth,H,0.0002314236255750877,0.0002314236255750877,0.8298392732354996,,,,,,0.1716001716001716,0.543010752688172,0.11475409836065574,,,,,,1.1489875852878055,1.319755802872815,,,0.8039437412748903,0.0,0.0,0.0,3.084380300615361,0.0,,,,,,,,,,,,,,0.1716001716001716,0.543010752688172,0.11475409836065574,,,0.12080739023475062,0.0,0.0,0.0,0.0,0.0,,,,,,,,,,,,,,,,,,,0.12080739023475062,0.0,0.0,0.0,0.0,0.0,,,,,,,,,,,,,,,,,,,0.12080739023475062,0.0,0.0,0.0,0.0,0.0,,,,,,,,,,,,,,,,,,,0.12080739023475062,0.0,0.0,0.0,0.0,0.0,,,,,,,,,,,,,,,,,,,0.12080739023475062,0.0,0.0,0.0,0.0,0.0
Nikola Milenkovic,DEF,Nott'm Forest,5.1,0.0002314236255750877,0.0002314236255750877,0.0002314236255750877,0.34268281004704515,0.0,1.0,0.2855511136493432,0.4854368932038835,-0.1998857795545403,Bournemouth,H,0.0002314236255750877,0.0002314236255750877,0.8298392732354996,0.06802721088435373,0.004738213693437574,0.0,0.09523809523809523,0.19047619047619047,0.1716001716001716,0.543010752688172,0.11475409836065574,,,0.9491521386001903,0.7826906359276943,0.8003765198107807,1.1489875852878055,1.319755802872815,,,0.8039437412748903,2.5880672471019643,0.039837517786332405,2.667742282674629,3.084380300615361,1.0,,,,,,,,,,,,,,0.1716001716001716,0.543010752688172,0.11475409836065574,,,0.34268281004704515,0.0,2.056236604397121,0.027327797408629086,2.110892199214379,1.0,,,,,,,,,,,,,,,,,,,0.34268281004704515,0.0,2.6853656200940903,0.04212617011585319,2.769617960325797,1.0,,,,,,,,,,,,,,,,,,,0.34268281004704515,0.0,2.6853656200940903,0.04212617011585319,2.769617960325797,1.0,,,,,,,,,,,,,,,,,,,0.34268281004704515,0.0,2.6853656200940903,0.04212617011585319,2.769617960325797,1.0,,,,,,,,,,,,,,,,,,,0.34268281004704515,0.0,2.6853656200940903,0.04212617011585319,2.769617960325797,12.216930940919084
Ola Aina,DEF,Nott'm Forest,4.7,0.0002314236255750877,0.0002314236255750877,0.0002314236255750877,0.2544916747431296,0.0,0.0,0.2855511136493432,0.4854368932038835,-0.1998857795545403,Bournemouth,H,0.0002314236255750877,0.0002314236255750877,0.8298392732354996,0.05602240896358543,0.004738213693437574,0.0,0.15873015873015872,0.2405002405002405,0.1716001716001716,0.543010752688172,0.11475409836065574,,,0.7816547023766274,1.3044843932128238,1.0105764139025009,1.1489875852878055,1.319755802872815,,,0.8039437412748903,0.0,0.0,0.0,3.084380300615361,0.0,,,,,,,,,,,,,,0.1716001716001716,0.543010752688172,0.11475409836065574,,,0.2544916747431296,0.0,0.0,0.0,0.0,0.0,,,,,,,,,,,,,,,,,,,0.2544916747431296,0.0,0.0,0.0,0.0,0.0,,,,,,,,,,,,,,,,,,,0.2544916747431296,0.0,0.0,0.0,0.0,0.0,,,,,,,,,,,,,,,,,,,0.2544916747431296,0.0,0.0,0.0,0.0,0.0,,,,,,,,,,,,,,,,,,,0.2544916747431296,0.0,0.0,0.0,0.0,0.0
Oleksandr Zinchenko,DEF,Nott'm Forest,4.9,0.0002314236255750877,0.0002314236255750877,0.0002314236255750877,0.44,0.0,0.0,0.2855511136493432,0.4854368932038835,-0.1998857795545403,Bournemouth,H,0.0002314236255750877,0.0002314236255750877,0.8298392732354996,,,,,,0.1716001716001716,0.543010752688172,0.11475409836065574,,,,,,1.1489875852878055,1.319755802872815,,,0.8039437412748903,0.0,0.0,0.0,3.084380300615361,0.0,,,,,,,,,,,,,,0.1716001716001716,0.543010752688172,0.11475409836065574,,,0.44,0.0,0.0,0.0,0.0,0.0,,,,,,,,,,,,,,,,,,,0.44,0.0,0.0,0.0,0.0,0.0,,,,,,,,,,,,,,,,,,,0.44,0.0,0.0,0.0,0.0,0.0,,,,,,,,,,,,,,,,,,,0.44,0.0,0.0,0.0,0.0,0.0,,,,,,,,,,,,,,,,,,,0.44,0.0,0.0,0.0,0.0,0.0
Omar Richards,DEF,Nott'm Forest,4.5,0.0002314236255750877,0.0002314236255750877,0.0002314236255750877,0.44,0.0,0.0,0.2855511136493432,0.4854368932038835,-0.1998857795545403,Bournemouth,H,0.0002314236255750877,0.0002314236255750877,0.8298392732354996,,,,,,0.1716001716001716,0.543010752688172,0.11475409836065574,,,,,,1.1489875852878055,1.319755802872815,,,0.8039437412748903,0.0,0.0,0.0,3.084380300615361,0.0,,,,,,,,,,,,,,0.1716001716001716,0.543010752688172,0.11475409836065574,,,0.44,0.0,0.0,0.0,0.0,0.0,,,,,,,,,,,,,,,,,,,0.44,0.0,0.0,0.0,0.0,0.0,,,,,,,,,,,,,,,,,,,0.44,0.0,0.0,0.0,0.0,0.0,,,,,,,,,,,,,,,,,,,0.44,0.0,0.0,0.0,0.0,0.0,,,,,,,,,,,,,,,,,,,0.44,0.0,0.0,0.0,0.0,0.0
Willy Boly,DEF,Nott'm Forest,3.8,0.0002314236255750877,0.0002314236255750877,0.0002314236255750877,0.44,0.0,0.0,0.2855511136493432,0.4854368932038835,-0.1998857795545403,Bournemouth,H,0.0002314236255750877,0.0002314236255750877,0.8298392732354996,,,,,,0.1716001716001716,0.543010752688172,0.11475409836065574,,,,,,1.1489875852878055,1.319755802872815,,,0.8039437412748903,0.0,0.0,0.0,3.084380300615361,0.0,,,,,,,,,,,,,,0.1716001716001716,0.543010752688172,0.11475409836065574,,,0.44,0.0,0.0,0.0,0.0,0.0,,,,,,,,,,,,,,,,,,,0.44,0.0,0.0,0.0,0.0,0.0,,,,,,,,,,,,,,,,,,,0.44,0.0,0.0,0.0,0.0,0.0,,,,,,,,,,,,,,,,,,,0.44,0.0,0.0,0.0,0.0,0.0,,,,,,,,,,,,,,,,,,,0.44,0.0,0.0,0.0,0.0,0.0
Zach Abbott,DEF,Nott'm Forest,3.8,0.0002314236255750877,0.0002314236255750877,0.0002314236255750877,0.44,0.0,0.0,0.2855511136493432,0.4854368932038835,-0.1998857795545403,Bournemouth,H,0.0002314236255750877,0.0002314236255750877,0.8298392732354996,0.05602240896358543,0.004738213693437574,0.0,0.15873015873015872,0.1885902876001886,0.1716001716001716,0.543010752688172,0.11475409836065574,,,0.7816547023766274,1.3044843932128238,0.7924519998126541,1.1489875852878055,1.319755802872815,,,0.8039437412748903,0.0,0.0,0.0,3.084380300615361,0.0,,,,,,,,,,,,,,0.1716001716001716,0.543010752688172,0.11475409836065574,,,0.44,0.0,0.0,0.0,0.0,0.0,,,,,,,,,,,,,,,,,,,0.44,0.0,0.0,0.0,0.0,0.0,,,,,,,,,,,,,,,,,,,0.44,0.0,0.0,0.0,0.0,0.0,,,,,,,,,,,,,,,,,,,0.44,0.0,0.0,0.0,0.0,0.0,,,,,,,,,,,,,,,,,,,0.44,0.0,0.0,0.0,0.0,0.0
Callum Hudson-Odoi,MID,Nott'm Forest,5.7,0.0002314236255750877,0.0002314236255750877,0.0002314236255750877,0.0,0.05297512643594593,0.0,0.2855511136493432,0.4854368932038835,-0.1998857795545403,Bournemouth,H,0.0002314236255750877,0.0002314236255750877,0.8298392732354996,,,,,,0.1716001716001716,0.543010752688172,0.11475409836065574,,,,,,1.1479373087831395,1.3224004784729726,,,0.8064263778768744,0.0,0.0,0.0,4.018391913408052,0.0,,,,,,,,,,,,,,0.1716001716001716,0.543010752688172,0.11475409836065574,,,0.0,0.05297512643594593,0.0,0.0,0.0,0.0,,,,,,,,,,,,,,,,,,,0.0,0.05297512643594593,0.0,0.0,0.0,0.0,,,,,,,,,,,,,,,,,,,0.0,0.05297512643594593,0.0,0.0,0.0,0.0,,,,,,,,,,,,,,,,,,,0.0,0.05297512643594593,0.0,0.0,0.0,0.0,,,,,,,,,,,,,,,,,,,0.0,0.05297512643594593,0.0,0.0,0.0,0.0
Dan Ndoye,MID,Nott'm Forest,5.5,0.0002314236255750877,0.0002314236255750877,0.0002314236255750877,0.0,0.14252410636888646,0.0,0.2855511136493432,0.4854368932038835,-0.1998857795545403,Bournemouth,H,0.0002314236255750877,0.0002314236255750877,0.8298392732354996,0.21164021164021163,0.03663003663003663,0.0,0.22675736961451246,0.16006402561024408,0.1716001716001716,0.543010752688172,0.11475409836065574,,,1.4053991678681144,1.2413974725413837,0.6655087675055021,1.1479373087831395,1.3224004784729726,,,0.8064263778768744,0.0,0.0,0.0,4.018391913408052,0.0,,,,,,,,,,,,,,0.1716001716001716,0.543010752688172,0.11475409836065574,,,0.0,0.14252410636888646,0.0,0.0,0.0,0.0,,,,,,,,,,,,,,,,,,,0.0,0.14252410636888646,0.0,0.0,0.0,0.0,,,,,,,,,,,,,,,,,,,0.0,0.14252410636888646,0.0,0.0,0.0,0.0,,,,,,,,,,,,,,,,,,,0.0,0.14252410636888646,0.0,0.0,0.0,0.0,,,,,,,,,,,,,,,,,,,0.0,0.14252410636888646,0.0,0.0,0.0,0.0
Dilane Bakwa,MID,Nott'm Forest,5.9,0.0002314236255750877,0.0002314236255750877,0.0002314236255750877,0.0,0.26,0.0,0.2855511136493432,0.4854368932038835,-0.1998857795545403,Bournemouth,H,0.0002314236255750877,0.0002314236255750877,0.8298392732354996,0.17316017316017315,0.020703933747412008,0.0,0.29304029304029305,0.12870012870012867,0.1716001716001716,0.543010752688172,0.11475409836065574,,,1.149872046437548,1.6042675029765574,0.5351050225213159,1.1479373087831395,1.3224004784729726,,,0.8064263778768744,0.0,0.0,0.0,4.018391913408052,0.0,,,,,,,,,,,,,,0.1716001716001716,0.543010752688172,0.11475409836065574,,,0.0,0.26,0.0,0.0,0.0,0.0,,,,,,,,,,,,,,,,,,,0.0,0.26,0.0,0.0,0.0,0.0,,,,,,,,,,,,,,,,,,,0.0,0.26,0.0,0.0,0.0,0.0,,,,,,,,,,,,,,,,,,,0.0,0.26,0.0,0.0,0.0,0.0,,,,,,,,,,,,,,,,,,,0.0,0.26,0.0,0.0,0.0,0.0
Elliot Anderson,MID,Nott'm Forest,5.4,0.0002314236255750877,0.0002314236255750877,0.0002314236255750877,0.0,0.6762158161844722,1.0,0.2855511136493432,0.4854368932038835,-0.1998857795545403,Bournemouth,H,0.0002314236255750877,0.0002314236255750877,0.8298392732354996,0.12698412698412698,0.011757789535567312,0.0,0.21164021164021163,0.21164021164021163,0.1716001716001716,0.543010752688172,0.11475409836065574,,,0.8432395007208686,1.1586376410386248,0.8799504814794974,1.1479373087831395,1.3224004784729726,,,0.8064263778768744,4.641021809848011,0.08812711501124493,4.817276039870501,4.018391913408052,1.0,,,,,,,,,,,,,,0.1716001716001716,0.543010752688172,0.11475409836065574,,,0.0,0.6762158161844722,3.524031803969116,0.061853276092961554,3.647738356155039,1.0,,,,,,,,,,,,,,,,,,,0.0,0.6762158161844722,3.3524316323689445,0.05781689685658231,3.4680654260821093,1.0,,,,,,,,,,,,,,,,,,,0.0,0.6762158161844722,3.3524316323689445,0.05781689685658231,3.4680654260821093,1.0,,,,,,,,,,,,,,,,,,,0.0,0.6762158161844722,3.3524316323689445,0.05781689685658231,3.4680654260821093,1.0,,,,,,,,,,,,,,,,,,,0.0,0.6762158161844722,3.3524316323689445,0.05781689685658231,3.4680654260821093,17.62843683563219
Eric da Silva Moreira,MID,Nott'm Forest,4.5,0.0002314236255750877,0.0002314236255750877,0.0002314236255750877,0.0,0.26,0.0,0.2855511136493432,0.4854368932038835,-0.1998857795545403,Bournemouth,H,0.0002314236255750877,0.0002314236255750877,0.8298392732354996,0.14652014652014653,0.014214641080312722,0.0,0.21164021164021163,0.15741833923652104,0.1716001716001716,0.543010752688172,0.11475409836065574,,,0.9729686546779254,1.1586376410386248,0.6545086225880559,1.1479373087831395,1.3224004784729726,,,0.8064263778768744,0.0,0.0,0.0,4.018391913408052,0.0,,,,,,,,,,,,,,0.1716001716001716,0.543010752688172,0.11475409836065574,,,0.0,0.26,0.0,0.0,0.0,0.0,,,,,,,,,,,,,,,,,,,0.0,0.26,0.0,0.0,0.0,0.0,,,,,,,,,,,,,,,,,,,0.0,0.26,0.0,0.0,0.0,0.0,,,,,,,,,,,,,,,,,,,0.0,0.26,0.0,0.0,0.0,0.0,,,,,,,,,,,,,,,,,,,0.0,0.26,0.0,0.0,0.0,0.0
Ibrahim Sangare,MID,Nott'm Forest,4.9,0.0002314236255750877,0.0002314236255750877,0.0002314236255750877,0.0,0.37123982336648087,1.0,0.2855511136493432,0.4854368932038835,-0.1998857795545403,Bournemouth,H,0.0002314236255750877,0.0002314236255750877,0.8298392732354996,0.11204481792717086,0.007558578987150415,0.0,0.21994941163532386,0.2294893861158921,0.1716001716001716,0.543010752688172,0.11475409836065574,,,0.744034853577237,1.2041268786775545,0.9541631726886115,1.1479373087831395,1.3224004784729726,,,0.8064263778768744,3.9424556516948193,0.07169544183916554,4.08584653537315,4.018391913408052,1.0,,,,,,,,,,,,,,0.1716001716001716,0.543010752688172,0.11475409836065574,,,0.0,0.37123982336648087,2.9140798183331333,0.047505985486831964,3.0090917893067974,1.0,,,,,,,,,,,,,,,,,,,0.0,0.37123982336648087,2.7424796467329617,0.04346960625045272,2.829418859233867,1.0,,,,,,,,,,,,,,,,,,,0.0,0.37123982336648087,2.7424796467329617,0.04346960625045272,2.829418859233867,1.0,,,,,,,,,,,,,,,,,,,0.0,0.37123982336648087,2.7424796467329617,0.04346960625045272,2.829418859233867,1.0,,,,,,,,,,,,,,,,,,,0.0,0.37123982336648087,2.7424796467329617,0.04346960625045272,2.829418859233867,14.565947362138756
James McAtee,MID,Nott'm Forest,5.0,0.0002314236255750877,0.0002314236255750877,0.0002314236255750877,0.0,0.26,0.0,0.2855511136493432,0.4854368932038835,-0.1998857795545403,Bournemouth,H,0.0002314236255750877,0.0002314236255750877,0.8298392732354996,0.21164021164021163,0.03072196620583717,0.0,0.21994941163532386,0.11757789535567313,0.1716001716001716,0.543010752688172,0.11475409836065574,,,1.4053991678681144,1.2041268786775545,0.4888613785997208,1.1479373087831395,1.3224004784729726,,,0.8064263778768744,0.0,0.0,0.0,4.018391913408052,0.0,,,,,,,,,,,,,,0.1716001716001716,0.543010752688172,0.11475409836065574,,,0.0,0.26,0.0,0.0,0.0,0.0,,,,,,,,,,,,,,,,,,,0.0,0.26,0.0,0.0,0.0,0.0,,,,,,,,,,,,,,,,,,,0.0,0.26,0.0,0.0,0.0,0.0,,,,,,,,,,,,,,,,,,,0.0,0.26,0.0,0.0,0.0,0.0,,,,,,,,,,,,,,,,,,,0.0,0.26,0.0,0.0,0.0,0.0
João Pedro Ferreira da Silva,MID,Nott'm Forest,5.4,0.0002314236255750877,0.0002314236255750877,0.0002314236255750877,0.0,0.26,0.0,0.2855511136493432,0.4854368932038835,-0.1998857795545403,Bournemouth,H,0.0002314236255750877,0.0002314236255750877,0.8298392732354996,,,,,,0.1716001716001716,0.543010752688172,0.11475409836065574,,,,,,1.1479373087831395,1.3224004784729726,,,0.8064263778768744,0.0,0.0,0.0,4.018391913408052,0.0,,,,,,,,,,,,,,0.1716001716001716,0.543010752688172,0.11475409836065574,,,0.0,0.26,0.0,0.0,0.0,0.0,,,,,,,,,,,,,,,,,,,0.0,0.26,0.0,0.0,0.0,0.0,,,,,,,,,,,,,,,,,,,0.0,0.26,0.0,0.0,0.0,0.0,,,,,,,,,,,,,,,,,,,0.0,0.26,0.0,0.0,0.0,0.0,,,,,,,,,,,,,,,,,,,0.0,0.26,0.0,0.0,0.0,0.0
Lewis O'Brien,MID,Nott'm Forest,5.0,0.0002314236255750877,0.0002314236255750877,0.0002314236255750877,0.0,0.26,0.0,0.2855511136493432,0.4854368932038835,-0.1998857795545403,Bournemouth,H,0.0002314236255750877,0.0002314236255750877,0.8298392732354996,,,,,,0.1716001716001716,0.543010752688172,0.11475409836065574,,,,,,1.1479373087831395,1.3224004784729726,,,0.8064263778768744,0.0,0.0,0.0,4.018391913408052,0.0,,,,,,,,,,,,,,0.1716001716001716,0.543010752688172,0.11475409836065574,,,0.0,0.26,0.0,0.0,0.0,0.0,,,,,,,,,,,,,,,,,,,0.0,0.26,0.0,0.0,0.0,0.0,,,,,,,,,,,,,,,,,,,0.0,0.26,0.0,0.0,0.0,0.0,,,,,,,,,,,,,,,,,,,0.0,0.26,0.0,0.0,0.0,0.0,,,,,,,,,,,,,,,,,,,0.0,0.26,0.0,0.0,0.0,0.0
Marko Stamenić,MID,Nott'm Forest,4.5,0.0002314236255750877,0.0002314236255750877,0.0002314236255750877,0.0,0.26,0.0,0.2855511136493432,0.4854368932038835,-0.1998857795545403,Bournemouth,H,0.0002314236255750877,0.0002314236255750877,0.8298392732354996,,,,,,0.1716001716001716,0.543010752688172,0.11475409836065574,,,,,,1.1479373087831395,1.3224004784729726,,,0.8064263778768744,0.0,0.0,0.0,4.018391913408052,0.0,,,,,,,,,,,,,,0.1716001716001716,0.543010752688172,0.11475409836065574,,,0.0,0.26,0.0,0.0,0.0,0.0,,,,,,,,,,,,,,,,,,,0.0,0.26,0.0,0.0,0.0,0.0,,,,,,,,,,,,,,,,,,,0.0,0.26,0.0,0.0,0.0,0.0,,,,,,,,,,,,,,,,,,,0.0,0.26,0.0,0.0,0.0,0.0,,,,,,,,,,,,,,,,,,,0.0,0.26,0.0,0.0,0.0,0.0
Morgan Gibbs-White,MID,Nott'm Forest,7.3,0.0002314236255750877,0.0002314236255750877,0.0002314236255750877,0.0,0.05020624699305143,1.0,0.2855511136493432,0.4854368932038835,-0.1998857795545403,Bournemouth,H,0.0002314236255750877,0.0002314236255750877,0.8298392732354996,0.2801120448179272,0.06349206349206349,0.0,0.3072196620583717,0.19240019240019238,0.1716001716001716,0.543010752688172,0.11475409836065574,,,1.8600871339430927,1.6818933498947777,0.7999549831631794,1.1479373087831395,1.3224004784729726,,,0.8064263778768744,4.7192920009111505,0.08996818644543209,4.899228373802015,4.018391913408052,1.0,,,,,,,,,,,,,,0.1716001716001716,0.543010752688172,0.11475409836065574,,,0.0,0.05020624699305143,2.2720126655862742,0.03240328191992034,2.3368192294261148,1.0,,,,,,,,,,,,,,,,,,,0.0,0.05020624699305143,2.100412493986103,0.028366902683541122,2.1571462993531854,1.0,,,,,,,,,,,,,,,,,,,0.0,0.05020624699305143,2.100412493986103,0.028366902683541122,2.1571462993531854,1.0,,,,,,,,,,,,,,,,,,,0.0,0.05020624699305143,2.100412493986103,0.028366902683541122,2.1571462993531854,1.0,,,,,,,,,,,,,,,,,,,0.0,0.05020624699305143,2.100412493986103,0.028366902683541122,2.1571462993531854,12.925534357003132
Nicolas Dominguez,MID,Nott'm Forest,5.0,0.0002314236255750877,0.0002314236255750877,0.0002314236255750877,0.0,0.2456964045005513,0.0,0.2855511136493432,0.4854368932038835,-0.1998857795545403,Bournemouth,H,0.0002314236255750877,0.0002314236255750877,0.8298392732354996,0.12698412698412698,0.011757789535567312,0.0,0.15873015873015872,0.21893814997263275,0.1716001716001716,0.543010752688172,0.11475409836065574,,,0.8432395007208686,0.8689782307789685,0.9102936015305146,1.1479373087831395,1.3224004784729726,,,0.8064263778768744,0.0,0.0,0.0,4.018391913408052,0.0,,,,,,,,,,,,,,0.1716001716001716,0.543010752688172,0.11475409836065574,,,0.0,0.2456964045005513,0.0,0.0,0.0,0.0,,,,,,,,,,,,,,,,,,,0.0,0.2456964045005513,0.0,0.0,0.0,0.0,,,,,,,,,,,,,,,,,,,0.0,0.2456964045005513,0.0,0.0,0.0,0.0,,,,,,,,,,,,,,,,,,,0.0,0.2456964045005513,0.0,0.0,0.0,0.0,,,,,,,,,,,,,,,,,,,0.0,0.2456964045005513,0.0,0.0,0.0,0.0
Omari Hutchinson,MID,Nott'm Forest,5.4,0.0002314236255750877,0.0002314236255750877,0.0002314236255750877,0.0,0.12360699970992295,1.0,0.2855511136493432,0.4854368932038835,-0.1998857795545403,Bournemouth,H,0.0002314236255750877,0.0002314236255750877,0.8298392732354996,0.21164021164021163,0.03663003663003663,0.0,0.21994941163532386,0.14765596160944996,0.1716001716001716,0.543010752688172,0.11475409836065574,,,1.4053991678681144,1.2041268786775545,0.6139189405670912,1.1479373087831395,1.3224004784729726,,,0.8064263778768744,4.17235768566778,0.07710319748227754,4.326564080632335,4.018391913408052,1.0,,,,,,,,,,,,,,0.1716001716001716,0.543010752688172,0.11475409836065574,,,0.0,0.12360699970992295,2.4188141710200175,0.03585634693073285,2.4905268648814833,1.0,,,,,,,,,,,,,,,,,,,0.0,0.12360699970992295,2.247213999419846,0.03181996769435362,2.310853934808553,1.0,,,,,,,,,,,,,,,,,,,0.0,0.12360699970992295,2.247213999419846,0.03181996769435362,2.310853934808553,1.0,,,,,,,,,,,,,,,,,,,0.0,0.12360699970992295,2.247213999419846,0.03181996769435362,2.310853934808553,1.0,,,,,,,,,,,,,,,,,,,0.0,0.12360699970992295,2.247213999419846,0.03181996769435362,2.310853934808553,12.913902933245542
Ryan Yates,MID,Nott'm Forest,4.7,0.0002314236255750877,0.0002314236255750877,0.0002314236255750877,0.0,0.2251959276563701,0.0,0.2855511136493432,0.4854368932038835,-0.1998857795545403,Bournemouth,H,0.0002314236255750877,0.0002314236255750877,0.8298392732354996,0.11904761904761904,0.009429514380009428,0.0,0.13605442176870747,0.23809523809523808,0.1716001716001716,0.543010752688172,0.11475409836065574,,,0.7905370319258143,0.7448384835248302,0.9899442916644345,1.1479373087831395,1.3224004784729726,,,0.8064263778768744,0.0,0.0,0.0,4.018391913408052,0.0,,,,,,,,,,,,,,0.1716001716001716,0.543010752688172,0.11475409836065574,,,0.0,0.2251959276563701,0.0,0.0,0.0,0.0,,,,,,,,,,,,,,,,,,,0.0,0.2251959276563701,0.0,0.0,0.0,0.0,,,,,,,,,,,,,,,,,,,0.0,0.2251959276563701,0.0,0.0,0.0,0.0,,,,,,,,,,,,,,,,,,,0.0,0.2251959276563701,0.0,0.0,0.0,0.0,,,,,,,,,,,,,,,,,,,0.0,0.2251959276563701,0.0,0.0,0.0,0.0
Arnaud Kalimuendo,FWD,Nott'm Forest,6.0,0.0002314236255750877,0.0002314236255750877,0.0002314236255750877,0.0,0.0,0.0,0.2855511136493432,0.4854368932038835,-0.1998857795545403,Bournemouth,H,0.0002314236255750877,0.0002314236255750877,0.8298392732354996,,,,,,0.1716001716001716,0.543010752688172,0.11475409836065574,,,,,,1.1484907326006542,1.312260069475842,,,0.8027262800770426,0.0,0.0,0.0,3.764321415406909,0.0,,,,,,,,,,,,,,0.1716001716001716,0.543010752688172,0.11475409836065574,,,0.0,0.0,0.0,0.0,0.0,0.0,,,,,,,,,,,,,,,,,,,0.0,0.0,0.0,0.0,0.0,0.0,,,,,,,,,,,,,,,,,,,0.0,0.0,0.0,0.0,0.0,0.0,,,,,,,,,,,,,,,,,,,0.0,0.0,0.0,0.0,0.0,0.0,,,,,,,,,,,,,,,,,,,0.0,0.0,0.0,0.0,0.0,0.0
Chris Wood,FWD,Nott'm Forest,7.2,0.0002314236255750877,0.0002314236255750877,0.0002314236255750877,0.0,0.0,1.0,0.2855511136493432,0.4854368932038835,-0.1998857795545403,Bournemouth,H,0.0002314236255750877,0.0002314236255750877,0.8298392732354996,0.3401360544217687,0.09523809523809523,0.01,0.14652014652014653,0.10131712259371833,0.1716001716001716,0.543010752688172,0.11475409836065574,,,1.183652352913221,0.8150110000819251,0.5457125883414353,1.1484907326006542,1.312260069475842,,,0.8027262800770426,4.119739915606178,0.07586552229488851,4.271470960195955,3.764321415406909,1.0,,,,,,,,,,,,,,0.1716001716001716,0.543010752688172,0.11475409836065574,,,0.0,0.0,2.0,0.026005000000000004,2.05201,1.0,,,,,,,,,,,,,,,,,,,0.0,0.0,2.0,0.026005000000000004,2.05201,1.0,,,,,,,,,,,,,,,,,,,0.0,0.0,2.0,0.026005000000000004,2.05201,1.0,,,,,,,,,,,,,,,,,,,0.0,0.0,2.0,0.026005000000000004,2.05201,1.0,,,,,,,,,,,,,,,,,,,0.0,0.0,2.0,0.026005000000000004,2.05201,11.761307460195955
Igor Jesus,FWD,Nott'm Forest,5.8,0.0002314236255750877,0.0002314236255750877,0.0002314236255750877,0.0,0.0,1.0,0.2855511136493432,0.4854368932038835,-0.1998857795545403,Bournemouth,H,0.0002314236255750877,0.0002314236255750877,0.8298392732354996,0.2886002886002886,0.06349206349206349,0.0,0.25396825396825395,0.16006402561024408,0.1716001716001716,0.543010752688172,0.11475409836065574,,,1.0043110873203087,1.4126857334753367,0.8621341731780657,1.1484907326006542,1.312260069475842,,,0.8027262800770426,4.010210144663926,0.07328916302278488,4.156788470709496,3.764321415406909,1.0,,,,,,,,,,,,,,0.1716001716001716,0.543010752688172,0.11475409836065574,,,0.0,0.0,2.0,0.026005000000000004,2.05201,1.0,,,,,,,,,,,,,,,,,,,0.0,0.0,2.0,0.026005000000000004,2.05201,1.0,,,,,,,,,,,,,,,,,,,0.0,0.0,2.0,0.026005000000000004,2.05201,1.0,,,,,,,,,,,,,,,,,,,0.0,0.0,2.0,0.026005000000000004,2.05201,1.0,,,,,,,,,,,,,,,,,,,0.0,0.0,2.0,0.026005000000000004,2.05201,11.646624970709496
Lorenzo Lucca,FWD,Nott'm Forest,5.5,0.0002314236255750877,0.0002314236255750877,0.0002314236255750877,0.0,0.0,0.0,0.2855511136493432,0.4854368932038835,-0.1998857795545403,Bournemouth,H,0.0002314236255750877,0.0002314236255750877,0.8298392732354996,0.3401360544217687,0.08658008658008658,0.01,0.21164021164021163,0.21164021164021163,0.1716001716001716,0.543010752688172,0.11475409836065574,,,1.183652352913221,1.1772381112294472,1.1399329623132204,1.1484907326006542,1.312260069475842,,,0.8027262800770426,0.0,0.0,0.0,3.764321415406909,0.0,,,,,,,,,,,,,,0.1716001716001716,0.543010752688172,0.11475409836065574,,,0.0,0.0,0.0,0.0,0.0,0.0,,,,,,,,,,,,,,,,,,,0.0,0.0,0.0,0.0,0.0,0.0,,,,,,,,,,,,,,,,,,,0.0,0.0,0.0,0.0,0.0,0.0,,,,,,,,,,,,,,,,,,,0.0,0.0,0.0,0.0,0.0,0.0,,,,,,,,,,,,,,,,,,,0.0,0.0,0.0,0.0,0.0,0.0
Taiwo Awoniyi,FWD,Nott'm Forest,5.2,0.0002314236255750877,0.0002314236255750877,0.0002314236255750877,0.0,0.0,0.0,0.2855511136493432,0.4854368932038835,-0.1998857795545403,Bournemouth,H,0.0002314236255750877,0.0002314236255750877,0.8298392732354996,0.3463203463203463,0.09523809523809523,0.01,0.21164021164021163,0.10131712259371833,0.1716001716001716,0.543010752688172,0.11475409836065574,,,1.2051733047843705,1.1772381112294472,0.5457125883414353,1.1484907326006542,1.312260069475842,,,0.8027262800770426,0.0,0.0,0.0,3.764321415406909,0.0,,,,,,,,,,,,,,0.1716001716001716,0.543010752688172,0.11475409836065574,,,0.0,0.0,0.0,0.0,0.0,0.0,,,,,,,,,,,,,,,,,,,0.0,0.0,0.0,0.0,0.0,0.0,,,,,,,,,,,,,,,,,,,0.0,0.0,0.0,0.0,0.0,0.0,,,,,,,,,,,,,,,,,,,0.0,0.0,0.0,0.0,0.0,0.0,,,,,,,,,,,,,,,,,,,0.0,0.0,0.0,0.0,0.0,0.0
Antonín Kinský,GK,Spurs,3.9,0.0002314236255750877,0.15432098765432098,0.0002314236255750877,0.0,0.0,0.0,0.5109862033725089,0.24271844660194175,0.26826775677056713,Everton,H,0.0002314236255750877,0.0002314236255750877,0.0002314236255750877,,,,,,0.3272786777941417,0.32304038004750596,0.03739355794150315,0.47619047619047616,0.07326007326007326,,,,1.0361754408039292,1.1358506860458506,0.9641956597411829,0.9072241187872675,0.9738969554348053,0.0,0.0,0.0,3.1990728395187378,0.0,,,,,,,,,,,,,,0.3272786777941417,0.32304038004750596,0.03739355794150315,,,0.0,0.0,0.0,0.0,0.0,0.0,,,,,,,,,,,,,,,,,,,0.0,0.0,0.0,0.0,0.0,0.0,,,,,,,,,,,,,,,,,,,0.0,0.0,0.0,0.0,0.0,0.0,,,,,,,,,,,,,,,,,,,0.0,0.0,0.0,0.0,0.0,0.0,,,,,,,,,,,,,,,,,,,0.0,0.0,0.0,0.0,0.0,0.0
Brandon Austin,GK,Spurs,3.9,0.0002314236255750877,0.15432098765432098,0.0002314236255750877,0.0,0.0,0.0,0.5109862033725089,0.24271844660194175,0.26826775677056713,Everton,H,0.0002314236255750877,0.0002314236255750877,0.0002314236255750877,,,,,,0.3272786777941417,0.32304038004750596,0.03739355794150315,0.47619047619047616,0.07326007326007326,,,,1.0361754408039292,1.1358506860458506,0.9641956597411829,0.9072241187872675,0.9738969554348053,0.0,0.0,0.0,3.1990728395187378,0.0,,,,,,,,,,,,,,0.3272786777941417,0.32304038004750596,0.03739355794150315,,,0.0,0.0,0.0,0.0,0.0,0.0,,,,,,,,,,,,,,,,,,,0.0,0.0,0.0,0.0,0.0,0.0,,,,,,,,,,,,,,,,,,,0.0,0.0,0.0,0.0,0.0,0.0,,,,,,,,,,,,,,,,,,,0.0,0.0,0.0,0.0,0.0,0.0,,,,,,,,,,,,,,,,,,,0.0,0.0,0.0,0.0,0.0,0.0
Guglielmo Vicario,GK,Spurs,4.7,0.0002314236255750877,0.15432098765432098,0.0002314236255750877,0.0,0.0,0.0,0.5109862033725089,0.24271844660194175,0.26826775677056713,Everton,H,0.0002314236255750877,0.0002314236255750877,0.0002314236255750877,,,,,,0.3272786777941417,0.32304038004750596,0.03739355794150315,0.47619047619047616,0.07326007326007326,,,,1.0361754408039292,1.1358506860458506,0.9641956597411829,0.9072241187872675,0.9738969554348053,0.0,0.0,0.0,3.1990728395187378,0.0,,,,,,,,,,,,,,0.3272786777941417,0.32304038004750596,0.03739355794150315,,,0.0,0.0,0.0,0.0,0.0,0.0,,,,,,,,,,,,,,,,,,,0.0,0.0,0.0,0.0,0.0,0.0,,,,,,,,,,,,,,,,,,,0.0,0.0,0.0,0.0,0.0,0.0,,,,,,,,,,,,,,,,,,,0.0,0.0,0.0,0.0,0.0,0.0,,,,,,,,,,,,,,,,,,,0.0,0.0,0.0,0.0,0.0,0.0
Ashley Phillips,DEF,Spurs,4.0,0.0002314236255750877,0.15432098765432098,0.0002314236255750877,0.44,0.0,0.0,0.5109862033725089,0.24271844660194175,0.26826775677056713,Everton,H,0.0002314236255750877,0.0002314236255750877,0.0002314236255750877,,,,,,0.3272786777941417,0.32304038004750596,0.03739355794150315,,,,,,1.0375306904991282,1.1362007161839802,,,0.973094921737029,0.0,0.0,0.0,4.2732350393143435,0.0,,,,,,,,,,,,,,0.3272786777941417,0.32304038004750596,0.03739355794150315,,,0.44,0.0,0.0,0.0,0.0,0.0,,,,,,,,,,,,,,,,,,,0.44,0.0,0.0,0.0,0.0,0.0,,,,,,,,,,,,,,,,,,,0.44,0.0,0.0,0.0,0.0,0.0,,,,,,,,,,,,,,,,,,,0.44,0.0,0.0,0.0,0.0,0.0,,,,,,,,,,,,,,,,,,,0.44,0.0,0.0,0.0,0.0,0.0
Ben Davies,DEF,Spurs,4.3,0.0002314236255750877,0.15432098765432098,0.0002314236255750877,0.44,0.0,0.0,0.5109862033725089,0.24271844660194175,0.26826775677056713,Everton,H,0.0002314236255750877,0.0002314236255750877,0.0002314236255750877,,,,,,0.3272786777941417,0.32304038004750596,0.03739355794150315,,,,,,1.0375306904991282,1.1362007161839802,,,0.973094921737029,0.0,0.0,0.0,4.2732350393143435,0.0,,,,,,,,,,,,,,0.3272786777941417,0.32304038004750596,0.03739355794150315,,,0.44,0.0,0.0,0.0,0.0,0.0,,,,,,,,,,,,,,,,,,,0.44,0.0,0.0,0.0,0.0,0.0,,,,,,,,,,,,,,,,,,,0.44,0.0,0.0,0.0,0.0,0.0,,,,,,,,,,,,,,,,,,,0.44,0.0,0.0,0.0,0.0,0.0,,,,,,,,,,,,,,,,,,,0.44,0.0,0.0,0.0,0.0,0.0
Cristian Romero,DEF,Spurs,5.0,0.0002314236255750877,0.15432098765432098,0.0002314236255750877,0.4608229576549858,0.0,0.0,0.5109862033725089,0.24271844660194175,0.26826775677056713,Everton,H,0.0002314236255750877,0.0002314236255750877,0.0002314236255750877,,,,,,0.3272786777941417,0.32304038004750596,0.03739355794150315,,,,,,1.0375306904991282,1.1362007161839802,,,0.973094921737029,0.0,0.0,0.0,4.2732350393143435,0.0,,,,,,,,,,,,,,0.3272786777941417,0.32304038004750596,0.03739355794150315,,,0.4608229576549858,0.0,0.0,0.0,0.0,0.0,,,,,,,,,,,,,,,,,,,0.4608229576549858,0.0,0.0,0.0,0.0,0.0,,,,,,,,,,,,,,,,,,,0.4608229576549858,0.0,0.0,0.0,0.0,0.0,,,,,,,,,,,,,,,,,,,0.4608229576549858,0.0,0.0,0.0,0.0,0.0,,,,,,,,,,,,,,,,,,,0.4608229576549858,0.0,0.0,0.0,0.0,0.0
Destiny Udogie,DEF,Spurs,4.3,0.0002314236255750877,0.15432098765432098,0.0002314236255750877,0.10009148633418685,0.0,0.0,0.5109862033725089,0.24271844660194175,0.26826775677056713,Everton,H,0.0002314236255750877,0.0002314236255750877,0.0002314236255750877,0.06802721088435373,0.004738213693437574,0.0,0.15873015873015872,0.2868617326448652,0.3272786777941417,0.32304038004750596,0.03739355794150315,,,0.6932354216785813,0.973059207438928,1.32903037791622,1.0375306904991282,1.1362007161839802,,,0.973094921737029,0.0,0.0,0.0,4.2732350393143435,0.0,,,,,,,,,,,,,,0.3272786777941417,0.32304038004750596,0.03739355794150315,,,0.10009148633418685,0.0,0.0,0.0,0.0,0.0,,,,,,,,,,,,,,,,,,,0.10009148633418685,0.0,0.0,0.0,0.0,0.0,,,,,,,,,,,,,,,,,,,0.10009148633418685,0.0,0.0,0.0,0.0,0.0,,,,,,,,,,,,,,,,,,,0.10009148633418685,0.0,0.0,0.0,0.0,0.0,,,,,,,,,,,,,,,,,,,0.10009148633418685,0.0,0.0,0.0,0.0,0.0
Djed Spence,DEF,Spurs,4.2,0.0002314236255750877,0.15432098765432098,0.0002314236255750877,0.10900253902604717,0.0,1.0,0.5109862033725089,0.24271844660194175,0.26826775677056713,Everton,H,0.0002314236255750877,0.0002314236255750877,0.0002314236255750877,0.10025062656641603,0.00630715862503942,0.0,0.21164021164021163,0.23809523809523808,0.3272786777941417,0.32304038004750596,0.03739355794150315,,,1.0216100951052778,1.2974122765852374,1.1030952136704626,1.0375306904991282,1.1362007161839802,,,0.973094921737029,3.8424240212247724,0.0693424978272491,3.9811090168792704,4.2732350393143435,1.0,,,,,,,,,,,,,,0.3272786777941417,0.32304038004750596,0.03739355794150315,,,0.10900253902604717,0.0,2.8062519132506427,0.044969657503481614,2.896191228257606,1.0,,,,,,,,,,,,,,,,,,,0.10900253902604717,0.0,2.2180050780520943,0.031132915445941368,2.280270908943977,1.0,,,,,,,,,,,,,,,,,,,0.10900253902604717,0.0,2.2180050780520943,0.031132915445941368,2.280270908943977,1.0,,,,,,,,,,,,,,,,,,,0.10900253902604717,0.0,2.2180050780520943,0.031132915445941368,2.280270908943977,1.0,,,,,,,,,,,,,,,,,,,0.10900253902604717,0.0,2.2180050780520943,0.031132915445941368,2.280270908943977,12.82763010594137
James Rowswell,DEF,Spurs,4.0,0.0002314236255750877,0.15432098765432098,0.0002314236255750877,0.44,0.0,0.0,0.5109862033725089,0.24271844660194175,0.26826775677056713,Everton,H,0.0002314236255750877,0.0002314236255750877,0.0002314236255750877,0.041407867494824016,0.004738213693437574,0.0,,,0.3272786777941417,0.32304038004750596,0.03739355794150315,,,0.4219693871087017,,,1.0375306904991282,1.1362007161839802,,,0.973094921737029,0.0,0.0,0.0,4.2732350393143435,0.0,,,,,,,,,,,,,,0.3272786777941417,0.32304038004750596,0.03739355794150315,,,0.44,0.0,0.0,0.0,0.0,0.0,,,,,,,,,,,,,,,,,,,0.44,0.0,0.0,0.0,0.0,0.0,,,,,,,,,,,,,,,,,,,0.44,0.0,0.0,0.0,0.0,0.0,,,,,,,,,,,,,,,,,,,0.44,0.0,0.0,0.0,0.0,0.0,,,,,,,,,,,,,,,,,,,0.44,0.0,0.0,0.0,0.0,0.0
Joao Souza,DEF,Spurs,4.0,0.0002314236255750877,0.15432098765432098,0.0002314236255750877,0.44,0.0,0.0,0.5109862033725089,0.24271844660194175,0.26826775677056713,Everton,H,0.0002314236255750877,0.0002314236255750877,0.0002314236255750877,,,,,,0.3272786777941417,0.32304038004750596,0.03739355794150315,,,,,,1.0375306904991282,1.1362007161839802,,,0.973094921737029,0.0,0.0,0.0,4.2732350393143435,0.0,,,,,,,,,,,,,,0.3272786777941417,0.32304038004750596,0.03739355794150315,,,0.44,0.0,0.0,0.0,0.0,0.0,,,,,,,,,,,,,,,,,,,0.44,0.0,0.0,0.0,0.0,0.0,,,,,,,,,,,,,,,,,,,0.44,0.0,0.0,0.0,0.0,0.0,,,,,,,,,,,,,,,,,,,0.44,0.0,0.0,0.0,0.0,0.0,,,,,,,,,,,,,,,,,,,0.44,0.0,0.0,0.0,0.0,0.0
Jun'ai Byfield,DEF,Spurs,4.0,0.0002314236255750877,0.15432098765432098,0.0002314236255750877,0.44,0.0,0.0,0.5109862033725089,0.24271844660194175,0.26826775677056713,Everton,H,0.0002314236255750877,0.0002314236255750877,0.0002314236255750877,,,,,,0.3272786777941417,0.32304038004750596,0.03739355794150315,,,,,,1.0375306904991282,1.1362007161839802,,,0.973094921737029,0.0,0.0,0.0,4.2732350393143435,0.0,,,,,,,,,,,,,,0.3272786777941417,0.32304038004750596,0.03739355794150315,,,0.44,0.0,0.0,0.0,0.0,0.0,,,,,,,,,,,,,,,,,,,0.44,0.0,0.0,0.0,0.0,0.0,,,,,,,,,,,,,,,,,,,0.44,0.0,0.0,0.0,0.0,0.0,,,,,,,,,,,,,,,,,,,0.44,0.0,0.0,0.0,0.0,0.0,,,,,,,,,,,,,,,,,,,0.44,0.0,0.0,0.0,0.0,0.0
Kevin Danso,DEF,Spurs,4.2,0.0002314236255750877,0.15432098765432098,0.0002314236255750877,0.7379383409299899,0.0,1.0,0.5109862033725089,0.24271844660194175,0.26826775677056713,Everton,H,0.0002314236255750877,0.0002314236255750877,0.0002314236255750877,0.08658008658008658,0.004738213693437574,0.0,0.11204481792717086,0.2886002886002886,0.3272786777941417,0.32304038004750596,0.03739355794150315,,,0.8822996275909217,0.6868653228980669,1.3370851074793484,1.0375306904991282,1.1362007161839802,,,0.973094921737029,4.659567483880897,0.08856334635584646,4.83669417659259,4.2732350393143435,1.0,,,,,,,,,,,,,,0.3272786777941417,0.32304038004750596,0.03739355794150315,,,0.7379383409299899,0.0,4.064123517058528,0.0745573133682507,4.21323814379503,1.0,,,,,,,,,,,,,,,,,,,0.7379383409299899,0.0,3.4758766818599796,0.060720571310710444,3.5973178244814004,1.0,,,,,,,,,,,,,,,,,,,0.7379383409299899,0.0,3.4758766818599796,0.060720571310710444,3.5973178244814004,1.0,,,,,,,,,,,,,,,,,,,0.7379383409299899,0.0,3.4758766818599796,0.060720571310710444,3.5973178244814004,1.0,,,,,,,,,,,,,,,,,,,0.7379383409299899,0.0,3.4758766818599796,0.060720571310710444,3.5973178244814004,18.490436507366287
Luka Vušković,DEF,Spurs,3.9,0.0002314236255750877,0.15432098765432098,0.0002314236255750877,0.44,0.0,0.0,0.5109862033725089,0.24271844660194175,0.26826775677056713,Everton,H,0.0002314236255750877,0.0002314236255750877,0.0002314236255750877,,,,,,0.3272786777941417,0.32304038004750596,0.03739355794150315,,,,,,1.0375306904991282,1.1362007161839802,,,0.973094921737029,0.0,0.0,0.0,4.2732350393143435,0.0,,,,,,,,,,,,,,0.3272786777941417,0.32304038004750596,0.03739355794150315,,,0.44,0.0,0.0,0.0,0.0,0.0,,,,,,,,,,,,,,,,,,,0.44,0.0,0.0,0.0,0.0,0.0,,,,,,,,,,,,,,,,,,,0.44,0.0,0.0,0.0,0.0,0.0,,,,,,,,,,,,,,,,,,,0.44,0.0,0.0,0.0,0.0,0.0,,,,,,,,,,,,,,,,,,,0.44,0.0,0.0,0.0,0.0,0.0
Micky van de Ven,DEF,Spurs,4.5,0.0002314236255750877,0.15432098765432098,0.0002314236255750877,0.22539508085539484,0.0,1.0,0.5109862033725089,0.24271844660194175,0.26826775677056713,Everton,H,0.0002314236255750877,0.0002314236255750877,0.0002314236255750877,0.11904761904761904,0.009429514380009428,0.0,0.15873015873015872,0.24931438544003987,0.3272786777941417,0.32304038004750596,0.03739355794150315,,,1.2131619879375173,0.973059207438928,1.1550735221680235,1.0375306904991282,1.1362007161839802,,,0.973094921737029,4.036775888225545,0.07391404244284128,4.184603973111228,4.2732350393143435,1.0,,,,,,,,,,,,,,0.3272786777941417,0.32304038004750596,0.03739355794150315,,,0.22539508085539484,0.0,3.039036996909338,0.050445228241301446,3.139927453391941,1.0,,,,,,,,,,,,,,,,,,,0.22539508085539484,0.0,2.4507901617107897,0.036608486183761196,2.524007134078312,1.0,,,,,,,,,,,,,,,,,,,0.22539508085539484,0.0,2.4507901617107897,0.036608486183761196,2.524007134078312,1.0,,,,,,,,,,,,,,,,,,,0.22539508085539484,0.0,2.4507901617107897,0.036608486183761196,2.524007134078312,1.0,,,,,,,,,,,,,,,,,,,0.22539508085539484,0.0,2.4507901617107897,0.036608486183761196,2.524007134078312,13.920762283913648
Pedro Porro,DEF,Spurs,5.1,0.0002314236255750877,0.15432098765432098,0.0002314236255750877,0.22189528784295132,0.0,1.0,0.5109862033725089,0.24271844660194175,0.26826775677056713,Everton,H,0.0002314236255750877,0.0002314236255750877,0.0002314236255750877,0.14652014652014653,0.0156128024980484,0.0,0.27210884353741494,0.23515579071134626,0.3272786777941417,0.32304038004750596,0.03739355794150315,,,1.4931224466923292,1.6681014984667337,1.0894767542424322,1.0375306904991282,1.1362007161839802,,,0.973094921737029,4.586005844894519,0.08683302948360888,4.7596719038617366,4.2732350393143435,1.0,,,,,,,,,,,,,,0.3272786777941417,0.32304038004750596,0.03739355794150315,,,0.22189528784295132,0.0,3.032037410884451,0.05028058397882405,3.132598578842099,1.0,,,,,,,,,,,,,,,,,,,0.22189528784295132,0.0,2.4437905756859024,0.036443841921283804,2.51667825952847,1.0,,,,,,,,,,,,,,,,,,,0.22189528784295132,0.0,2.4437905756859024,0.036443841921283804,2.51667825952847,1.0,,,,,,,,,,,,,,,,,,,0.22189528784295132,0.0,2.4437905756859024,0.036443841921283804,2.51667825952847,1.0,,,,,,,,,,,,,,,,,,,0.22189528784295132,0.0,2.4437905756859024,0.036443841921283804,2.51667825952847,14.469079822557234
Radu Dragusin,DEF,Spurs,4.5,0.0002314236255750877,0.15432098765432098,0.0002314236255750877,0.44,0.0,0.0,0.5109862033725089,0.24271844660194175,0.26826775677056713,Everton,H,0.0002314236255750877,0.0002314236255750877,0.0002314236255750877,0.09523809523809523,0.004738213693437574,0.0,0.11904761904761904,0.22148394241417496,0.3272786777941417,0.32304038004750596,0.03739355794150315,,,0.9705295903500138,0.7297944055791961,1.026135082484151,1.0375306904991282,1.1362007161839802,,,0.973094921737029,0.0,0.0,0.0,4.2732350393143435,0.0,,,,,,,,,,,,,,0.3272786777941417,0.32304038004750596,0.03739355794150315,,,0.44,0.0,0.0,0.0,0.0,0.0,,,,,,,,,,,,,,,,,,,0.44,0.0,0.0,0.0,0.0,0.0,,,,,,,,,,,,,,,,,,,0.44,0.0,0.0,0.0,0.0,0.0,,,,,,,,,,,,,,,,,,,0.44,0.0,0.0,0.0,0.0,0.0,,,,,,,,,,,,,,,,,,,0.44,0.0,0.0,0.0,0.0,0.0
Takai Kōta,DEF,Spurs,4.0,0.0002314236255750877,0.15432098765432098,0.0002314236255750877,0.44,0.0,0.0,0.5109862033725089,0.24271844660194175,0.26826775677056713,Everton,H,0.0002314236255750877,0.0002314236255750877,0.0002314236255750877,,,,,,0.3272786777941417,0.32304038004750596,0.03739355794150315,,,,,,1.0375306904991282,1.1362007161839802,,,0.973094921737029,0.0,0.0,0.0,4.2732350393143435,0.0,,,,,,,,,,,,,,0.3272786777941417,0.32304038004750596,0.03739355794150315,,,0.44,0.0,0.0,0.0,0.0,0.0,,,,,,,,,,,,,,,,,,,0.44,0.0,0.0,0.0,0.0,0.0,,,,,,,,,,,,,,,,,,,0.44,0.0,0.0,0.0,0.0,0.0,,,,,,,,,,,,,,,,,,,0.44,0.0,0.0,0.0,0.0,0.0,,,,,,,,,,,,,,,,,,,0.44,0.0,0.0,0.0,0.0,0.0
Archie Gray,MID,Spurs,4.8,0.0002314236255750877,0.15432098765432098,0.0002314236255750877,0.0,0.1924105426961491,0.0,0.5109862033725089,0.24271844660194175,0.26826775677056713,Everton,H,0.0002314236255750877,0.0002314236255750877,0.0002314236255750877,0.14652014652014653,0.017006802721088433,0.0,0.26455026455026454,0.2506265664160401,0.3272786777941417,0.32304038004750596,0.03739355794150315,,,0.6866799471037051,1.0742720213120982,1.1664573171167183,1.0334708791300686,1.1272443921093493,,,0.9763547629236092,0.0,0.0,0.0,4.680208295829418,0.0,,,,,,,,,,,,,,0.3272786777941417,0.32304038004750596,0.03739355794150315,,,0.0,0.1924105426961491,0.0,0.0,0.0,0.0,,,,,,,,,,,,,,,,,,,0.0,0.1924105426961491,0.0,0.0,0.0,0.0,,,,,,,,,,,,,,,,,,,0.0,0.1924105426961491,0.0,0.0,0.0,0.0,,,,,,,,,,,,,,,,,,,0.0,0.1924105426961491,0.0,0.0,0.0,0.0,,,,,,,,,,,,,,,,,,,0.0,0.1924105426961491,0.0,0.0,0.0,0.0
Bryan Gil Salvatierra,MID,Spurs,4.9,0.0002314236255750877,0.15432098765432098,0.0002314236255750877,0.0,0.26,0.0,0.5109862033725089,0.24271844660194175,0.26826775677056713,Everton,H,0.0002314236255750877,0.0002314236255750877,0.0002314236255750877,,,,,,0.3272786777941417,0.32304038004750596,0.03739355794150315,,,,,,1.0334708791300686,1.1272443921093493,,,0.9763547629236092,0.0,0.0,0.0,4.680208295829418,0.0,,,,,,,,,,,,,,0.3272786777941417,0.32304038004750596,0.03739355794150315,,,0.0,0.26,0.0,0.0,0.0,0.0,,,,,,,,,,,,,,,,,,,0.0,0.26,0.0,0.0,0.0,0.0,,,,,,,,,,,,,,,,,,,0.0,0.26,0.0,0.0,0.0,0.0,,,,,,,,,,,,,,,,,,,0.0,0.26,0.0,0.0,0.0,0.0,,,,,,,,,,,,,,,,,,,0.0,0.26,0.0,0.0,0.0,0.0
Callum Olusesi,MID,Spurs,4.3,0.0002314236255750877,0.15432098765432098,0.0002314236255750877,0.0,0.26,0.0,0.5109862033725089,0.24271844660194175,0.26826775677056713,Everton,H,0.0002314236255750877,0.0002314236255750877,0.0002314236255750877,,,,,,0.3272786777941417,0.32304038004750596,0.03739355794150315,,,,,,1.0334708791300686,1.1272443921093493,,,0.9763547629236092,0.0,0.0,0.0,4.680208295829418,0.0,,,,,,,,,,,,,,0.3272786777941417,0.32304038004750596,0.03739355794150315,,,0.0,0.26,0.0,0.0,0.0,0.0,,,,,,,,,,,,,,,,,,,0.0,0.26,0.0,0.0,0.0,0.0,,,,,,,,,,,,,,,,,,,0.0,0.26,0.0,0.0,0.0,0.0,,,,,,,,,,,,,,,,,,,0.0,0.26,0.0,0.0,0.0,0.0,,,,,,,,,,,,,,,,,,,0.0,0.26,0.0,0.0,0.0,0.0
Conor Gallagher,MID,Spurs,5.4,0.0002314236255750877,0.15432098765432098,0.0002314236255750877,0.0,0.2846619122145183,1.0,0.5109862033725089,0.24271844660194175,0.26826775677056713,Everton,H,0.0002314236255750877,0.0002314236255750877,0.0002314236255750877,0.19047619047619047,0.026455026455026454,0.0,0.21994941163532386,0.33300033300033305,0.3272786777941417,0.32304038004750596,0.03739355794150315,,,0.8926839312348164,0.8931591863102895,1.5498383933718638,1.0334708791300686,1.1272443921093493,,,0.9763547629236092,4.308106488784901,0.08029628082919844,4.4686990504432975,4.680208295829418,1.0,,,,,,,,,,,,,,0.3272786777941417,0.32304038004750596,0.03739355794150315,,,0.0,0.2846619122145183,2.8966025022231783,0.047094884057293604,2.9907922703377654,1.0,,,,,,,,,,,,,,,,,,,0.0,0.2846619122145183,2.569323824429037,0.03939663499821981,2.6481170944254764,1.0,,,,,,,,,,,,,,,,,,,0.0,0.2846619122145183,2.569323824429037,0.03939663499821981,2.6481170944254764,1.0,,,,,,,,,,,,,,,,,,,0.0,0.2846619122145183,2.569323824429037,0.03939663499821981,2.6481170944254764,1.0,,,,,,,,,,,,,,,,,,,0.0,0.2846619122145183,2.569323824429037,0.03939663499821981,2.6481170944254764,14.42560034462173
Dejan Kulusevski,MID,Spurs,6.4,0.0002314236255750877,0.15432098765432098,0.0002314236255750877,0.0,0.26,0.0,0.5109862033725089,0.24271844660194175,0.26826775677056713,Everton,H,0.0002314236255750877,0.0002314236255750877,0.0002314236255750877,,,,,,0.3272786777941417,0.32304038004750596,0.03739355794150315,,,,,,1.0334708791300686,1.1272443921093493,,,0.9763547629236092,0.0,0.0,0.0,4.680208295829418,0.0,,,,,,,,,,,,,,0.3272786777941417,0.32304038004750596,0.03739355794150315,,,0.0,0.26,0.0,0.0,0.0,0.0,,,,,,,,,,,,,,,,,,,0.0,0.26,0.0,0.0,0.0,0.0,,,,,,,,,,,,,,,,,,,0.0,0.26,0.0,0.0,0.0,0.0,,,,,,,,,,,,,,,,,,,0.0,0.26,0.0,0.0,0.0,0.0,,,,,,,,,,,,,,,,,,,0.0,0.26,0.0,0.0,0.0,0.0
James Maddison,MID,Spurs,6.8,0.0002314236255750877,0.15432098765432098,0.0002314236255750877,0.0,0.26,0.0,0.5109862033725089,0.24271844660194175,0.26826775677056713,Everton,H,0.0002314236255750877,0.0002314236255750877,0.0002314236255750877,0.21994941163532386,0.03663003663003663,0.0,0.2976190476190476,0.26455026455026454,0.3272786777941417,0.32304038004750596,0.03739355794150315,,,1.0308128536198804,1.2085560239761104,1.2312605014009803,1.0334708791300686,1.1272443921093493,,,0.9763547629236092,0.0,0.0,0.0,4.680208295829418,0.0,,,,,,,,,,,,,,0.3272786777941417,0.32304038004750596,0.03739355794150315,,,0.0,0.26,0.0,0.0,0.0,0.0,,,,,,,,,,,,,,,,,,,0.0,0.26,0.0,0.0,0.0,0.0,,,,,,,,,,,,,,,,,,,0.0,0.26,0.0,0.0,0.0,0.0,,,,,,,,,,,,,,,,,,,0.0,0.26,0.0,0.0,0.0,0.0,,,,,,,,,,,,,,,,,,,0.0,0.26,0.0,0.0,0.0,0.0
Joao Palhinha,MID,Spurs,5.5,0.0002314236255750877,0.15432098765432098,0.0002314236255750877,0.0,0.5237325490807136,1.0,0.5109862033725089,0.24271844660194175,0.26826775677056713,Everton,H,0.0002314236255750877,0.0002314236255750877,0.0002314236255750877,0.19047619047619047,0.026455026455026454,0.0,0.21994941163532386,0.39032006245121,0.3272786777941417,0.32304038004750596,0.03739355794150315,,,0.8926839312348164,0.8931591863102895,1.8166138545260366,1.0334708791300686,1.1272443921093493,,,0.9763547629236092,4.728928033066415,0.09019484519378822,4.9093177234539915,4.680208295829418,1.0,,,,,,,,,,,,,,0.3272786777941417,0.32304038004750596,0.03739355794150315,,,0.0,0.5237325490807136,3.374743775955569,0.058341723098026904,3.491427222151623,1.0,,,,,,,,,,,,,,,,,,,0.0,0.5237325490807136,3.0474650981614273,0.0506434740389531,3.1487520462393337,1.0,,,,,,,,,,,,,,,,,,,0.0,0.5237325490807136,3.0474650981614273,0.0506434740389531,3.1487520462393337,1.0,,,,,,,,,,,,,,,,,,,0.0,0.5237325490807136,3.0474650981614273,0.0506434740389531,3.1487520462393337,1.0,,,,,,,,,,,,,,,,,,,0.0,0.5237325490807136,3.0474650981614273,0.0506434740389531,3.1487520462393337,16.693536591753006
Lucas Bergvall,MID,Spurs,5.2,0.0002314236255750877,0.15432098765432098,0.0002314236255750877,0.0,0.15072396656902476,0.0,0.5109862033725089,0.24271844660194175,0.26826775677056713,Everton,H,0.0002314236255750877,0.0002314236255750877,0.0002314236255750877,0.19047619047619047,0.023228803716608595,0.0,0.19047619047619047,0.30138637733574436,0.3272786777941417,0.32304038004750596,0.03739355794150315,,,0.8926839312348164,0.7734758553447106,1.4027018370390913,1.0334708791300686,1.1272443921093493,,,0.9763547629236092,0.0,0.0,0.0,4.680208295829418,0.0,,,,,,,,,,,,,,0.3272786777941417,0.32304038004750596,0.03739355794150315,,,0.0,0.15072396656902476,0.0,0.0,0.0,0.0,,,,,,,,,,,,,,,,,,,0.0,0.15072396656902476,0.0,0.0,0.0,0.0,,,,,,,,,,,,,,,,,,,0.0,0.15072396656902476,0.0,0.0,0.0,0.0,,,,,,,,,,,,,,,,,,,0.0,0.15072396656902476,0.0,0.0,0.0,0.0,,,,,,,,,,,,,,,,,,,0.0,0.15072396656902476,0.0,0.0,0.0,0.0
Lucá Williams-Barnett,MID,Spurs,4.5,0.0002314236255750877,0.15432098765432098,0.0002314236255750877,0.0,0.26,0.0,0.5109862033725089,0.24271844660194175,0.26826775677056713,Everton,H,0.0002314236255750877,0.0002314236255750877,0.0002314236255750877,,,,,,0.3272786777941417,0.32304038004750596,0.03739355794150315,,,,,,1.0334708791300686,1.1272443921093493,,,0.9763547629236092,0.0,0.0,0.0,4.680208295829418,0.0,,,,,,,,,,,,,,0.3272786777941417,0.32304038004750596,0.03739355794150315,,,0.0,0.26,0.0,0.0,0.0,0.0,,,,,,,,,,,,,,,,,,,0.0,0.26,0.0,0.0,0.0,0.0,,,,,,,,,,,,,,,,,,,0.0,0.26,0.0,0.0,0.0,0.0,,,,,,,,,,,,,,,,,,,0.0,0.26,0.0,0.0,0.0,0.0,,,,,,,,,,,,,,,,,,,0.0,0.26,0.0,0.0,0.0,0.0
Manor Solomon,MID,Spurs,5.4,0.0002314236255750877,0.15432098765432098,0.0002314236255750877,0.0,0.26,0.0,0.5109862033725089,0.24271844660194175,0.26826775677056713,Everton,H,0.0002314236255750877,0.0002314236255750877,0.0002314236255750877,,,,,,0.3272786777941417,0.32304038004750596,0.03739355794150315,,,,,,1.0334708791300686,1.1272443921093493,,,0.9763547629236092,0.0,0.0,0.0,4.680208295829418,0.0,,,,,,,,,,,,,,0.3272786777941417,0.32304038004750596,0.03739355794150315,,,0.0,0.26,0.0,0.0,0.0,0.0,,,,,,,,,,,,,,,,,,,0.0,0.26,0.0,0.0,0.0,0.0,,,,,,,,,,,,,,,,,,,0.0,0.26,0.0,0.0,0.0,0.0,,,,,,,,,,,,,,,,,,,0.0,0.26,0.0,0.0,0.0,0.0,,,,,,,,,,,,,,,,,,,0.0,0.26,0.0,0.0,0.0,0.0
Mathys Tel,MID,Spurs,6.2,0.0002314236255750877,0.15432098765432098,0.0002314236255750877,0.0,0.17779274787253874,1.0,0.5109862033725089,0.24271844660194175,0.26826775677056713,Everton,H,0.0002314236255750877,0.0002314236255750877,0.0002314236255750877,0.3072196620583717,0.07326007326007326,0.01,0.25396825396825395,0.25879917184265006,0.3272786777941417,0.32304038004750596,0.03739355794150315,,,1.4398127923142199,1.0313011404596142,1.2044939687618286,1.0334708791300686,1.1272443921093493,,,0.9763547629236092,5.138368440193556,0.09982570245023283,5.3380198450940215,4.680208295829418,1.0,,,,,,,,,,,,,,0.3272786777941417,0.32304038004750596,0.03739355794150315,,,0.0,0.17779274787253874,2.6828641735392194,0.042067331089989515,2.7669988357191984,1.0,,,,,,,,,,,,,,,,,,,0.0,0.17779274787253874,2.3555854957450775,0.03436908203091571,2.424323659806909,1.0,,,,,,,,,,,,,,,,,,,0.0,0.17779274787253874,2.3555854957450775,0.03436908203091571,2.424323659806909,1.0,,,,,,,,,,,,,,,,,,,0.0,0.17779274787253874,2.3555854957450775,0.03436908203091571,2.424323659806909,1.0,,,,,,,,,,,,,,,,,,,0.0,0.17779274787253874,2.3555854957450775,0.03436908203091571,2.424323659806909,14.478075102914687
Mikey Moore,MID,Spurs,5.0,0.0002314236255750877,0.15432098765432098,0.0002314236255750877,0.0,0.26,0.0,0.5109862033725089,0.24271844660194175,0.26826775677056713,Everton,H,0.0002314236255750877,0.0002314236255750877,0.0002314236255750877,,,,,,0.3272786777941417,0.32304038004750596,0.03739355794150315,,,,,,1.0334708791300686,1.1272443921093493,,,0.9763547629236092,0.0,0.0,0.0,4.680208295829418,0.0,,,,,,,,,,,,,,0.3272786777941417,0.32304038004750596,0.03739355794150315,,,0.0,0.26,0.0,0.0,0.0,0.0,,,,,,,,,,,,,,,,,,,0.0,0.26,0.0,0.0,0.0,0.0,,,,,,,,,,,,,,,,,,,0.0,0.26,0.0,0.0,0.0,0.0,,,,,,,,,,,,,,,,,,,0.0,0.26,0.0,0.0,0.0,0.0,,,,,,,,,,,,,,,,,,,0.0,0.26,0.0,0.0,0.0,0.0
Mohammed Kudus,MID,Spurs,6.4,0.0002314236255750877,0.15432098765432098,0.0002314236255750877,0.0,0.15865525393145719,0.0,0.5109862033725089,0.24271844660194175,0.26826775677056713,Everton,H,0.0002314236255750877,0.0002314236255750877,0.0002314236255750877,,,,,,0.3272786777941417,0.32304038004750596,0.03739355794150315,,,,,,1.0334708791300686,1.1272443921093493,,,0.9763547629236092,0.0,0.0,0.0,4.680208295829418,0.0,,,,,,,,,,,,,,0.3272786777941417,0.32304038004750596,0.03739355794150315,,,0.0,0.15865525393145719,0.0,0.0,0.0,0.0,,,,,,,,,,,,,,,,,,,0.0,0.15865525393145719,0.0,0.0,0.0,0.0,,,,,,,,,,,,,,,,,,,0.0,0.15865525393145719,0.0,0.0,0.0,0.0,,,,,,,,,,,,,,,,,,,0.0,0.15865525393145719,0.0,0.0,0.0,0.0,,,,,,,,,,,,,,,,,,,0.0,0.15865525393145719,0.0,0.0,0.0,0.0
Pape Matar Sarr,MID,Spurs,4.5,0.0002314236255750877,0.15432098765432098,0.0002314236255750877,0.0,0.4658467727833858,1.0,0.5109862033725089,0.24271844660194175,0.26826775677056713,Everton,H,0.0002314236255750877,0.0002314236255750877,0.0002314236255750877,0.19047619047619047,0.023228803716608595,0.0,0.25396825396825395,0.3132832080200501,0.3272786777941417,0.32304038004750596,0.03739355794150315,,,0.8926839312348164,1.0313011404596142,1.4580716463958978,1.0334708791300686,1.1272443921093493,,,0.9763547629236092,4.776118748209621,0.0913048651953867,4.958728478600394,4.680208295829418,1.0,,,,,,,,,,,,,,0.3272786777941417,0.32304038004750596,0.03739355794150315,,,0.0,0.4658467727833858,3.2589722233609137,0.05561854463789541,3.3702093126367045,1.0,,,,,,,,,,,,,,,,,,,0.0,0.4658467727833858,2.9316935455667714,0.0479202955788216,3.0275341367244146,1.0,,,,,,,,,,,,,,,,,,,0.0,0.4658467727833858,2.9316935455667714,0.0479202955788216,3.0275341367244146,1.0,,,,,,,,,,,,,,,,,,,0.0,0.4658467727833858,2.9316935455667714,0.0479202955788216,3.0275341367244146,1.0,,,,,,,,,,,,,,,,,,,0.0,0.4658467727833858,2.9316935455667714,0.0479202955788216,3.0275341367244146,16.300501977169954
Rio Kyerematen,MID,Spurs,4.5,0.0002314236255750877,0.15432098765432098,0.0002314236255750877,0.0,0.26,0.0,0.5109862033725089,0.24271844660194175,0.26826775677056713,Everton,H,0.0002314236255750877,0.0002314236255750877,0.0002314236255750877,,,,,,0.3272786777941417,0.32304038004750596,0.03739355794150315,,,,,,1.0334708791300686,1.1272443921093493,,,0.9763547629236092,0.0,0.0,0.0,4.680208295829418,0.0,,,,,,,,,,,,,,0.3272786777941417,0.32304038004750596,0.03739355794150315,,,0.0,0.26,0.0,0.0,0.0,0.0,,,,,,,,,,,,,,,,,,,0.0,0.26,0.0,0.0,0.0,0.0,,,,,,,,,,,,,,,,,,,0.0,0.26,0.0,0.0,0.0,0.0,,,,,,,,,,,,,,,,,,,0.0,0.26,0.0,0.0,0.0,0.0,,,,,,,,,,,,,,,,,,,0.0,0.26,0.0,0.0,0.0,0.0
Rodrigo Bentancur,MID,Spurs,5.3,0.0002314236255750877,0.15432098765432098,0.0002314236255750877,0.0,0.6160939987499835,1.0,0.5109862033725089,0.24271844660194175,0.26826775677056713,Everton,H,0.0002314236255750877,0.0002314236255750877,0.0002314236255750877,0.13605442176870747,0.01341381623071764,0.0,0.17316017316017315,0.3621220351258374,0.3272786777941417,0.32304038004750596,0.03739355794150315,,,0.6376313794534403,0.7031598684951915,1.685375591271304,1.0334708791300686,1.1272443921093493,,,0.9763547629236092,4.464166349645916,0.08396712087637125,4.632100591398658,4.680208295829418,1.0,,,,,,,,,,,,,,0.3272786777941417,0.32304038004750596,0.03739355794150315,,,0.0,0.6160939987499835,3.559466675294109,0.06268677513626804,3.6848402255666453,1.0,,,,,,,,,,,,,,,,,,,0.0,0.6160939987499835,3.2321879974999668,0.05498852607719422,3.3421650496543553,1.0,,,,,,,,,,,,,,,,,,,0.0,0.6160939987499835,3.2321879974999668,0.05498852607719422,3.3421650496543553,1.0,,,,,,,,,,,,,,,,,,,0.0,0.6160939987499835,3.2321879974999668,0.05498852607719422,3.3421650496543553,1.0,,,,,,,,,,,,,,,,,,,0.0,0.6160939987499835,3.2321879974999668,0.05498852607719422,3.3421650496543553,17.1222769221625
Son Heung-min,MID,Spurs,8.5,0.0002314236255750877,0.15432098765432098,0.0002314236255750877,0.0,0.26,0.0,0.5109862033725089,0.24271844660194175,0.26826775677056713,Everton,H,0.0002314236255750877,0.0002314236255750877,0.0002314236255750877,,,,,,0.3272786777941417,0.32304038004750596,0.03739355794150315,,,,,,1.0334708791300686,1.1272443921093493,,,0.9763547629236092,0.0,0.0,0.0,4.680208295829418,0.0,,,,,,,,,,,,,,0.3272786777941417,0.32304038004750596,0.03739355794150315,,,0.0,0.26,0.0,0.0,0.0,0.0,,,,,,,,,,,,,,,,,,,0.0,0.26,0.0,0.0,0.0,0.0,,,,,,,,,,,,,,,,,,,0.0,0.26,0.0,0.0,0.0,0.0,,,,,,,,,,,,,,,,,,,0.0,0.26,0.0,0.0,0.0,0.0,,,,,,,,,,,,,,,,,,,0.0,0.26,0.0,0.0,0.0,0.0
Wilson Odobert,MID,Spurs,5.3,0.0002314236255750877,0.15432098765432098,0.0002314236255750877,0.0,0.12312136858249889,0.0,0.5109862033725089,0.24271844660194175,0.26826775677056713,Everton,H,0.0002314236255750877,0.0002314236255750877,0.0002314236255750877,,,,,,0.3272786777941417,0.32304038004750596,0.03739355794150315,,,,,,1.0334708791300686,1.1272443921093493,,,0.9763547629236092,0.0,0.0,0.0,4.680208295829418,0.0,,,,,,,,,,,,,,0.3272786777941417,0.32304038004750596,0.03739355794150315,,,0.0,0.12312136858249889,0.0,0.0,0.0,0.0,,,,,,,,,,,,,,,,,,,0.0,0.12312136858249889,0.0,0.0,0.0,0.0,,,,,,,,,,,,,,,,,,,0.0,0.12312136858249889,0.0,0.0,0.0,0.0,,,,,,,,,,,,,,,,,,,0.0,0.12312136858249889,0.0,0.0,0.0,0.0,,,,,,,,,,,,,,,,,,,0.0,0.12312136858249889,0.0,0.0,0.0,0.0
Xavi Simons,MID,Spurs,6.5,0.0002314236255750877,0.15432098765432098,0.0002314236255750877,0.0,0.17965866916478546,0.0,0.5109862033725089,0.24271844660194175,0.26826775677056713,Everton,H,0.0002314236255750877,0.0002314236255750877,0.0002314236255750877,,,,,,0.3272786777941417,0.32304038004750596,0.03739355794150315,,,,,,1.0334708791300686,1.1272443921093493,,,0.9763547629236092,0.0,0.0,0.0,4.680208295829418,0.0,,,,,,,,,,,,,,0.3272786777941417,0.32304038004750596,0.03739355794150315,,,0.0,0.17965866916478546,0.0,0.0,0.0,0.0,,,,,,,,,,,,,,,,,,,0.0,0.17965866916478546,0.0,0.0,0.0,0.0,,,,,,,,,,,,,,,,,,,0.0,0.17965866916478546,0.0,0.0,0.0,0.0,,,,,,,,,,,,,,,,,,,0.0,0.17965866916478546,0.0,0.0,0.0,0.0,,,,,,,,,,,,,,,,,,,0.0,0.17965866916478546,0.0,0.0,0.0,0.0
Yang Min-hyeok,MID,Spurs,4.5,0.0002314236255750877,0.15432098765432098,0.0002314236255750877,0.0,0.26,0.0,0.5109862033725089,0.24271844660194175,0.26826775677056713,Everton,H,0.0002314236255750877,0.0002314236255750877,0.0002314236255750877,,,,,,0.3272786777941417,0.32304038004750596,0.03739355794150315,,,,,,1.0334708791300686,1.1272443921093493,,,0.9763547629236092,0.0,0.0,0.0,4.680208295829418,0.0,,,,,,,,,,,,,,0.3272786777941417,0.32304038004750596,0.03739355794150315,,,0.0,0.26,0.0,0.0,0.0,0.0,,,,,,,,,,,,,,,,,,,0.0,0.26,0.0,0.0,0.0,0.0,,,,,,,,,,,,,,,,,,,0.0,0.26,0.0,0.0,0.0,0.0,,,,,,,,,,,,,,,,,,,0.0,0.26,0.0,0.0,0.0,0.0,,,,,,,,,,,,,,,,,,,0.0,0.26,0.0,0.0,0.0,0.0
Yusuf Akhamrich,MID,Spurs,4.5,0.0002314236255750877,0.15432098765432098,0.0002314236255750877,0.0,0.26,0.0,0.5109862033725089,0.24271844660194175,0.26826775677056713,Everton,H,0.0002314236255750877,0.0002314236255750877,0.0002314236255750877,,,,,,0.3272786777941417,0.32304038004750596,0.03739355794150315,,,,,,1.0334708791300686,1.1272443921093493,,,0.9763547629236092,0.0,0.0,0.0,4.680208295829418,0.0,,,,,,,,,,,,,,0.3272786777941417,0.32304038004750596,0.03739355794150315,,,0.0,0.26,0.0,0.0,0.0,0.0,,,,,,,,,,,,,,,,,,,0.0,0.26,0.0,0.0,0.0,0.0,,,,,,,,,,,,,,,,,,,0.0,0.26,0.0,0.0,0.0,0.0,,,,,,,,,,,,,,,,,,,0.0,0.26,0.0,0.0,0.0,0.0,,,,,,,,,,,,,,,,,,,0.0,0.26,0.0,0.0,0.0,0.0
Yves Bissouma,MID,Spurs,5.2,0.0002314236255750877,0.15432098765432098,0.0002314236255750877,0.0,0.26,0.0,0.5109862033725089,0.24271844660194175,0.26826775677056713,Everton,H,0.0002314236255750877,0.0002314236255750877,0.0002314236255750877,0.09523809523809523,0.005411255411255411,0.0,0.10582010582010581,0.36489691662105456,0.3272786777941417,0.32304038004750596,0.03739355794150315,,,0.4463419656174082,0.4297088085248393,1.698290346759973,1.0334708791300686,1.1272443921093493,,,0.9763547629236092,0.0,0.0,0.0,4.680208295829418,0.0,,,,,,,,,,,,,,0.3272786777941417,0.32304038004750596,0.03739355794150315,,,0.0,0.26,0.0,0.0,0.0,0.0,,,,,,,,,,,,,,,,,,,0.0,0.26,0.0,0.0,0.0,0.0,,,,,,,,,,,,,,,,,,,0.0,0.26,0.0,0.0,0.0,0.0,,,,,,,,,,,,,,,,,,,0.0,0.26,0.0,0.0,0.0,0.0,,,,,,,,,,,,,,,,,,,0.0,0.26,0.0,0.0,0.0,0.0
Dane Scarlett,FWD,Spurs,4.3,0.0002314236255750877,0.15432098765432098,0.0002314236255750877,0.0,0.0,0.0,0.5109862033725089,0.24271844660194175,0.26826775677056713,Everton,H,0.0002314236255750877,0.0002314236255750877,0.0002314236255750877,,,,,,0.3272786777941417,0.32304038004750596,0.03739355794150315,,,,,,1.0388604133303025,1.137302191490838,,,0.9706514499857942,0.0,0.0,0.0,4.653622964199371,0.0,,,,,,,,,,,,,,0.3272786777941417,0.32304038004750596,0.03739355794150315,,,0.0,0.0,0.0,0.0,0.0,0.0,,,,,,,,,,,,,,,,,,,0.0,0.0,0.0,0.0,0.0,0.0,,,,,,,,,,,,,,,,,,,0.0,0.0,0.0,0.0,0.0,0.0,,,,,,,,,,,,,,,,,,,0.0,0.0,0.0,0.0,0.0,0.0,,,,,,,,,,,,,,,,,,,0.0,0.0,0.0,0.0,0.0,0.0
Dominic Solanke,FWD,Spurs,7.2,0.0002314236255750877,0.15432098765432098,0.0002314236255750877,0.0,0.0,0.0,0.5109862033725089,0.24271844660194175,0.26826775677056713,Everton,H,0.0002314236255750877,0.0002314236255750877,0.0002314236255750877,0.3527336860670194,0.09523809523809523,0.01,0.21164021164021163,0.16563146997929606,0.3272786777941417,0.32304038004750596,0.03739355794150315,,,0.8758590388910698,0.9141305909439611,0.9646777347922,1.0388604133303025,1.137302191490838,,,0.9706514499857942,0.0,0.0,0.0,4.653622964199371,0.0,,,,,,,,,,,,,,0.3272786777941417,0.32304038004750596,0.03739355794150315,,,0.0,0.0,0.0,0.0,0.0,0.0,,,,,,,,,,,,,,,,,,,0.0,0.0,0.0,0.0,0.0,0.0,,,,,,,,,,,,,,,,,,,0.0,0.0,0.0,0.0,0.0,0.0,,,,,,,,,,,,,,,,,,,0.0,0.0,0.0,0.0,0.0,0.0,,,,,,,,,,,,,,,,,,,0.0,0.0,0.0,0.0,0.0,0.0
Randal Kolo Muani,FWD,Spurs,6.9,0.0002314236255750877,0.15432098765432098,0.0002314236255750877,0.0,0.0,0.0,0.5109862033725089,0.24271844660194175,0.26826775677056713,Everton,H,0.0002314236255750877,0.0002314236255750877,0.0002314236255750877,0.33068783068783064,0.07936507936507936,0.01,0.26455026455026454,0.21645021645021642,0.3272786777941417,0.32304038004750596,0.03739355794150315,,,0.8211178489603778,1.1426632386799513,1.2606584034216248,1.0388604133303025,1.137302191490838,,,0.9706514499857942,0.0,0.0,0.0,4.653622964199371,0.0,,,,,,,,,,,,,,0.3272786777941417,0.32304038004750596,0.03739355794150315,,,0.0,0.0,0.0,0.0,0.0,0.0,,,,,,,,,,,,,,,,,,,0.0,0.0,0.0,0.0,0.0,0.0,,,,,,,,,,,,,,,,,,,0.0,0.0,0.0,0.0,0.0,0.0,,,,,,,,,,,,,,,,,,,0.0,0.0,0.0,0.0,0.0,0.0,,,,,,,,,,,,,,,,,,,0.0,0.0,0.0,0.0,0.0,0.0
Richarlison,FWD,Spurs,6.3,0.0002314236255750877,0.15432098765432098,0.0002314236255750877,0.0,0.0,1.0,0.5109862033725089,0.24271844660194175,0.26826775677056713,Everton,H,0.0002314236255750877,0.0002314236255750877,0.0002314236255750877,0.40184850311432585,0.11904761904761904,0.01,0.25396825396825395,0.2454590083456063,0.3272786777941417,0.32304038004750596,0.03739355794150315,,,0.9978140949391933,1.0969567091327532,1.4296126224368944,1.0388604133303025,1.137302191490838,,,0.9706514499857942,4.640030242206935,0.08810379135719153,4.816237824921318,4.653622964199371,1.0,,,,,,,,,,,,,,0.3272786777941417,0.32304038004750596,0.03739355794150315,,,0.0,0.0,2.0,0.026005000000000004,2.05201,1.0,,,,,,,,,,,,,,,,,,,0.0,0.0,2.0,0.026005000000000004,2.05201,1.0,,,,,,,,,,,,,,,,,,,0.0,0.0,2.0,0.026005000000000004,2.05201,1.0,,,,,,,,,,,,,,,,,,,0.0,0.0,2.0,0.026005000000000004,2.05201,1.0,,,,,,,,,,,,,,,,,,,0.0,0.0,2.0,0.026005000000000004,2.05201,12.306074324921315
Will Lankshear,FWD,Spurs,4.5,0.0002314236255750877,0.15432098765432098,0.0002314236255750877,0.0,0.0,0.0,0.5109862033725089,0.24271844660194175,0.26826775677056713,Everton,H,0.0002314236255750877,0.0002314236255750877,0.0002314236255750877,,,,,,0.3272786777941417,0.32304038004750596,0.03739355794150315,,,,,,1.0388604133303025,1.137302191490838,,,0.9706514499857942,0.0,0.0,0.0,4.653622964199371,0.0,,,,,,,,,,,,,,0.3272786777941417,0.32304038004750596,0.03739355794150315,,,0.0,0.0,0.0,0.0,0.0,0.0,,,,,,,,,,,,,,,,,,,0.0,0.0,0.0,0.0,0.0,0.0,,,,,,,,,,,,,,,,,,,0.0,0.0,0.0,0.0,0.0,0.0,,,,,,,,,,,,,,,,,,,0.0,0.0,0.0,0.0,0.0,0.0,,,,,,,,,,,,,,,,,,,0.0,0.0,0.0,0.0,0.0,0.0
Anthony Patterson,GK,Sunderland,4.2,0.0002314236255750877,0.0002314236255750877,0.0002314236255750877,0.0,0.0,0.0,0.27739251040221913,0.4854368932038835,-0.20804438280166437,Chelsea,H,0.0002314236255750877,0.0002314236255750877,0.0002314236255750877,,,,,,0.1984126984126984,0.5,0.09774436090225565,0.6224712107065048,0.14652014652014653,,,,1.0431770331215406,1.092104838098333,1.001977480304062,1.01535233763938,0.9511945748524107,0.0,0.0,0.0,2.409572816778592,0.0,,,,,,,,,,,,,,0.1984126984126984,0.5,0.09774436090225565,,,0.0,0.0,0.0,0.0,0.0,0.0,,,,,,,,,,,,,,,,,,,0.0,0.0,0.0,0.0,0.0,0.0,,,,,,,,,,,,,,,,,,,0.0,0.0,0.0,0.0,0.0,0.0,,,,,,,,,,,,,,,,,,,0.0,0.0,0.0,0.0,0.0,0.0,,,,,,,,,,,,,,,,,,,0.0,0.0,0.0,0.0,0.0,0.0
Blondy Nna Noukeu,GK,Sunderland,3.9,0.0002314236255750877,0.0002314236255750877,0.0002314236255750877,0.0,0.0,0.0,0.27739251040221913,0.4854368932038835,-0.20804438280166437,Chelsea,H,0.0002314236255750877,0.0002314236255750877,0.0002314236255750877,,,,,,0.1984126984126984,0.5,0.09774436090225565,0.6224712107065048,0.14652014652014653,,,,1.0431770331215406,1.092104838098333,1.001977480304062,1.01535233763938,0.9511945748524107,0.0,0.0,0.0,2.409572816778592,0.0,,,,,,,,,,,,,,0.1984126984126984,0.5,0.09774436090225565,,,0.0,0.0,0.0,0.0,0.0,0.0,,,,,,,,,,,,,,,,,,,0.0,0.0,0.0,0.0,0.0,0.0,,,,,,,,,,,,,,,,,,,0.0,0.0,0.0,0.0,0.0,0.0,,,,,,,,,,,,,,,,,,,0.0,0.0,0.0,0.0,0.0,0.0,,,,,,,,,,,,,,,,,,,0.0,0.0,0.0,0.0,0.0,0.0
Melker Ellborg,GK,Sunderland,4.0,0.0002314236255750877,0.0002314236255750877,0.0002314236255750877,0.0,0.0,0.0,0.27739251040221913,0.4854368932038835,-0.20804438280166437,Chelsea,H,0.0002314236255750877,0.0002314236255750877,0.0002314236255750877,,,,,,0.1984126984126984,0.5,0.09774436090225565,0.6224712107065048,0.14652014652014653,,,,1.0431770331215406,1.092104838098333,1.001977480304062,1.01535233763938,0.9511945748524107,0.0,0.0,0.0,2.409572816778592,0.0,,,,,,,,,,,,,,0.1984126984126984,0.5,0.09774436090225565,,,0.0,0.0,0.0,0.0,0.0,0.0,,,,,,,,,,,,,,,,,,,0.0,0.0,0.0,0.0,0.0,0.0,,,,,,,,,,,,,,,,,,,0.0,0.0,0.0,0.0,0.0,0.0,,,,,,,,,,,,,,,,,,,0.0,0.0,0.0,0.0,0.0,0.0,,,,,,,,,,,,,,,,,,,0.0,0.0,0.0,0.0,0.0,0.0
Robin Roefs,GK,Sunderland,4.9,0.0002314236255750877,0.0002314236255750877,0.0002314236255750877,0.0,0.0,1.0,0.27739251040221913,0.4854368932038835,-0.20804438280166437,Chelsea,H,0.0002314236255750877,0.0002314236255750877,0.0002314236255750877,,,,,,0.1984126984126984,0.5,0.09774436090225565,0.6224712107065048,0.14652014652014653,,,,1.0431770331215406,1.092104838098333,1.001977480304062,1.01535233763938,0.9511945748524107,2.3671534290729337,0.03464118295865355,2.4364357949902407,2.409572816778592,1.0,,,,,,,,,,,,,,0.1984126984126984,0.5,0.09774436090225565,,,0.0,0.0,1.5981620718462821,0.016552968253968254,1.6312680083542186,1.0,,,,,,,,,,,,,,,,,,,0.0,0.0,2.0,0.026005000000000004,2.05201,1.0,,,,,,,,,,,,,,,,,,,0.0,0.0,2.0,0.026005000000000004,2.05201,1.0,,,,,,,,,,,,,,,,,,,0.0,0.0,2.0,0.026005000000000004,2.05201,1.0,,,,,,,,,,,,,,,,,,,0.0,0.0,2.0,0.026005000000000004,2.05201,9.568641602091326
Simon Moore,GK,Sunderland,3.9,0.0002314236255750877,0.0002314236255750877,0.0002314236255750877,0.0,0.0,0.0,0.27739251040221913,0.4854368932038835,-0.20804438280166437,Chelsea,H,0.0002314236255750877,0.0002314236255750877,0.0002314236255750877,,,,,,0.1984126984126984,0.5,0.09774436090225565,0.6224712107065048,0.14652014652014653,,,,1.0431770331215406,1.092104838098333,1.001977480304062,1.01535233763938,0.9511945748524107,0.0,0.0,0.0,2.409572816778592,0.0,,,,,,,,,,,,,,0.1984126984126984,0.5,0.09774436090225565,,,0.0,0.0,0.0,0.0,0.0,0.0,,,,,,,,,,,,,,,,,,,0.0,0.0,0.0,0.0,0.0,0.0,,,,,,,,,,,,,,,,,,,0.0,0.0,0.0,0.0,0.0,0.0,,,,,,,,,,,,,,,,,,,0.0,0.0,0.0,0.0,0.0,0.0,,,,,,,,,,,,,,,,,,,0.0,0.0,0.0,0.0,0.0,0.0
Aji Alese,DEF,Sunderland,4.0,0.0002314236255750877,0.0002314236255750877,0.0002314236255750877,0.44,0.0,0.0,0.27739251040221913,0.4854368932038835,-0.20804438280166437,Chelsea,H,0.0002314236255750877,0.0002314236255750877,0.0002314236255750877,,,,,,0.1984126984126984,0.5,0.09774436090225565,,,,,,1.0435679691858784,1.0912296241978094,,,0.9499007337373511,0.0,0.0,0.0,3.0433868251003675,0.0,,,,,,,,,,,,,,0.1984126984126984,0.5,0.09774436090225565,,,0.44,0.0,0.0,0.0,0.0,0.0,,,,,,,,,,,,,,,,,,,0.44,0.0,0.0,0.0,0.0,0.0,,,,,,,,,,,,,,,,,,,0.44,0.0,0.0,0.0,0.0,0.0,,,,,,,,,,,,,,,,,,,0.44,0.0,0.0,0.0,0.0,0.0,,,,,,,,,,,,,,,,,,,0.44,0.0,0.0,0.0,0.0,0.0
Arthur Masuaku,DEF,Sunderland,3.9,0.0002314236255750877,0.0002314236255750877,0.0002314236255750877,0.44,0.0,0.0,0.27739251040221913,0.4854368932038835,-0.20804438280166437,Chelsea,H,0.0002314236255750877,0.0002314236255750877,0.0002314236255750877,,,,,,0.1984126984126984,0.5,0.09774436090225565,,,,,,1.0435679691858784,1.0912296241978094,,,0.9499007337373511,0.0,0.0,0.0,3.0433868251003675,0.0,,,,,,,,,,,,,,0.1984126984126984,0.5,0.09774436090225565,,,0.44,0.0,0.0,0.0,0.0,0.0,,,,,,,,,,,,,,,,,,,0.44,0.0,0.0,0.0,0.0,0.0,,,,,,,,,,,,,,,,,,,0.44,0.0,0.0,0.0,0.0,0.0,,,,,,,,,,,,,,,,,,,0.44,0.0,0.0,0.0,0.0,0.0,,,,,,,,,,,,,,,,,,,0.44,0.0,0.0,0.0,0.0,0.0
Dan Ballard,DEF,Sunderland,4.6,0.0002314236255750877,0.0002314236255750877,0.0002314236255750877,0.5816393017204806,0.0,0.0,0.27739251040221913,0.4854368932038835,-0.20804438280166437,Chelsea,H,0.0002314236255750877,0.0002314236255750877,0.0002314236255750877,,,,,,0.1984126984126984,0.5,0.09774436090225565,,,,,,1.0435679691858784,1.0912296241978094,,,0.9499007337373511,0.0,0.0,0.0,3.0433868251003675,0.0,,,,,,,,,,,,,,0.1984126984126984,0.5,0.09774436090225565,,,0.5816393017204806,0.0,0.0,0.0,0.0,0.0,,,,,,,,,,,,,,,,,,,0.5816393017204806,0.0,0.0,0.0,0.0,0.0,,,,,,,,,,,,,,,,,,,0.5816393017204806,0.0,0.0,0.0,0.0,0.0,,,,,,,,,,,,,,,,,,,0.5816393017204806,0.0,0.0,0.0,0.0,0.0,,,,,,,,,,,,,,,,,,,0.5816393017204806,0.0,0.0,0.0,0.0,0.0
Dennis Cirkin,DEF,Sunderland,4.0,0.0002314236255750877,0.0002314236255750877,0.0002314236255750877,0.44,0.0,0.0,0.27739251040221913,0.4854368932038835,-0.20804438280166437,Chelsea,H,0.0002314236255750877,0.0002314236255750877,0.0002314236255750877,0.05602240896358543,0.004738213693437574,0.0,0.17316017316017315,0.3450655624568668,0.1984126984126984,0.5,0.09774436090225565,,,0.7969748508815336,1.4441921620631744,1.447805250503593,1.0435679691858784,1.0912296241978094,,,0.9499007337373511,0.0,0.0,0.0,3.0433868251003675,0.0,,,,,,,,,,,,,,0.1984126984126984,0.5,0.09774436090225565,,,0.44,0.0,0.0,0.0,0.0,0.0,,,,,,,,,,,,,,,,,,,0.44,0.0,0.0,0.0,0.0,0.0,,,,,,,,,,,,,,,,,,,0.44,0.0,0.0,0.0,0.0,0.0,,,,,,,,,,,,,,,,,,,0.44,0.0,0.0,0.0,0.0,0.0,,,,,,,,,,,,,,,,,,,0.44,0.0,0.0,0.0,0.0,0.0
Jenson Jones,DEF,Sunderland,4.0,0.0002314236255750877,0.0002314236255750877,0.0002314236255750877,0.44,0.0,0.0,0.27739251040221913,0.4854368932038835,-0.20804438280166437,Chelsea,H,0.0002314236255750877,0.0002314236255750877,0.0002314236255750877,,,,,,0.1984126984126984,0.5,0.09774436090225565,,,,,,1.0435679691858784,1.0912296241978094,,,0.9499007337373511,0.0,0.0,0.0,3.0433868251003675,0.0,,,,,,,,,,,,,,0.1984126984126984,0.5,0.09774436090225565,,,0.44,0.0,0.0,0.0,0.0,0.0,,,,,,,,,,,,,,,,,,,0.44,0.0,0.0,0.0,0.0,0.0,,,,,,,,,,,,,,,,,,,0.44,0.0,0.0,0.0,0.0,0.0,,,,,,,,,,,,,,,,,,,0.44,0.0,0.0,0.0,0.0,0.0,,,,,,,,,,,,,,,,,,,0.44,0.0,0.0,0.0,0.0,0.0
Jenson Seelt,DEF,Sunderland,4.0,0.0002314236255750877,0.0002314236255750877,0.0002314236255750877,0.44,0.0,0.0,0.27739251040221913,0.4854368932038835,-0.20804438280166437,Chelsea,H,0.0002314236255750877,0.0002314236255750877,0.0002314236255750877,,,,,,0.1984126984126984,0.5,0.09774436090225565,,,,,,1.0435679691858784,1.0912296241978094,,,0.9499007337373511,0.0,0.0,0.0,3.0433868251003675,0.0,,,,,,,,,,,,,,0.1984126984126984,0.5,0.09774436090225565,,,0.44,0.0,0.0,0.0,0.0,0.0,,,,,,,,,,,,,,,,,,,0.44,0.0,0.0,0.0,0.0,0.0,,,,,,,,,,,,,,,,,,,0.44,0.0,0.0,0.0,0.0,0.0,,,,,,,,,,,,,,,,,,,0.44,0.0,0.0,0.0,0.0,0.0,,,,,,,,,,,,,,,,,,,0.44,0.0,0.0,0.0,0.0,0.0
Joe Anderson,DEF,Sunderland,3.8,0.0002314236255750877,0.0002314236255750877,0.0002314236255750877,0.44,0.0,0.0,0.27739251040221913,0.4854368932038835,-0.20804438280166437,Chelsea,H,0.0002314236255750877,0.0002314236255750877,0.0002314236255750877,,,,,,0.1984126984126984,0.5,0.09774436090225565,,,,,,1.0435679691858784,1.0912296241978094,,,0.9499007337373511,0.0,0.0,0.0,3.0433868251003675,0.0,,,,,,,,,,,,,,0.1984126984126984,0.5,0.09774436090225565,,,0.44,0.0,0.0,0.0,0.0,0.0,,,,,,,,,,,,,,,,,,,0.44,0.0,0.0,0.0,0.0,0.0,,,,,,,,,,,,,,,,,,,0.44,0.0,0.0,0.0,0.0,0.0,,,,,,,,,,,,,,,,,,,0.44,0.0,0.0,0.0,0.0,0.0,,,,,,,,,,,,,,,,,,,0.44,0.0,0.0,0.0,0.0,0.0
Leo Fuhr Hjelde,DEF,Sunderland,4.0,0.0002314236255750877,0.0002314236255750877,0.0002314236255750877,0.44,0.0,0.0,0.27739251040221913,0.4854368932038835,-0.20804438280166437,Chelsea,H,0.0002314236255750877,0.0002314236255750877,0.0002314236255750877,,,,,,0.1984126984126984,0.5,0.09774436090225565,,,,,,1.0435679691858784,1.0912296241978094,,,0.9499007337373511,0.0,0.0,0.0,3.0433868251003675,0.0,,,,,,,,,,,,,,0.1984126984126984,0.5,0.09774436090225565,,,0.44,0.0,0.0,0.0,0.0,0.0,,,,,,,,,,,,,,,,,,,0.44,0.0,0.0,0.0,0.0,0.0,,,,,,,,,,,,,,,,,,,0.44,0.0,0.0,0.0,0.0,0.0,,,,,,,,,,,,,,,,,,,0.44,0.0,0.0,0.0,0.0,0.0,,,,,,,,,,,,,,,,,,,0.44,0.0,0.0,0.0,0.0,0.0
Luke O'Nien,DEF,Sunderland,4.0,0.0002314236255750877,0.0002314236255750877,0.0002314236255750877,0.44,0.0,1.0,0.27739251040221913,0.4854368932038835,-0.20804438280166437,Chelsea,H,0.0002314236255750877,0.0002314236255750877,0.0002314236255750877,0.06802721088435373,0.004738213693437574,0.0,0.09523809523809523,0.34885749171463454,0.1984126984126984,0.5,0.09774436090225565,,,0.9677551760704337,0.7943056891347459,1.4637151983113246,1.0435679691858784,1.0912296241978094,,,0.9499007337373511,2.851611413312681,0.046036603663940884,2.9436846206405627,3.0433868251003675,1.0,,,,,,,,,,,,,,0.1984126984126984,0.5,0.09774436090225565,,,0.44,0.0,2.478162071846282,0.03725232825396825,2.5526667283542186,1.0,,,,,,,,,,,,,,,,,,,0.44,0.0,2.88,0.04670436,2.97340872,1.0,,,,,,,,,,,,,,,,,,,0.44,0.0,2.88,0.04670436,2.97340872,1.0,,,,,,,,,,,,,,,,,,,0.44,0.0,2.88,0.04670436,2.97340872,1.0,,,,,,,,,,,,,,,,,,,0.44,0.0,2.88,0.04670436,2.97340872,13.438995755741647
Lutsharel Geertruida,DEF,Sunderland,4.5,0.0002314236255750877,0.0002314236255750877,0.0002314236255750877,0.1678919027452861,0.0,1.0,0.27739251040221913,0.4854368932038835,-0.20804438280166437,Chelsea,H,0.0002314236255750877,0.0002314236255750877,0.0002314236255750877,0.06802721088435373,0.004738213693437574,0.0,0.11904761904761904,0.2736726874657909,0.1984126984126984,0.5,0.09774436090225565,,,0.9677551760704337,0.9928821114184323,1.1482593366062976,1.0435679691858784,1.0912296241978094,,,0.9499007337373511,2.4540085944806687,0.0366841901593743,2.5273769747994175,3.0433868251003675,1.0,,,,,,,,,,,,,,0.1984126984126984,0.5,0.09774436090225565,,,0.1678919027452861,0.0,1.9339458773368543,0.024451274926717493,1.9828484271902893,1.0,,,,,,,,,,,,,,,,,,,0.1678919027452861,0.0,2.335783805490572,0.03390330667274924,2.4035904188360706,1.0,,,,,,,,,,,,,,,,,,,0.1678919027452861,0.0,2.335783805490572,0.03390330667274924,2.4035904188360706,1.0,,,,,,,,,,,,,,,,,,,0.1678919027452861,0.0,2.335783805490572,0.03390330667274924,2.4035904188360706,1.0,,,,,,,,,,,,,,,,,,,0.1678919027452861,0.0,2.335783805490572,0.03390330667274924,2.4035904188360706,10.942851310652161
Niall Huggins,DEF,Sunderland,4.0,0.0002314236255750877,0.0002314236255750877,0.0002314236255750877,0.44,0.0,0.0,0.27739251040221913,0.4854368932038835,-0.20804438280166437,Chelsea,H,0.0002314236255750877,0.0002314236255750877,0.0002314236255750877,,,,,,0.1984126984126984,0.5,0.09774436090225565,,,,,,1.0435679691858784,1.0912296241978094,,,0.9499007337373511,0.0,0.0,0.0,3.0433868251003675,0.0,,,,,,,,,,,,,,0.1984126984126984,0.5,0.09774436090225565,,,0.44,0.0,0.0,0.0,0.0,0.0,,,,,,,,,,,,,,,,,,,0.44,0.0,0.0,0.0,0.0,0.0,,,,,,,,,,,,,,,,,,,0.44,0.0,0.0,0.0,0.0,0.0,,,,,,,,,,,,,,,,,,,0.44,0.0,0.0,0.0,0.0,0.0,,,,,,,,,,,,,,,,,,,0.44,0.0,0.0,0.0,0.0,0.0
Nordi Mukiele,DEF,Sunderland,4.6,0.0002314236255750877,0.0002314236255750877,0.0002314236255750877,0.445051727258175,0.0,1.0,0.27739251040221913,0.4854368932038835,-0.20804438280166437,Chelsea,H,0.0002314236255750877,0.0002314236255750877,0.0002314236255750877,0.07326007326007326,0.004738213693437574,0.0,0.26455026455026454,0.2886002886002886,0.1984126984126984,0.5,0.09774436090225565,,,1.0421978819220057,2.2064046920409606,1.2108916640575504,1.0435679691858784,1.0912296241978094,,,0.9499007337373511,3.4613057531342015,0.060377833925222696,3.582061420984647,3.0433868251003675,1.0,,,,,,,,,,,,,,0.1984126984126984,0.5,0.09774436090225565,,,0.445051727258175,0.0,2.488265526362632,0.037489981711101836,2.5632454897848356,1.0,,,,,,,,,,,,,,,,,,,0.445051727258175,0.0,2.8901034545163498,0.046942013457133586,2.983987481430617,1.0,,,,,,,,,,,,,,,,,,,0.445051727258175,0.0,2.8901034545163498,0.046942013457133586,2.983987481430617,1.0,,,,,,,,,,,,,,,,,,,0.445051727258175,0.0,2.8901034545163498,0.046942013457133586,2.983987481430617,1.0,,,,,,,,,,,,,,,,,,,0.445051727258175,0.0,2.8901034545163498,0.046942013457133586,2.983987481430617,14.115985035307487
Omar Alderete,DEF,Sunderland,4.1,0.0002314236255750877,0.0002314236255750877,0.0002314236255750877,0.45803459690837467,0.0,0.0,0.27739251040221913,0.4854368932038835,-0.20804438280166437,Chelsea,H,0.0002314236255750877,0.0002314236255750877,0.0002314236255750877,0.11204481792717086,0.009429514380009428,0.0,0.08658008658008658,0.2736726874657909,0.1984126984126984,0.5,0.09774436090225565,,,1.5939497017630673,0.7220960810315872,1.1482593366062976,1.0435679691858784,1.0912296241978094,,,0.9499007337373511,0.0,0.0,0.0,3.0433868251003675,0.0,,,,,,,,,,,,,,0.1984126984126984,0.5,0.09774436090225565,,,0.45803459690837467,0.0,0.0,0.0,0.0,0.0,,,,,,,,,,,,,,,,,,,0.45803459690837467,0.0,0.0,0.0,0.0,0.0,,,,,,,,,,,,,,,,,,,0.45803459690837467,0.0,0.0,0.0,0.0,0.0,,,,,,,,,,,,,,,,,,,0.45803459690837467,0.0,0.0,0.0,0.0,0.0,,,,,,,,,,,,,,,,,,,0.45803459690837467,0.0,0.0,0.0,0.0,0.0
Reinildo Mandava,DEF,Sunderland,3.8,0.0002314236255750877,0.0002314236255750877,0.0002314236255750877,0.2942594410804965,0.0,1.0,0.27739251040221913,0.4854368932038835,-0.20804438280166437,Chelsea,H,0.0002314236255750877,0.0002314236255750877,0.0002314236255750877,0.04535147392290249,0.004738213693437574,0.0,0.17316017316017315,0.35404496371039124,0.1984126984126984,0.5,0.09774436090225565,,,0.6451701173802891,1.4441921620631744,1.485480480070601,1.0435679691858784,1.0912296241978094,,,0.9499007337373511,2.652654635475444,0.041356742335653396,2.7353681201467506,3.0433868251003675,1.0,,,,,,,,,,,,,,0.1984126984126984,0.5,0.09774436090225565,,,0.2942594410804965,0.0,2.186680954007275,0.030396109400159122,2.247473172807593,1.0,,,,,,,,,,,,,,,,,,,0.2942594410804965,0.0,2.588518882160993,0.03984814114619088,2.6682151644533745,1.0,,,,,,,,,,,,,,,,,,,0.2942594410804965,0.0,2.588518882160993,0.03984814114619088,2.6682151644533745,1.0,,,,,,,,,,,,,,,,,,,0.2942594410804965,0.0,2.588518882160993,0.03984814114619088,2.6682151644533745,1.0,,,,,,,,,,,,,,,,,,,0.2942594410804965,0.0,2.588518882160993,0.03984814114619088,2.6682151644533745,12.116722777502654
Timothée Pembélé,DEF,Sunderland,3.9,0.0002314236255750877,0.0002314236255750877,0.0002314236255750877,0.44,0.0,0.0,0.27739251040221913,0.4854368932038835,-0.20804438280166437,Chelsea,H,0.0002314236255750877,0.0002314236255750877,0.0002314236255750877,,,,,,0.1984126984126984,0.5,0.09774436090225565,,,,,,1.0435679691858784,1.0912296241978094,,,0.9499007337373511,0.0,0.0,0.0,3.0433868251003675,0.0,,,,,,,,,,,,,,0.1984126984126984,0.5,0.09774436090225565,,,0.44,0.0,0.0,0.0,0.0,0.0,,,,,,,,,,,,,,,,,,,0.44,0.0,0.0,0.0,0.0,0.0,,,,,,,,,,,,,,,,,,,0.44,0.0,0.0,0.0,0.0,0.0,,,,,,,,,,,,,,,,,,,0.44,0.0,0.0,0.0,0.0,0.0,,,,,,,,,,,,,,,,,,,0.44,0.0,0.0,0.0,0.0,0.0
Trai Hume,DEF,Sunderland,4.5,0.0002314236255750877,0.0002314236255750877,0.0002314236255750877,0.18487133056565108,0.0,1.0,0.27739251040221913,0.4854368932038835,-0.20804438280166437,Chelsea,H,0.0002314236255750877,0.0002314236255750877,0.0002314236255750877,0.15873015873015872,0.017006802721088433,0.0,0.21164021164021163,0.3341687552213868,0.1984126984126984,0.5,0.09774436090225565,,,2.2580954108310123,1.7651237536327686,1.4020850846982162,1.0435679691858784,1.0912296241978094,,,0.9499007337373511,3.323078381384316,0.057126449686921876,3.4373312807581597,3.0433868251003675,1.0,,,,,,,,,,,,,,0.1984126984126984,0.5,0.09774436090225565,,,0.18487133056565108,0.0,1.9679047329775843,0.025250055129098743,2.018404843235782,1.0,,,,,,,,,,,,,,,,,,,0.18487133056565108,0.0,2.369742661131302,0.03470208687513049,2.439146834881563,1.0,,,,,,,,,,,,,,,,,,,0.18487133056565108,0.0,2.369742661131302,0.03470208687513049,2.439146834881563,1.0,,,,,,,,,,,,,,,,,,,0.18487133056565108,0.0,2.369742661131302,0.03470208687513049,2.439146834881563,1.0,,,,,,,,,,,,,,,,,,,0.18487133056565108,0.0,2.369742661131302,0.03470208687513049,2.439146834881563,11.982586535176953
Zak Johnson,DEF,Sunderland,3.8,0.0002314236255750877,0.0002314236255750877,0.0002314236255750877,0.44,0.0,0.0,0.27739251040221913,0.4854368932038835,-0.20804438280166437,Chelsea,H,0.0002314236255750877,0.0002314236255750877,0.0002314236255750877,,,,,,0.1984126984126984,0.5,0.09774436090225565,,,,,,1.0435679691858784,1.0912296241978094,,,0.9499007337373511,0.0,0.0,0.0,3.0433868251003675,0.0,,,,,,,,,,,,,,0.1984126984126984,0.5,0.09774436090225565,,,0.44,0.0,0.0,0.0,0.0,0.0,,,,,,,,,,,,,,,,,,,0.44,0.0,0.0,0.0,0.0,0.0,,,,,,,,,,,,,,,,,,,0.44,0.0,0.0,0.0,0.0,0.0,,,,,,,,,,,,,,,,,,,0.44,0.0,0.0,0.0,0.0,0.0,,,,,,,,,,,,,,,,,,,0.44,0.0,0.0,0.0,0.0,0.0
Abdoullah Ba,MID,Sunderland,4.3,0.0002314236255750877,0.0002314236255750877,0.0002314236255750877,0.0,0.26,0.0,0.27739251040221913,0.4854368932038835,-0.20804438280166437,Chelsea,H,0.0002314236255750877,0.0002314236255750877,0.0002314236255750877,,,,,,0.1984126984126984,0.5,0.09774436090225565,,,,,,1.042656997353822,1.0934450296240437,,,0.952861338122293,0.0,0.0,0.0,3.9865832384152085,0.0,,,,,,,,,,,,,,0.1984126984126984,0.5,0.09774436090225565,,,0.0,0.26,0.0,0.0,0.0,0.0,,,,,,,,,,,,,,,,,,,0.0,0.26,0.0,0.0,0.0,0.0,,,,,,,,,,,,,,,,,,,0.0,0.26,0.0,0.0,0.0,0.0,,,,,,,,,,,,,,,,,,,0.0,0.26,0.0,0.0,0.0,0.0,,,,,,,,,,,,,,,,,,,0.0,0.26,0.0,0.0,0.0,0.0
Alan Browne,MID,Sunderland,4.5,0.0002314236255750877,0.0002314236255750877,0.0002314236255750877,0.0,0.26,0.0,0.27739251040221913,0.4854368932038835,-0.20804438280166437,Chelsea,H,0.0002314236255750877,0.0002314236255750877,0.0002314236255750877,,,,,,0.1984126984126984,0.5,0.09774436090225565,,,,,,1.042656997353822,1.0934450296240437,,,0.952861338122293,0.0,0.0,0.0,3.9865832384152085,0.0,,,,,,,,,,,,,,0.1984126984126984,0.5,0.09774436090225565,,,0.0,0.26,0.0,0.0,0.0,0.0,,,,,,,,,,,,,,,,,,,0.0,0.26,0.0,0.0,0.0,0.0,,,,,,,,,,,,,,,,,,,0.0,0.26,0.0,0.0,0.0,0.0,,,,,,,,,,,,,,,,,,,0.0,0.26,0.0,0.0,0.0,0.0,,,,,,,,,,,,,,,,,,,0.0,0.26,0.0,0.0,0.0,0.0
Bertrand Traore,MID,Sunderland,5.5,0.0002314236255750877,0.0002314236255750877,0.0002314236255750877,0.0,0.07419550967640243,0.0,0.27739251040221913,0.4854368932038835,-0.20804438280166437,Chelsea,H,0.0002314236255750877,0.0002314236255750877,0.0002314236255750877,0.21994941163532386,0.03663003663003663,0.0,0.21164021164021163,0.2140181915462814,0.1984126984126984,0.5,0.09774436090225565,,,1.480342978725235,1.1725374782969602,0.8883049073899143,1.042656997353822,1.0934450296240437,,,0.952861338122293,0.0,0.0,0.0,3.9865832384152085,0.0,,,,,,,,,,,,,,0.1984126984126984,0.5,0.09774436090225565,,,0.0,0.07419550967640243,0.0,0.0,0.0,0.0,,,,,,,,,,,,,,,,,,,0.0,0.07419550967640243,0.0,0.0,0.0,0.0,,,,,,,,,,,,,,,,,,,0.0,0.07419550967640243,0.0,0.0,0.0,0.0,,,,,,,,,,,,,,,,,,,0.0,0.07419550967640243,0.0,0.0,0.0,0.0,,,,,,,,,,,,,,,,,,,0.0,0.07419550967640243,0.0,0.0,0.0,0.0
Chemsdine Talbi,MID,Sunderland,4.9,0.0002314236255750877,0.0002314236255750877,0.0002314236255750877,0.0,0.05640206851736873,0.0,0.27739251040221913,0.4854368932038835,-0.20804438280166437,Chelsea,H,0.0002314236255750877,0.0002314236255750877,0.0002314236255750877,0.21164021164021163,0.03663003663003663,0.0,0.21164021164021163,0.22148394241417496,0.1984126984126984,0.5,0.09774436090225565,,,1.4244189106400593,1.1725374782969602,0.9192922878802602,1.042656997353822,1.0934450296240437,,,0.952861338122293,0.0,0.0,0.0,3.9865832384152085,0.0,,,,,,,,,,,,,,0.1984126984126984,0.5,0.09774436090225565,,,0.0,0.05640206851736873,0.0,0.0,0.0,0.0,,,,,,,,,,,,,,,,,,,0.0,0.05640206851736873,0.0,0.0,0.0,0.0,,,,,,,,,,,,,,,,,,,0.0,0.05640206851736873,0.0,0.0,0.0,0.0,,,,,,,,,,,,,,,,,,,0.0,0.05640206851736873,0.0,0.0,0.0,0.0,,,,,,,,,,,,,,,,,,,0.0,0.05640206851736873,0.0,0.0,0.0,0.0
Chris Rigg,MID,Sunderland,4.7,0.0002314236255750877,0.0002314236255750877,0.0002314236255750877,0.0,0.09437503645164669,0.0,0.27739251040221913,0.4854368932038835,-0.20804438280166437,Chelsea,H,0.0002314236255750877,0.0002314236255750877,0.0002314236255750877,0.19047619047619047,0.023228803716608595,0.0,0.21994941163532386,0.2392916965781287,0.1984126984126984,0.5,0.09774436090225565,,,1.2819770195760534,1.2185724370291735,0.9932052356495272,1.042656997353822,1.0934450296240437,,,0.952861338122293,0.0,0.0,0.0,3.9865832384152085,0.0,,,,,,,,,,,,,,0.1984126984126984,0.5,0.09774436090225565,,,0.0,0.09437503645164669,0.0,0.0,0.0,0.0,,,,,,,,,,,,,,,,,,,0.0,0.09437503645164669,0.0,0.0,0.0,0.0,,,,,,,,,,,,,,,,,,,0.0,0.09437503645164669,0.0,0.0,0.0,0.0,,,,,,,,,,,,,,,,,,,0.0,0.09437503645164669,0.0,0.0,0.0,0.0,,,,,,,,,,,,,,,,,,,0.0,0.09437503645164669,0.0,0.0,0.0,0.0
Dan Neil,MID,Sunderland,4.8,0.0002314236255750877,0.0002314236255750877,0.0002314236255750877,0.0,0.26,0.0,0.27739251040221913,0.4854368932038835,-0.20804438280166437,Chelsea,H,0.0002314236255750877,0.0002314236255750877,0.0002314236255750877,,,,,,0.1984126984126984,0.5,0.09774436090225565,,,,,,1.042656997353822,1.0934450296240437,,,0.952861338122293,0.0,0.0,0.0,3.9865832384152085,0.0,,,,,,,,,,,,,,0.1984126984126984,0.5,0.09774436090225565,,,0.0,0.26,0.0,0.0,0.0,0.0,,,,,,,,,,,,,,,,,,,0.0,0.26,0.0,0.0,0.0,0.0,,,,,,,,,,,,,,,,,,,0.0,0.26,0.0,0.0,0.0,0.0,,,,,,,,,,,,,,,,,,,0.0,0.26,0.0,0.0,0.0,0.0,,,,,,,,,,,,,,,,,,,0.0,0.26,0.0,0.0,0.0,0.0
Djiamgone Jocelin Ta Bi,MID,Sunderland,5.0,0.0002314236255750877,0.0002314236255750877,0.0002314236255750877,0.0,0.26,0.0,0.27739251040221913,0.4854368932038835,-0.20804438280166437,Chelsea,H,0.0002314236255750877,0.0002314236255750877,0.0002314236255750877,0.17316017316017315,0.020703933747412008,0.0,0.22675736961451246,0.30138637733574436,0.1984126984126984,0.5,0.09774436090225565,,,1.1654336541600485,1.2562901553181718,1.2509357081914931,1.042656997353822,1.0934450296240437,,,0.952861338122293,0.0,0.0,0.0,3.9865832384152085,0.0,,,,,,,,,,,,,,0.1984126984126984,0.5,0.09774436090225565,,,0.0,0.26,0.0,0.0,0.0,0.0,,,,,,,,,,,,,,,,,,,0.0,0.26,0.0,0.0,0.0,0.0,,,,,,,,,,,,,,,,,,,0.0,0.26,0.0,0.0,0.0,0.0,,,,,,,,,,,,,,,,,,,0.0,0.26,0.0,0.0,0.0,0.0,,,,,,,,,,,,,,,,,,,0.0,0.26,0.0,0.0,0.0,0.0
Enzo Le Fee,MID,Sunderland,4.9,0.0002314236255750877,0.0002314236255750877,0.0002314236255750877,0.0,0.2663763421498574,1.0,0.27739251040221913,0.4854368932038835,-0.20804438280166437,Chelsea,H,0.0002314236255750877,0.0002314236255750877,0.0002314236255750877,0.19047619047619047,0.026455026455026454,0.0,0.21994941163532386,0.2506265664160401,0.1984126984126984,0.5,0.09774436090225565,,,1.2819770195760534,1.2185724370291735,1.0402517994434524,1.042656997353822,1.0934450296240437,,,0.952861338122293,4.22504313585843,0.07834246464166199,4.381728065141754,3.9865832384152085,1.0,,,,,,,,,,,,,,0.1984126984126984,0.5,0.09774436090225565,,,0.0,0.2663763421498574,2.7311653827124136,0.0432034721321614,2.8175723269767365,1.0,,,,,,,,,,,,,,,,,,,0.0,0.2663763421498574,2.532752684299715,0.0385364086400979,2.609825501579911,1.0,,,,,,,,,,,,,,,,,,,0.0,0.2663763421498574,2.532752684299715,0.0385364086400979,2.609825501579911,1.0,,,,,,,,,,,,,,,,,,,0.0,0.2663763421498574,2.532752684299715,0.0385364086400979,2.609825501579911,1.0,,,,,,,,,,,,,,,,,,,0.0,0.2663763421498574,2.532752684299715,0.0385364086400979,2.609825501579911,14.08417594749573
Granit Xhaka,MID,Sunderland,5.1,0.0002314236255750877,0.0002314236255750877,0.0002314236255750877,0.0,0.3939465192438697,1.0,0.27739251040221913,0.4854368932038835,-0.20804438280166437,Chelsea,H,0.0002314236255750877,0.0002314236255750877,0.0002314236255750877,0.11204481792717086,0.009429514380009428,0.0,0.22675736961451246,0.33300033300033305,0.1984126984126984,0.5,0.09774436090225565,,,0.7541041291623843,1.2562901553181718,1.3821527405192726,1.042656997353822,1.0934450296240437,,,0.952861338122293,3.9409491742795435,0.07166000647740342,4.084269187234351,3.9865832384152085,1.0,,,,,,,,,,,,,,0.1984126984126984,0.5,0.09774436090225565,,,0.0,0.3939465192438697,2.986305736900438,0.049204883543372116,3.0847155039871823,1.0,,,,,,,,,,,,,,,,,,,0.0,0.3939465192438697,2.7878930384877396,0.044537820051308616,2.876968678590357,1.0,,,,,,,,,,,,,,,,,,,0.0,0.3939465192438697,2.7878930384877396,0.044537820051308616,2.876968678590357,1.0,,,,,,,,,,,,,,,,,,,0.0,0.3939465192438697,2.7878930384877396,0.044537820051308616,2.876968678590357,1.0,,,,,,,,,,,,,,,,,,,0.0,0.3939465192438697,2.7878930384877396,0.044537820051308616,2.876968678590357,14.761789665676453
Habib Diarra,MID,Sunderland,5.3,0.0002314236255750877,0.0002314236255750877,0.0002314236255750877,0.0,0.056132402475778775,0.0,0.27739251040221913,0.4854368932038835,-0.20804438280166437,Chelsea,H,0.0002314236255750877,0.0002314236255750877,0.0002314236255750877,0.21164021164021163,0.03072196620583717,0.0,0.17316017316017315,0.26021337496747327,0.1984126984126984,0.5,0.09774436090225565,,,1.4244189106400593,0.9593488458793311,1.0800428518811798,1.042656997353822,1.0934450296240437,,,0.952861338122293,0.0,0.0,0.0,3.9865832384152085,0.0,,,,,,,,,,,,,,0.1984126984126984,0.5,0.09774436090225565,,,0.0,0.056132402475778775,0.0,0.0,0.0,0.0,,,,,,,,,,,,,,,,,,,0.0,0.056132402475778775,0.0,0.0,0.0,0.0,,,,,,,,,,,,,,,,,,,0.0,0.056132402475778775,0.0,0.0,0.0,0.0,,,,,,,,,,,,,,,,,,,0.0,0.056132402475778775,0.0,0.0,0.0,0.0,,,,,,,,,,,,,,,,,,,0.0,0.056132402475778775,0.0,0.0,0.0,0.0
Harrison Jones,MID,Sunderland,4.3,0.0002314236255750877,0.0002314236255750877,0.0002314236255750877,0.0,0.26,0.0,0.27739251040221913,0.4854368932038835,-0.20804438280166437,Chelsea,H,0.0002314236255750877,0.0002314236255750877,0.0002314236255750877,0.13605442176870747,0.012531328320802004,0.0,0.25396825396825395,0.3341687552213868,0.1984126984126984,0.5,0.09774436090225565,,,0.9156978711257524,1.4070449739563524,1.3870023992579363,1.042656997353822,1.0934450296240437,,,0.952861338122293,0.0,0.0,0.0,3.9865832384152085,0.0,,,,,,,,,,,,,,0.1984126984126984,0.5,0.09774436090225565,,,0.0,0.26,0.0,0.0,0.0,0.0,,,,,,,,,,,,,,,,,,,0.0,0.26,0.0,0.0,0.0,0.0,,,,,,,,,,,,,,,,,,,0.0,0.26,0.0,0.0,0.0,0.0,,,,,,,,,,,,,,,,,,,0.0,0.26,0.0,0.0,0.0,0.0,,,,,,,,,,,,,,,,,,,0.0,0.26,0.0,0.0,0.0,0.0
Ian Poveda-Ocampo,MID,Sunderland,4.8,0.0002314236255750877,0.0002314236255750877,0.0002314236255750877,0.0,0.26,0.0,0.27739251040221913,0.4854368932038835,-0.20804438280166437,Chelsea,H,0.0002314236255750877,0.0002314236255750877,0.0002314236255750877,,,,,,0.1984126984126984,0.5,0.09774436090225565,,,,,,1.042656997353822,1.0934450296240437,,,0.952861338122293,0.0,0.0,0.0,3.9865832384152085,0.0,,,,,,,,,,,,,,0.1984126984126984,0.5,0.09774436090225565,,,0.0,0.26,0.0,0.0,0.0,0.0,,,,,,,,,,,,,,,,,,,0.0,0.26,0.0,0.0,0.0,0.0,,,,,,,,,,,,,,,,,,,0.0,0.26,0.0,0.0,0.0,0.0,,,,,,,,,,,,,,,,,,,0.0,0.26,0.0,0.0,0.0,0.0,,,,,,,,,,,,,,,,,,,0.0,0.26,0.0,0.0,0.0,0.0
Jay Matete,MID,Sunderland,4.3,0.0002314236255750877,0.0002314236255750877,0.0002314236255750877,0.0,0.26,0.0,0.27739251040221913,0.4854368932038835,-0.20804438280166437,Chelsea,H,0.0002314236255750877,0.0002314236255750877,0.0002314236255750877,,,,,,0.1984126984126984,0.5,0.09774436090225565,,,,,,1.042656997353822,1.0934450296240437,,,0.952861338122293,0.0,0.0,0.0,3.9865832384152085,0.0,,,,,,,,,,,,,,0.1984126984126984,0.5,0.09774436090225565,,,0.0,0.26,0.0,0.0,0.0,0.0,,,,,,,,,,,,,,,,,,,0.0,0.26,0.0,0.0,0.0,0.0,,,,,,,,,,,,,,,,,,,0.0,0.26,0.0,0.0,0.0,0.0,,,,,,,,,,,,,,,,,,,0.0,0.26,0.0,0.0,0.0,0.0,,,,,,,,,,,,,,,,,,,0.0,0.26,0.0,0.0,0.0,0.0
Milan Aleksić,MID,Sunderland,4.9,0.0002314236255750877,0.0002314236255750877,0.0002314236255750877,0.0,0.26,0.0,0.27739251040221913,0.4854368932038835,-0.20804438280166437,Chelsea,H,0.0002314236255750877,0.0002314236255750877,0.0002314236255750877,,,,,,0.1984126984126984,0.5,0.09774436090225565,,,,,,1.042656997353822,1.0934450296240437,,,0.952861338122293,0.0,0.0,0.0,3.9865832384152085,0.0,,,,,,,,,,,,,,0.1984126984126984,0.5,0.09774436090225565,,,0.0,0.26,0.0,0.0,0.0,0.0,,,,,,,,,,,,,,,,,,,0.0,0.26,0.0,0.0,0.0,0.0,,,,,,,,,,,,,,,,,,,0.0,0.26,0.0,0.0,0.0,0.0,,,,,,,,,,,,,,,,,,,0.0,0.26,0.0,0.0,0.0,0.0,,,,,,,,,,,,,,,,,,,0.0,0.26,0.0,0.0,0.0,0.0
Nectarios Triantis,MID,Sunderland,4.4,0.0002314236255750877,0.0002314236255750877,0.0002314236255750877,0.0,0.26,0.0,0.27739251040221913,0.4854368932038835,-0.20804438280166437,Chelsea,H,0.0002314236255750877,0.0002314236255750877,0.0002314236255750877,,,,,,0.1984126984126984,0.5,0.09774436090225565,,,,,,1.042656997353822,1.0934450296240437,,,0.952861338122293,0.0,0.0,0.0,3.9865832384152085,0.0,,,,,,,,,,,,,,0.1984126984126984,0.5,0.09774436090225565,,,0.0,0.26,0.0,0.0,0.0,0.0,,,,,,,,,,,,,,,,,,,0.0,0.26,0.0,0.0,0.0,0.0,,,,,,,,,,,,,,,,,,,0.0,0.26,0.0,0.0,0.0,0.0,,,,,,,,,,,,,,,,,,,0.0,0.26,0.0,0.0,0.0,0.0,,,,,,,,,,,,,,,,,,,0.0,0.26,0.0,0.0,0.0,0.0
Nilson Angulo,MID,Sunderland,5.0,0.0002314236255750877,0.0002314236255750877,0.0002314236255750877,0.0,0.26,1.0,0.27739251040221913,0.4854368932038835,-0.20804438280166437,Chelsea,H,0.0002314236255750877,0.0002314236255750877,0.0002314236255750877,0.21994941163532386,0.03663003663003663,0.0,0.21994941163532386,0.29214139643587494,0.1984126984126984,0.5,0.09774436090225565,,,1.480342978725235,1.2185724370291735,1.212563447204024,1.042656997353822,1.0934450296240437,,,0.952861338122293,4.369016778209597,0.08172901265704616,4.53247480352369,3.9865832384152085,1.0,,,,,,,,,,,,,,0.1984126984126984,0.5,0.09774436090225565,,,0.0,0.26,2.7184126984126986,0.0429035034920635,2.8042197053968256,1.0,,,,,,,,,,,,,,,,,,,0.0,0.26,2.52,0.03823644000000001,2.59647288,1.0,,,,,,,,,,,,,,,,,,,0.0,0.26,2.52,0.03823644000000001,2.59647288,1.0,,,,,,,,,,,,,,,,,,,0.0,0.26,2.52,0.03823644000000001,2.59647288,1.0,,,,,,,,,,,,,,,,,,,0.0,0.26,2.52,0.03823644000000001,2.59647288,14.186185617110992
Noah Sadiki,MID,Sunderland,4.9,0.0002314236255750877,0.0002314236255750877,0.0002314236255750877,0.0,0.16507556171974103,1.0,0.27739251040221913,0.4854368932038835,-0.20804438280166437,Chelsea,H,0.0002314236255750877,0.0002314236255750877,0.0002314236255750877,0.06349206349206349,0.004738213693437574,0.0,0.14652014652014653,0.25879917184265006,0.1984126984126984,0.5,0.09774436090225565,,,0.4273256731920178,0.8117567157440495,1.07417305377313,1.042656997353822,1.0934450296240437,,,0.952861338122293,3.0504764754974754,0.05071430765665162,3.1519050908107786,3.9865832384152085,1.0,,,,,,,,,,,,,,0.1984126984126984,0.5,0.09774436090225565,,,0.0,0.16507556171974103,2.5285638218521806,0.038437878217607,2.6054395782873945,1.0,,,,,,,,,,,,,,,,,,,0.0,0.16507556171974103,2.330151123439482,0.033770814725543497,2.397692752890569,1.0,,,,,,,,,,,,,,,,,,,0.0,0.16507556171974103,2.330151123439482,0.033770814725543497,2.397692752890569,1.0,,,,,,,,,,,,,,,,,,,0.0,0.16507556171974103,2.330151123439482,0.033770814725543497,2.397692752890569,1.0,,,,,,,,,,,,,,,,,,,0.0,0.16507556171974103,2.330151123439482,0.033770814725543497,2.397692752890569,12.080068440448656
Patrick Roberts,MID,Sunderland,5.4,0.0002314236255750877,0.0002314236255750877,0.0002314236255750877,0.0,0.26,0.0,0.27739251040221913,0.4854368932038835,-0.20804438280166437,Chelsea,H,0.0002314236255750877,0.0002314236255750877,0.0002314236255750877,,,,,,0.1984126984126984,0.5,0.09774436090225565,,,,,,1.042656997353822,1.0934450296240437,,,0.952861338122293,0.0,0.0,0.0,3.9865832384152085,0.0,,,,,,,,,,,,,,0.1984126984126984,0.5,0.09774436090225565,,,0.0,0.26,0.0,0.0,0.0,0.0,,,,,,,,,,,,,,,,,,,0.0,0.26,0.0,0.0,0.0,0.0,,,,,,,,,,,,,,,,,,,0.0,0.26,0.0,0.0,0.0,0.0,,,,,,,,,,,,,,,,,,,0.0,0.26,0.0,0.0,0.0,0.0,,,,,,,,,,,,,,,,,,,0.0,0.26,0.0,0.0,0.0,0.0
Pierre Ekwah Elimby,MID,Sunderland,4.5,0.0002314236255750877,0.0002314236255750877,0.0002314236255750877,0.0,0.26,0.0,0.27739251040221913,0.4854368932038835,-0.20804438280166437,Chelsea,H,0.0002314236255750877,0.0002314236255750877,0.0002314236255750877,,,,,,0.1984126984126984,0.5,0.09774436090225565,,,,,,1.042656997353822,1.0934450296240437,,,0.952861338122293,0.0,0.0,0.0,3.9865832384152085,0.0,,,,,,,,,,,,,,0.1984126984126984,0.5,0.09774436090225565,,,0.0,0.26,0.0,0.0,0.0,0.0,,,,,,,,,,,,,,,,,,,0.0,0.26,0.0,0.0,0.0,0.0,,,,,,,,,,,,,,,,,,,0.0,0.26,0.0,0.0,0.0,0.0,,,,,,,,,,,,,,,,,,,0.0,0.26,0.0,0.0,0.0,0.0,,,,,,,,,,,,,,,,,,,0.0,0.26,0.0,0.0,0.0,0.0
Romaine Mundle,MID,Sunderland,4.9,0.0002314236255750877,0.0002314236255750877,0.0002314236255750877,0.0,0.26,0.0,0.27739251040221913,0.4854368932038835,-0.20804438280166437,Chelsea,H,0.0002314236255750877,0.0002314236255750877,0.0002314236255750877,0.19047619047619047,0.026455026455026454,0.0,0.21164021164021163,0.24295432458697763,0.1984126984126984,0.5,0.09774436090225565,,,1.2819770195760534,1.1725374782969602,1.0084073566033467,1.042656997353822,1.0934450296240437,,,0.952861338122293,0.0,0.0,0.0,3.9865832384152085,0.0,,,,,,,,,,,,,,0.1984126984126984,0.5,0.09774436090225565,,,0.0,0.26,0.0,0.0,0.0,0.0,,,,,,,,,,,,,,,,,,,0.0,0.26,0.0,0.0,0.0,0.0,,,,,,,,,,,,,,,,,,,0.0,0.26,0.0,0.0,0.0,0.0,,,,,,,,,,,,,,,,,,,0.0,0.26,0.0,0.0,0.0,0.0,,,,,,,,,,,,,,,,,,,0.0,0.26,0.0,0.0,0.0,0.0
Simon Adingra,MID,Sunderland,4.9,0.0002314236255750877,0.0002314236255750877,0.0002314236255750877,0.0,0.08512069795480692,0.0,0.27739251040221913,0.4854368932038835,-0.20804438280166437,Chelsea,H,0.0002314236255750877,0.0002314236255750877,0.0002314236255750877,,,,,,0.1984126984126984,0.5,0.09774436090225565,,,,,,1.042656997353822,1.0934450296240437,,,0.952861338122293,0.0,0.0,0.0,3.9865832384152085,0.0,,,,,,,,,,,,,,0.1984126984126984,0.5,0.09774436090225565,,,0.0,0.08512069795480692,0.0,0.0,0.0,0.0,,,,,,,,,,,,,,,,,,,0.0,0.08512069795480692,0.0,0.0,0.0,0.0,,,,,,,,,,,,,,,,,,,0.0,0.08512069795480692,0.0,0.0,0.0,0.0,,,,,,,,,,,,,,,,,,,0.0,0.08512069795480692,0.0,0.0,0.0,0.0,,,,,,,,,,,,,,,,,,,0.0,0.08512069795480692,0.0,0.0,0.0,0.0
Tymur Tutierov,MID,Sunderland,4.5,0.0002314236255750877,0.0002314236255750877,0.0002314236255750877,0.0,0.26,0.0,0.27739251040221913,0.4854368932038835,-0.20804438280166437,Chelsea,H,0.0002314236255750877,0.0002314236255750877,0.0002314236255750877,,,,,,0.1984126984126984,0.5,0.09774436090225565,,,,,,1.042656997353822,1.0934450296240437,,,0.952861338122293,0.0,0.0,0.0,3.9865832384152085,0.0,,,,,,,,,,,,,,0.1984126984126984,0.5,0.09774436090225565,,,0.0,0.26,0.0,0.0,0.0,0.0,,,,,,,,,,,,,,,,,,,0.0,0.26,0.0,0.0,0.0,0.0,,,,,,,,,,,,,,,,,,,0.0,0.26,0.0,0.0,0.0,0.0,,,,,,,,,,,,,,,,,,,0.0,0.26,0.0,0.0,0.0,0.0,,,,,,,,,,,,,,,,,,,0.0,0.26,0.0,0.0,0.0,0.0
Ahmed Abdullahi,FWD,Sunderland,4.2,0.0002314236255750877,0.0002314236255750877,0.0002314236255750877,0.0,0.0,0.0,0.27739251040221913,0.4854368932038835,-0.20804438280166437,Chelsea,H,0.0002314236255750877,0.0002314236255750877,0.0002314236255750877,,,,,,0.1984126984126984,0.5,0.09774436090225565,,,,,,1.043099979070588,1.0851012676201726,,,0.9484721294024263,0.0,0.0,0.0,3.7285483119242233,0.0,,,,,,,,,,,,,,0.1984126984126984,0.5,0.09774436090225565,,,0.0,0.0,0.0,0.0,0.0,0.0,,,,,,,,,,,,,,,,,,,0.0,0.0,0.0,0.0,0.0,0.0,,,,,,,,,,,,,,,,,,,0.0,0.0,0.0,0.0,0.0,0.0,,,,,,,,,,,,,,,,,,,0.0,0.0,0.0,0.0,0.0,0.0,,,,,,,,,,,,,,,,,,,0.0,0.0,0.0,0.0,0.0,0.0
Brian Brobbey,FWD,Sunderland,5.5,0.0002314236255750877,0.0002314236255750877,0.0002314236255750877,0.0,0.0,1.0,0.27739251040221913,0.4854368932038835,-0.20804438280166437,Chelsea,H,0.0002314236255750877,0.0002314236255750877,0.0002314236255750877,0.31746031746031744,0.07936507936507936,0.01,0.15873015873015872,0.32066698733365395,0.1984126984126984,0.5,0.09774436090225565,,,1.116111304619657,0.8926547528075423,1.7252078775846245,1.043099979070588,1.0851012676201726,,,0.9484721294024263,3.7828250761584092,0.06794061144139811,3.9187062990412054,3.7285483119242233,1.0,,,,,,,,,,,,,,0.1984126984126984,0.5,0.09774436090225565,,,0.0,0.0,2.0,0.026005000000000004,2.05201,1.0,,,,,,,,,,,,,,,,,,,0.0,0.0,2.0,0.026005000000000004,2.05201,1.0,,,,,,,,,,,,,,,,,,,0.0,0.0,2.0,0.026005000000000004,2.05201,1.0,,,,,,,,,,,,,,,,,,,0.0,0.0,2.0,0.026005000000000004,2.05201,1.0,,,,,,,,,,,,,,,,,,,0.0,0.0,2.0,0.026005000000000004,2.05201,11.408542799041204
Eliezer Mayenda,FWD,Sunderland,5.2,0.0002314236255750877,0.0002314236255750877,0.0002314236255750877,0.0,0.0,0.0,0.27739251040221913,0.4854368932038835,-0.20804438280166437,Chelsea,H,0.0002314236255750877,0.0002314236255750877,0.0002314236255750877,0.26455026455026454,0.05602240896358543,0.0,0.19047619047619047,0.20263424518743667,0.1984126984126984,0.5,0.09774436090225565,,,0.9300927538497141,1.0711857033690506,1.090184552431135,1.043099979070588,1.0851012676201726,,,0.9484721294024263,0.0,0.0,0.0,3.7285483119242233,0.0,,,,,,,,,,,,,,0.1984126984126984,0.5,0.09774436090225565,,,0.0,0.0,0.0,0.0,0.0,0.0,,,,,,,,,,,,,,,,,,,0.0,0.0,0.0,0.0,0.0,0.0,,,,,,,,,,,,,,,,,,,0.0,0.0,0.0,0.0,0.0,0.0,,,,,,,,,,,,,,,,,,,0.0,0.0,0.0,0.0,0.0,0.0,,,,,,,,,,,,,,,,,,,0.0,0.0,0.0,0.0,0.0,0.0
Luís Hemir Silva Semedo,FWD,Sunderland,4.4,0.0002314236255750877,0.0002314236255750877,0.0002314236255750877,0.0,0.0,0.0,0.27739251040221913,0.4854368932038835,-0.20804438280166437,Chelsea,H,0.0002314236255750877,0.0002314236255750877,0.0002314236255750877,,,,,,0.1984126984126984,0.5,0.09774436090225565,,,,,,1.043099979070588,1.0851012676201726,,,0.9484721294024263,0.0,0.0,0.0,3.7285483119242233,0.0,,,,,,,,,,,,,,0.1984126984126984,0.5,0.09774436090225565,,,0.0,0.0,0.0,0.0,0.0,0.0,,,,,,,,,,,,,,,,,,,0.0,0.0,0.0,0.0,0.0,0.0,,,,,,,,,,,,,,,,,,,0.0,0.0,0.0,0.0,0.0,0.0,,,,,,,,,,,,,,,,,,,0.0,0.0,0.0,0.0,0.0,0.0,,,,,,,,,,,,,,,,,,,0.0,0.0,0.0,0.0,0.0,0.0
Nazarii Rusyn,FWD,Sunderland,4.4,0.0002314236255750877,0.0002314236255750877,0.0002314236255750877,0.0,0.0,0.0,0.27739251040221913,0.4854368932038835,-0.20804438280166437,Chelsea,H,0.0002314236255750877,0.0002314236255750877,0.0002314236255750877,,,,,,0.1984126984126984,0.5,0.09774436090225565,,,,,,1.043099979070588,1.0851012676201726,,,0.9484721294024263,0.0,0.0,0.0,3.7285483119242233,0.0,,,,,,,,,,,,,,0.1984126984126984,0.5,0.09774436090225565,,,0.0,0.0,0.0,0.0,0.0,0.0,,,,,,,,,,,,,,,,,,,0.0,0.0,0.0,0.0,0.0,0.0,,,,,,,,,,,,,,,,,,,0.0,0.0,0.0,0.0,0.0,0.0,,,,,,,,,,,,,,,,,,,0.0,0.0,0.0,0.0,0.0,0.0,,,,,,,,,,,,,,,,,,,0.0,0.0,0.0,0.0,0.0,0.0
Wilson Isidor,FWD,Sunderland,5.1,0.0002314236255750877,0.0002314236255750877,0.0002314236255750877,0.0,0.0,0.0,0.27739251040221913,0.4854368932038835,-0.20804438280166437,Chelsea,H,0.0002314236255750877,0.0002314236255750877,0.0002314236255750877,0.33068783068783064,0.08658008658008658,0.01,0.12698412698412698,0.2752546105147261,0.1984126984126984,0.5,0.09774436090225565,,,1.1626159423121425,0.7141238022460338,1.4808865307590564,1.043099979070588,1.0851012676201726,,,0.9484721294024263,0.0,0.0,0.0,3.7285483119242233,0.0,,,,,,,,,,,,,,0.1984126984126984,0.5,0.09774436090225565,,,0.0,0.0,0.0,0.0,0.0,0.0,,,,,,,,,,,,,,,,,,,0.0,0.0,0.0,0.0,0.0,0.0,,,,,,,,,,,,,,,,,,,0.0,0.0,0.0,0.0,0.0,0.0,,,,,,,,,,,,,,,,,,,0.0,0.0,0.0,0.0,0.0,0.0,,,,,,,,,,,,,,,,,,,0.0,0.0,0.0,0.0,0.0,0.0
Alphonse Areola,GK,West Ham,4.3,0.0002314236255750877,0.8317831919301906,0.0002314236255750877,0.0,0.0,0.0,0.5547850208044383,0.2311604253351826,0.32362459546925565,Leeds,H,0.0002314236255750877,0.0002314236255750877,0.0002314236255750877,,,,,,0.3401360544217687,0.31162790697674425,0.0348155808341951,0.42328042328042326,0.05602240896358543,,,,1.082402786834396,1.258750563956127,0.8940996374019891,0.7807137634412787,0.9502451342790215,0.0,0.0,0.0,3.352540203750976,0.0,,,,,,,,,,,,,,0.3401360544217687,0.31162790697674425,0.0348155808341951,,,0.0,0.0,0.0,0.0,0.0,0.0,,,,,,,,,,,,,,,,,,,0.0,0.0,0.0,0.0,0.0,0.0,,,,,,,,,,,,,,,,,,,0.0,0.0,0.0,0.0,0.0,0.0,,,,,,,,,,,,,,,,,,,0.0,0.0,0.0,0.0,0.0,0.0,,,,,,,,,,,,,,,,,,,0.0,0.0,0.0,0.0,0.0,0.0
Krisztián Hegyi,GK,West Ham,3.9,0.0002314236255750877,0.8317831919301906,0.0002314236255750877,0.0,0.0,0.0,0.5547850208044383,0.2311604253351826,0.32362459546925565,Leeds,H,0.0002314236255750877,0.0002314236255750877,0.0002314236255750877,,,,,,0.3401360544217687,0.31162790697674425,0.0348155808341951,0.42328042328042326,0.05602240896358543,,,,1.082402786834396,1.258750563956127,0.8940996374019891,0.7807137634412787,0.9502451342790215,0.0,0.0,0.0,3.352540203750976,0.0,,,,,,,,,,,,,,0.3401360544217687,0.31162790697674425,0.0348155808341951,,,0.0,0.0,0.0,0.0,0.0,0.0,,,,,,,,,,,,,,,,,,,0.0,0.0,0.0,0.0,0.0,0.0,,,,,,,,,,,,,,,,,,,0.0,0.0,0.0,0.0,0.0,0.0,,,,,,,,,,,,,,,,,,,0.0,0.0,0.0,0.0,0.0,0.0,,,,,,,,,,,,,,,,,,,0.0,0.0,0.0,0.0,0.0,0.0
Lukasz Fabianski,GK,West Ham,4.5,0.0002314236255750877,0.8317831919301906,0.0002314236255750877,0.0,0.0,0.0,0.5547850208044383,0.2311604253351826,0.32362459546925565,Leeds,H,0.0002314236255750877,0.0002314236255750877,0.0002314236255750877,,,,,,0.3401360544217687,0.31162790697674425,0.0348155808341951,0.42328042328042326,0.05602240896358543,,,,1.082402786834396,1.258750563956127,0.8940996374019891,0.7807137634412787,0.9502451342790215,0.0,0.0,0.0,3.352540203750976,0.0,,,,,,,,,,,,,,0.3401360544217687,0.31162790697674425,0.0348155808341951,,,0.0,0.0,0.0,0.0,0.0,0.0,,,,,,,,,,,,,,,,,,,0.0,0.0,0.0,0.0,0.0,0.0,,,,,,,,,,,,,,,,,,,0.0,0.0,0.0,0.0,0.0,0.0,,,,,,,,,,,,,,,,,,,0.0,0.0,0.0,0.0,0.0,0.0,,,,,,,,,,,,,,,,,,,0.0,0.0,0.0,0.0,0.0,0.0
Mads Hermansen,GK,West Ham,4.2,0.0002314236255750877,0.8317831919301906,0.0002314236255750877,0.0,0.0,1.0,0.5547850208044383,0.2311604253351826,0.32362459546925565,Leeds,H,0.0002314236255750877,0.0002314236255750877,0.0002314236255750877,,,,,,0.3401360544217687,0.31162790697674425,0.0348155808341951,0.42328042328042326,0.05602240896358543,,,,1.082402786834396,1.258750563956127,0.8940996374019891,0.7807137634412787,0.9502451342790215,3.146960074309204,0.0529837948679011,3.252927664045006,3.352540203750976,1.0,,,,,,,,,,,,,,0.3401360544217687,0.31162790697674425,0.0348155808341951,,,0.0,0.0,2.6676572420651956,0.04170963364785753,2.7510765093609106,1.0,,,,,,,,,,,,,,,,,,,0.0,0.0,2.0,0.026005000000000004,2.05201,1.0,,,,,,,,,,,,,,,,,,,0.0,0.0,2.0,0.026005000000000004,2.05201,1.0,,,,,,,,,,,,,,,,,,,0.0,0.0,2.0,0.026005000000000004,2.05201,1.0,,,,,,,,,,,,,,,,,,,0.0,0.0,2.0,0.026005000000000004,2.05201,11.336970697001778
Wes Foderingham,GK,West Ham,4.0,0.0002314236255750877,0.8317831919301906,0.0002314236255750877,0.0,0.0,0.0,0.5547850208044383,0.2311604253351826,0.32362459546925565,Leeds,H,0.0002314236255750877,0.0002314236255750877,0.0002314236255750877,,,,,,0.3401360544217687,0.31162790697674425,0.0348155808341951,0.42328042328042326,0.05602240896358543,,,,1.082402786834396,1.258750563956127,0.8940996374019891,0.7807137634412787,0.9502451342790215,0.0,0.0,0.0,3.352540203750976,0.0,,,,,,,,,,,,,,0.3401360544217687,0.31162790697674425,0.0348155808341951,,,0.0,0.0,0.0,0.0,0.0,0.0,,,,,,,,,,,,,,,,,,,0.0,0.0,0.0,0.0,0.0,0.0,,,,,,,,,,,,,,,,,,,0.0,0.0,0.0,0.0,0.0,0.0,,,,,,,,,,,,,,,,,,,0.0,0.0,0.0,0.0,0.0,0.0,,,,,,,,,,,,,,,,,,,0.0,0.0,0.0,0.0,0.0,0.0
Aaron Wan-Bissaka,DEF,West Ham,4.1,0.0002314236255750877,0.8317831919301906,0.0002314236255750877,0.32563786548426754,0.0,1.0,0.5547850208044383,0.2311604253351826,0.32362459546925565,Leeds,H,0.0002314236255750877,0.0002314236255750877,0.0002314236255750877,0.09523809523809523,0.005411255411255411,0.0,0.19047619047619047,0.22675736961451246,0.3401360544217687,0.31162790697674425,0.0348155808341951,,,0.8948840214908896,1.103456854820034,1.0734533316947108,1.08403575656665,1.2596460810057966,,,0.9495126102113833,4.267500278743894,0.07934114155661387,4.4261825618571216,4.477879524139327,1.0,,,,,,,,,,,,,,0.3401360544217687,0.31162790697674425,0.0348155808341951,,,0.32563786548426754,0.0,3.3189329730337307,0.05702894139169941,3.4329908558171294,1.0,,,,,,,,,,,,,,,,,,,0.32563786548426754,0.0,2.651275730968535,0.04132430774384188,2.733924346456219,1.0,,,,,,,,,,,,,,,,,,,0.32563786548426754,0.0,2.651275730968535,0.04132430774384188,2.733924346456219,1.0,,,,,,,,,,,,,,,,,,,0.32563786548426754,0.0,2.651275730968535,0.04132430774384188,2.733924346456219,1.0,,,,,,,,,,,,,,,,,,,0.32563786548426754,0.0,2.651275730968535,0.04132430774384188,2.733924346456219,14.999212959379092
Airidas Golambeckis,DEF,West Ham,4.0,0.0002314236255750877,0.8317831919301906,0.0002314236255750877,0.44,0.0,0.0,0.5547850208044383,0.2311604253351826,0.32362459546925565,Leeds,H,0.0002314236255750877,0.0002314236255750877,0.0002314236255750877,0.05012531328320802,0.004738213693437574,0.0,,,0.3401360544217687,0.31162790697674425,0.0348155808341951,,,0.47099159025836296,,,1.08403575656665,1.2596460810057966,,,0.9495126102113833,0.0,0.0,0.0,4.477879524139327,0.0,,,,,,,,,,,,,,0.3401360544217687,0.31162790697674425,0.0348155808341951,,,0.44,0.0,0.0,0.0,0.0,0.0,,,,,,,,,,,,,,,,,,,0.44,0.0,0.0,0.0,0.0,0.0,,,,,,,,,,,,,,,,,,,0.44,0.0,0.0,0.0,0.0,0.0,,,,,,,,,,,,,,,,,,,0.44,0.0,0.0,0.0,0.0,0.0,,,,,,,,,,,,,,,,,,,0.44,0.0,0.0,0.0,0.0,0.0
Axel Disasi,DEF,West Ham,4.5,0.0002314236255750877,0.8317831919301906,0.0002314236255750877,0.44,0.0,1.0,0.5547850208044383,0.2311604253351826,0.32362459546925565,Leeds,H,0.0002314236255750877,0.0002314236255750877,0.0002314236255750877,0.09523809523809523,0.005411255411255411,0.0,0.11904761904761904,0.20050125313283207,0.3401360544217687,0.31162790697674425,0.0348155808341951,,,0.8948840214908896,0.6896605342625213,0.949158735393218,1.08403575656665,1.2596460810057966,,,0.9495126102113833,4.308194949971325,0.08029836161322551,4.468791673197776,4.477879524139327,1.0,,,,,,,,,,,,,,0.3401360544217687,0.31162790697674425,0.0348155808341951,,,0.44,0.0,3.5476572420651955,0.06240899364785753,3.6724752293609106,1.0,,,,,,,,,,,,,,,,,,,0.44,0.0,2.88,0.04670436,2.97340872,1.0,,,,,,,,,,,,,,,,,,,0.44,0.0,2.88,0.04670436,2.97340872,1.0,,,,,,,,,,,,,,,,,,,0.44,0.0,2.88,0.04670436,2.97340872,1.0,,,,,,,,,,,,,,,,,,,0.44,0.0,2.88,0.04670436,2.97340872,15.91594003415455
El Hadji Malick Diouf,DEF,West Ham,4.0,0.0002314236255750877,0.8317831919301906,0.0002314236255750877,0.26665842038572696,0.0,1.0,0.5547850208044383,0.2311604253351826,0.32362459546925565,Leeds,H,0.0002314236255750877,0.0002314236255750877,0.0002314236255750877,0.09523809523809523,0.00630715862503942,0.0,0.31746031746031744,0.24295432458697763,0.3401360544217687,0.31162790697674425,0.0348155808341951,,,0.8948840214908896,1.83909475803339,1.1501285696729044,1.08403575656665,1.2596460810057966,,,0.9495126102113833,4.519672233809432,0.08527273028366547,4.690217694376763,4.477879524139327,1.0,,,,,,,,,,,,,,0.3401360544217687,0.31162790697674425,0.0348155808341951,,,0.26665842038572696,0.0,3.2009740828366495,0.05425431237648368,3.3094827075896167,1.0,,,,,,,,,,,,,,,,,,,0.26665842038572696,0.0,2.533316840771454,0.03854967872862615,2.610416198228706,1.0,,,,,,,,,,,,,,,,,,,0.26665842038572696,0.0,2.533316840771454,0.03854967872862615,2.610416198228706,1.0,,,,,,,,,,,,,,,,,,,0.26665842038572696,0.0,2.533316840771454,0.03854967872862615,2.610416198228706,1.0,,,,,,,,,,,,,,,,,,,0.26665842038572696,0.0,2.533316840771454,0.03854967872862615,2.610416198228706,14.812443350868314
Emerson Palmieri dos Santos,DEF,West Ham,4.4,0.0002314236255750877,0.8317831919301906,0.0002314236255750877,0.44,0.0,0.0,0.5547850208044383,0.2311604253351826,0.32362459546925565,Leeds,H,0.0002314236255750877,0.0002314236255750877,0.0002314236255750877,,,,,,0.3401360544217687,0.31162790697674425,0.0348155808341951,,,,,,1.08403575656665,1.2596460810057966,,,0.9495126102113833,0.0,0.0,0.0,4.477879524139327,0.0,,,,,,,,,,,,,,0.3401360544217687,0.31162790697674425,0.0348155808341951,,,0.44,0.0,0.0,0.0,0.0,0.0,,,,,,,,,,,,,,,,,,,0.44,0.0,0.0,0.0,0.0,0.0,,,,,,,,,,,,,,,,,,,0.44,0.0,0.0,0.0,0.0,0.0,,,,,,,,,,,,,,,,,,,0.44,0.0,0.0,0.0,0.0,0.0,,,,,,,,,,,,,,,,,,,0.44,0.0,0.0,0.0,0.0,0.0
Ezra Mayers,DEF,West Ham,4.0,0.0002314236255750877,0.8317831919301906,0.0002314236255750877,0.44,0.0,0.0,0.5547850208044383,0.2311604253351826,0.32362459546925565,Leeds,H,0.0002314236255750877,0.0002314236255750877,0.0002314236255750877,0.041407867494824016,0.004738213693437574,0.0,0.12698412698412698,0.25740025740025735,0.3401360544217687,0.31162790697674425,0.0348155808341951,,,0.38908000934386505,0.7356379032133561,1.2185145927345364,1.08403575656665,1.2596460810057966,,,0.9495126102113833,0.0,0.0,0.0,4.477879524139327,0.0,,,,,,,,,,,,,,0.3401360544217687,0.31162790697674425,0.0348155808341951,,,0.44,0.0,0.0,0.0,0.0,0.0,,,,,,,,,,,,,,,,,,,0.44,0.0,0.0,0.0,0.0,0.0,,,,,,,,,,,,,,,,,,,0.44,0.0,0.0,0.0,0.0,0.0,,,,,,,,,,,,,,,,,,,0.44,0.0,0.0,0.0,0.0,0.0,,,,,,,,,,,,,,,,,,,0.44,0.0,0.0,0.0,0.0,0.0
Jean-Clair Todibo,DEF,West Ham,4.3,0.0002314236255750877,0.8317831919301906,0.0002314236255750877,0.3341175708976247,0.0,0.0,0.5547850208044383,0.2311604253351826,0.32362459546925565,Leeds,H,0.0002314236255750877,0.0002314236255750877,0.0002314236255750877,0.05012531328320802,0.004738213693437574,0.0,0.12698412698412698,0.2736726874657909,0.3401360544217687,0.31162790697674425,0.0348155808341951,,,0.47099159025836296,0.7356379032133561,1.2955471244591337,1.08403575656665,1.2596460810057966,,,0.9495126102113833,0.0,0.0,0.0,4.477879524139327,0.0,,,,,,,,,,,,,,0.3401360544217687,0.31162790697674425,0.0348155808341951,,,0.3341175708976247,0.0,0.0,0.0,0.0,0.0,,,,,,,,,,,,,,,,,,,0.3341175708976247,0.0,0.0,0.0,0.0,0.0,,,,,,,,,,,,,,,,,,,0.3341175708976247,0.0,0.0,0.0,0.0,0.0,,,,,,,,,,,,,,,,,,,0.3341175708976247,0.0,0.0,0.0,0.0,0.0,,,,,,,,,,,,,,,,,,,0.3341175708976247,0.0,0.0,0.0,0.0,0.0
Kaelan Casey,DEF,West Ham,4.0,0.0002314236255750877,0.8317831919301906,0.0002314236255750877,0.44,0.0,0.0,0.5547850208044383,0.2311604253351826,0.32362459546925565,Leeds,H,0.0002314236255750877,0.0002314236255750877,0.0002314236255750877,,,,,,0.3401360544217687,0.31162790697674425,0.0348155808341951,,,,,,1.08403575656665,1.2596460810057966,,,0.9495126102113833,0.0,0.0,0.0,4.477879524139327,0.0,,,,,,,,,,,,,,0.3401360544217687,0.31162790697674425,0.0348155808341951,,,0.44,0.0,0.0,0.0,0.0,0.0,,,,,,,,,,,,,,,,,,,0.44,0.0,0.0,0.0,0.0,0.0,,,,,,,,,,,,,,,,,,,0.44,0.0,0.0,0.0,0.0,0.0,,,,,,,,,,,,,,,,,,,0.44,0.0,0.0,0.0,0.0,0.0,,,,,,,,,,,,,,,,,,,0.44,0.0,0.0,0.0,0.0,0.0
Konstantinos Mavropanos,DEF,West Ham,4.4,0.0002314236255750877,0.8317831919301906,0.0002314236255750877,0.5641866203945956,0.0,1.0,0.5547850208044383,0.2311604253351826,0.32362459546925565,Leeds,H,0.0002314236255750877,0.0002314236255750877,0.0002314236255750877,0.11204481792717086,0.009429514380009428,0.0,0.08658008658008658,0.24295432458697763,0.3401360544217687,0.31162790697674425,0.0348155808341951,,,1.0528047311657525,0.50157129764547,1.1501285696729044,1.08403575656665,1.2596460810057966,,,0.9495126102113833,4.5416624118507505,0.08578998325155336,4.713242378353857,4.477879524139327,1.0,,,,,,,,,,,,,,0.3401360544217687,0.31162790697674425,0.0348155808341951,,,0.5641866203945956,0.0,3.7960304828543867,0.06825122901770089,3.9325329408897884,1.0,,,,,,,,,,,,,,,,,,,0.5641866203945956,0.0,3.128373240789191,0.05254659536984335,3.233466431528878,1.0,,,,,,,,,,,,,,,,,,,0.5641866203945956,0.0,3.128373240789191,0.05254659536984335,3.233466431528878,1.0,,,,,,,,,,,,,,,,,,,0.5641866203945956,0.0,3.128373240789191,0.05254659536984335,3.233466431528878,1.0,,,,,,,,,,,,,,,,,,,0.5641866203945956,0.0,3.128373240789191,0.05254659536984335,3.233466431528878,17.109601386391034
Kyle Walker-Peters,DEF,West Ham,4.2,0.0002314236255750877,0.8317831919301906,0.0002314236255750877,0.22609877096735076,0.0,0.0,0.5547850208044383,0.2311604253351826,0.32362459546925565,Leeds,H,0.0002314236255750877,0.0002314236255750877,0.0002314236255750877,0.09523809523809523,0.005411255411255411,0.0,0.21994941163532386,0.20050125313283207,0.3401360544217687,0.31162790697674425,0.0348155808341951,,,0.8948840214908896,1.2741996014088153,0.949158735393218,1.08403575656665,1.2596460810057966,,,0.9495126102113833,0.0,0.0,0.0,4.477879524139327,0.0,,,,,,,,,,,,,,0.3401360544217687,0.31162790697674425,0.0348155808341951,,,0.22609877096735076,0.0,0.0,0.0,0.0,0.0,,,,,,,,,,,,,,,,,,,0.22609877096735076,0.0,0.0,0.0,0.0,0.0,,,,,,,,,,,,,,,,,,,0.22609877096735076,0.0,0.0,0.0,0.0,0.0,,,,,,,,,,,,,,,,,,,0.22609877096735076,0.0,0.0,0.0,0.0,0.0,,,,,,,,,,,,,,,,,,,0.22609877096735076,0.0,0.0,0.0,0.0,0.0
Maximilian Kilman,DEF,West Ham,4.2,0.0002314236255750877,0.8317831919301906,0.0002314236255750877,0.4293670055168465,0.0,0.0,0.5547850208044383,0.2311604253351826,0.32362459546925565,Leeds,H,0.0002314236255750877,0.0002314236255750877,0.0002314236255750877,0.07326007326007326,0.004738213693437574,0.0,0.09523809523809523,0.2070393374741201,0.3401360544217687,0.31162790697674425,0.0348155808341951,,,0.6883723242237614,0.551728427410017,0.9801095637212578,1.08403575656665,1.2596460810057966,,,0.9495126102113833,0.0,0.0,0.0,4.477879524139327,0.0,,,,,,,,,,,,,,0.3401360544217687,0.31162790697674425,0.0348155808341951,,,0.4293670055168465,0.0,0.0,0.0,0.0,0.0,,,,,,,,,,,,,,,,,,,0.4293670055168465,0.0,0.0,0.0,0.0,0.0,,,,,,,,,,,,,,,,,,,0.4293670055168465,0.0,0.0,0.0,0.0,0.0,,,,,,,,,,,,,,,,,,,0.4293670055168465,0.0,0.0,0.0,0.0,0.0,,,,,,,,,,,,,,,,,,,0.4293670055168465,0.0,0.0,0.0,0.0,0.0
Nayef Aguerd,DEF,West Ham,4.4,0.0002314236255750877,0.8317831919301906,0.0002314236255750877,0.44,0.0,0.0,0.5547850208044383,0.2311604253351826,0.32362459546925565,Leeds,H,0.0002314236255750877,0.0002314236255750877,0.0002314236255750877,,,,,,0.3401360544217687,0.31162790697674425,0.0348155808341951,,,,,,1.08403575656665,1.2596460810057966,,,0.9495126102113833,0.0,0.0,0.0,4.477879524139327,0.0,,,,,,,,,,,,,,0.3401360544217687,0.31162790697674425,0.0348155808341951,,,0.44,0.0,0.0,0.0,0.0,0.0,,,,,,,,,,,,,,,,,,,0.44,0.0,0.0,0.0,0.0,0.0,,,,,,,,,,,,,,,,,,,0.44,0.0,0.0,0.0,0.0,0.0,,,,,,,,,,,,,,,,,,,0.44,0.0,0.0,0.0,0.0,0.0,,,,,,,,,,,,,,,,,,,0.44,0.0,0.0,0.0,0.0,0.0
Ollie Scarles,DEF,West Ham,4.3,0.0002314236255750877,0.8317831919301906,0.0002314236255750877,0.49159200305610395,0.0,0.0,0.5547850208044383,0.2311604253351826,0.32362459546925565,Leeds,H,0.0002314236255750877,0.0002314236255750877,0.0002314236255750877,0.12698412698412698,0.010465724751439037,0.0,0.25396825396825395,0.2616431187859759,0.3401360544217687,0.31162790697674425,0.0348155808341951,,,1.1931786953211863,1.4712758064267122,1.2385999981092817,1.08403575656665,1.2596460810057966,,,0.9495126102113833,0.0,0.0,0.0,4.477879524139327,0.0,,,,,,,,,,,,,,0.3401360544217687,0.31162790697674425,0.0348155808341951,,,0.49159200305610395,0.0,0.0,0.0,0.0,0.0,,,,,,,,,,,,,,,,,,,0.49159200305610395,0.0,0.0,0.0,0.0,0.0,,,,,,,,,,,,,,,,,,,0.49159200305610395,0.0,0.0,0.0,0.0,0.0,,,,,,,,,,,,,,,,,,,0.49159200305610395,0.0,0.0,0.0,0.0,0.0,,,,,,,,,,,,,,,,,,,0.49159200305610395,0.0,0.0,0.0,0.0,0.0
Adama Traore,MID,West Ham,5.1,0.0002314236255750877,0.8317831919301906,0.0002314236255750877,0.0,0.26,0.0,0.5547850208044383,0.2311604253351826,0.32362459546925565,Leeds,H,0.0002314236255750877,0.0002314236255750877,0.0002314236255750877,0.25396825396825395,0.04535147392290249,0.0,0.4140786749482402,0.21893814997263275,0.3401360544217687,0.31162790697674425,0.0348155808341951,,,1.1239270280403084,1.602643466295769,1.0433367664751332,1.079093550461822,1.245542244042653,,,0.9526453693438733,0.0,0.0,0.0,4.822533103427352,0.0,,,,,,,,,,,,,,0.3401360544217687,0.31162790697674425,0.0348155808341951,,,0.0,0.26,0.0,0.0,0.0,0.0,,,,,,,,,,,,,,,,,,,0.0,0.26,0.0,0.0,0.0,0.0,,,,,,,,,,,,,,,,,,,0.0,0.26,0.0,0.0,0.0,0.0,,,,,,,,,,,,,,,,,,,0.0,0.26,0.0,0.0,0.0,0.0,,,,,,,,,,,,,,,,,,,0.0,0.26,0.0,0.0,0.0,0.0
Andy Irving,MID,West Ham,4.3,0.0002314236255750877,0.8317831919301906,0.0002314236255750877,0.0,0.26,0.0,0.5547850208044383,0.2311604253351826,0.32362459546925565,Leeds,H,0.0002314236255750877,0.0002314236255750877,0.0002314236255750877,,,,,,0.3401360544217687,0.31162790697674425,0.0348155808341951,,,,,,1.079093550461822,1.245542244042653,,,0.9526453693438733,0.0,0.0,0.0,4.822533103427352,0.0,,,,,,,,,,,,,,0.3401360544217687,0.31162790697674425,0.0348155808341951,,,0.0,0.26,0.0,0.0,0.0,0.0,,,,,,,,,,,,,,,,,,,0.0,0.26,0.0,0.0,0.0,0.0,,,,,,,,,,,,,,,,,,,0.0,0.26,0.0,0.0,0.0,0.0,,,,,,,,,,,,,,,,,,,0.0,0.26,0.0,0.0,0.0,0.0,,,,,,,,,,,,,,,,,,,0.0,0.26,0.0,0.0,0.0,0.0
Crysencio Summerville,MID,West Ham,5.6,0.0002314236255750877,0.8317831919301906,0.0002314236255750877,0.0,0.14468064587463358,1.0,0.5547850208044383,0.2311604253351826,0.32362459546925565,Leeds,H,0.0002314236255750877,0.0002314236255750877,0.0002314236255750877,0.3072196620583717,0.07326007326007326,0.01,0.2886002886002886,0.23515579071134626,0.3401360544217687,0.31162790697674425,0.0348155808341951,,,1.3595891468229537,1.1169939310546266,1.120620971399217,1.079093550461822,1.245542244042653,,,0.9526453693438733,5.21254109785278,0.1015703917036931,5.415681881260166,4.822533103427352,1.0,,,,,,,,,,,,,,0.3401360544217687,0.31162790697674425,0.0348155808341951,,,0.0,0.14468064587463358,2.6294973461710356,0.0408120365766351,2.711121419324306,1.0,,,,,,,,,,,,,,,,,,,0.0,0.14468064587463358,2.289361291749267,0.032811356304526265,2.3549840043583194,1.0,,,,,,,,,,,,,,,,,,,0.0,0.14468064587463358,2.289361291749267,0.032811356304526265,2.3549840043583194,1.0,,,,,,,,,,,,,,,,,,,0.0,0.14468064587463358,2.289361291749267,0.032811356304526265,2.3549840043583194,1.0,,,,,,,,,,,,,,,,,,,0.0,0.14468064587463358,2.289361291749267,0.032811356304526265,2.3549840043583194,14.314090299889124
Edson Álvarez Velázquez,MID,West Ham,4.9,0.0002314236255750877,0.8317831919301906,0.0002314236255750877,0.0,0.26,0.0,0.5547850208044383,0.2311604253351826,0.32362459546925565,Leeds,H,0.0002314236255750877,0.0002314236255750877,0.0002314236255750877,,,,,,0.3401360544217687,0.31162790697674425,0.0348155808341951,,,,,,1.079093550461822,1.245542244042653,,,0.9526453693438733,0.0,0.0,0.0,4.822533103427352,0.0,,,,,,,,,,,,,,0.3401360544217687,0.31162790697674425,0.0348155808341951,,,0.0,0.26,0.0,0.0,0.0,0.0,,,,,,,,,,,,,,,,,,,0.0,0.26,0.0,0.0,0.0,0.0,,,,,,,,,,,,,,,,,,,0.0,0.26,0.0,0.0,0.0,0.0,,,,,,,,,,,,,,,,,,,0.0,0.26,0.0,0.0,0.0,0.0,,,,,,,,,,,,,,,,,,,0.0,0.26,0.0,0.0,0.0,0.0
Freddie Potts,MID,West Ham,4.4,0.0002314236255750877,0.8317831919301906,0.0002314236255750877,0.0,0.25325373127954387,0.0,0.5547850208044383,0.2311604253351826,0.32362459546925565,Leeds,H,0.0002314236255750877,0.0002314236255750877,0.0002314236255750877,0.07936507936507936,0.004738213693437574,0.0,0.21164021164021163,0.21893814997263275,0.3401360544217687,0.31162790697674425,0.0348155808341951,,,0.3512271962625964,0.8191288827733929,1.0433367664751332,1.079093550461822,1.245542244042653,,,0.9526453693438733,0.0,0.0,0.0,4.822533103427352,0.0,,,,,,,,,,,,,,0.3401360544217687,0.31162790697674425,0.0348155808341951,,,0.0,0.25325373127954387,0.0,0.0,0.0,0.0,,,,,,,,,,,,,,,,,,,0.0,0.25325373127954387,0.0,0.0,0.0,0.0,,,,,,,,,,,,,,,,,,,0.0,0.25325373127954387,0.0,0.0,0.0,0.0,,,,,,,,,,,,,,,,,,,0.0,0.25325373127954387,0.0,0.0,0.0,0.0,,,,,,,,,,,,,,,,,,,0.0,0.25325373127954387,0.0,0.0,0.0,0.0
George Earthy,MID,West Ham,4.5,0.0002314236255750877,0.8317831919301906,0.0002314236255750877,0.0,0.26,0.0,0.5547850208044383,0.2311604253351826,0.32362459546925565,Leeds,H,0.0002314236255750877,0.0002314236255750877,0.0002314236255750877,,,,,,0.3401360544217687,0.31162790697674425,0.0348155808341951,,,,,,1.079093550461822,1.245542244042653,,,0.9526453693438733,0.0,0.0,0.0,4.822533103427352,0.0,,,,,,,,,,,,,,0.3401360544217687,0.31162790697674425,0.0348155808341951,,,0.0,0.26,0.0,0.0,0.0,0.0,,,,,,,,,,,,,,,,,,,0.0,0.26,0.0,0.0,0.0,0.0,,,,,,,,,,,,,,,,,,,0.0,0.26,0.0,0.0,0.0,0.0,,,,,,,,,,,,,,,,,,,0.0,0.26,0.0,0.0,0.0,0.0,,,,,,,,,,,,,,,,,,,0.0,0.26,0.0,0.0,0.0,0.0
Guido Rodríguez,MID,West Ham,4.8,0.0002314236255750877,0.8317831919301906,0.0002314236255750877,0.0,0.26,0.0,0.5547850208044383,0.2311604253351826,0.32362459546925565,Leeds,H,0.0002314236255750877,0.0002314236255750877,0.0002314236255750877,,,,,,0.3401360544217687,0.31162790697674425,0.0348155808341951,,,,,,1.079093550461822,1.245542244042653,,,0.9526453693438733,0.0,0.0,0.0,4.822533103427352,0.0,,,,,,,,,,,,,,0.3401360544217687,0.31162790697674425,0.0348155808341951,,,0.0,0.26,0.0,0.0,0.0,0.0,,,,,,,,,,,,,,,,,,,0.0,0.26,0.0,0.0,0.0,0.0,,,,,,,,,,,,,,,,,,,0.0,0.26,0.0,0.0,0.0,0.0,,,,,,,,,,,,,,,,,,,0.0,0.26,0.0,0.0,0.0,0.0,,,,,,,,,,,,,,,,,,,0.0,0.26,0.0,0.0,0.0,0.0
Keiber Lamadrid,MID,West Ham,5.0,0.0002314236255750877,0.8317831919301906,0.0002314236255750877,0.0,0.26,0.0,0.5547850208044383,0.2311604253351826,0.32362459546925565,Leeds,H,0.0002314236255750877,0.0002314236255750877,0.0002314236255750877,0.27210884353741494,0.06349206349206349,0.0,0.31746031746031744,0.2560163850486431,0.3401360544217687,0.31162790697674425,0.0348155808341951,,,1.2042075300431876,1.2286933241600895,1.2200308962814057,1.079093550461822,1.245542244042653,,,0.9526453693438733,0.0,0.0,0.0,4.822533103427352,0.0,,,,,,,,,,,,,,0.3401360544217687,0.31162790697674425,0.0348155808341951,,,0.0,0.26,0.0,0.0,0.0,0.0,,,,,,,,,,,,,,,,,,,0.0,0.26,0.0,0.0,0.0,0.0,,,,,,,,,,,,,,,,,,,0.0,0.26,0.0,0.0,0.0,0.0,,,,,,,,,,,,,,,,,,,0.0,0.26,0.0,0.0,0.0,0.0,,,,,,,,,,,,,,,,,,,0.0,0.26,0.0,0.0,0.0,0.0
Lewis Orford,MID,West Ham,4.4,0.0002314236255750877,0.8317831919301906,0.0002314236255750877,0.0,0.26,0.0,0.5547850208044383,0.2311604253351826,0.32362459546925565,Leeds,H,0.0002314236255750877,0.0002314236255750877,0.0002314236255750877,,,,,,0.3401360544217687,0.31162790697674425,0.0348155808341951,,,,,,1.079093550461822,1.245542244042653,,,0.9526453693438733,0.0,0.0,0.0,4.822533103427352,0.0,,,,,,,,,,,,,,0.3401360544217687,0.31162790697674425,0.0348155808341951,,,0.0,0.26,0.0,0.0,0.0,0.0,,,,,,,,,,,,,,,,,,,0.0,0.26,0.0,0.0,0.0,0.0,,,,,,,,,,,,,,,,,,,0.0,0.26,0.0,0.0,0.0,0.0,,,,,,,,,,,,,,,,,,,0.0,0.26,0.0,0.0,0.0,0.0,,,,,,,,,,,,,,,,,,,0.0,0.26,0.0,0.0,0.0,0.0
Lucas Paqueta,MID,West Ham,5.9,0.0002314236255750877,0.8317831919301906,0.0002314236255750877,0.0,0.2146248609013215,0.0,0.5547850208044383,0.2311604253351826,0.32362459546925565,Leeds,H,0.0002314236255750877,0.0002314236255750877,0.0002314236255750877,,,,,,0.3401360544217687,0.31162790697674425,0.0348155808341951,,,,,,1.079093550461822,1.245542244042653,,,0.9526453693438733,0.0,0.0,0.0,4.822533103427352,0.0,,,,,,,,,,,,,,0.3401360544217687,0.31162790697674425,0.0348155808341951,,,0.0,0.2146248609013215,0.0,0.0,0.0,0.0,,,,,,,,,,,,,,,,,,,0.0,0.2146248609013215,0.0,0.0,0.0,0.0,,,,,,,,,,,,,,,,,,,0.0,0.2146248609013215,0.0,0.0,0.0,0.0,,,,,,,,,,,,,,,,,,,0.0,0.2146248609013215,0.0,0.0,0.0,0.0,,,,,,,,,,,,,,,,,,,0.0,0.2146248609013215,0.0,0.0,0.0,0.0
Luis Guilherme,MID,West Ham,4.9,0.0002314236255750877,0.8317831919301906,0.0002314236255750877,0.0,0.26,0.0,0.5547850208044383,0.2311604253351826,0.32362459546925565,Leeds,H,0.0002314236255750877,0.0002314236255750877,0.0002314236255750877,,,,,,0.3401360544217687,0.31162790697674425,0.0348155808341951,,,,,,1.079093550461822,1.245542244042653,,,0.9526453693438733,0.0,0.0,0.0,4.822533103427352,0.0,,,,,,,,,,,,,,0.3401360544217687,0.31162790697674425,0.0348155808341951,,,0.0,0.26,0.0,0.0,0.0,0.0,,,,,,,,,,,,,,,,,,,0.0,0.26,0.0,0.0,0.0,0.0,,,,,,,,,,,,,,,,,,,0.0,0.26,0.0,0.0,0.0,0.0,,,,,,,,,,,,,,,,,,,0.0,0.26,0.0,0.0,0.0,0.0,,,,,,,,,,,,,,,,,,,0.0,0.26,0.0,0.0,0.0,0.0
Mateus Fernandes,MID,West Ham,5.5,0.0002314236255750877,0.8317831919301906,0.0002314236255750877,0.0,0.4781640752163945,1.0,0.5547850208044383,0.2311604253351826,0.32362459546925565,Leeds,H,0.0002314236255750877,0.0002314236255750877,0.0002314236255750877,0.17316017316017315,0.023228803716608595,0.0,0.2886002886002886,0.2868617326448652,0.3401360544217687,0.31162790697674425,0.0348155808341951,,,0.7663138827547558,1.1169939310546266,1.3670225705321775,1.079093550461822,1.245542244042653,,,0.9526453693438733,4.857348222394467,0.09321554488716266,5.043779312168793,4.822533103427352,1.0,,,,,,,,,,,,,,0.3401360544217687,0.31162790697674425,0.0348155808341951,,,0.0,0.4781640752163945,3.2964642048545576,0.0565004310265889,3.4094650669077353,1.0,,,,,,,,,,,,,,,,,,,0.0,0.4781640752163945,2.956328150432789,0.04849975075448007,3.053327651941749,1.0,,,,,,,,,,,,,,,,,,,0.0,0.4781640752163945,2.956328150432789,0.04849975075448007,3.053327651941749,1.0,,,,,,,,,,,,,,,,,,,0.0,0.4781640752163945,2.956328150432789,0.04849975075448007,3.053327651941749,1.0,,,,,,,,,,,,,,,,,,,0.0,0.4781640752163945,2.956328150432789,0.04849975075448007,3.053327651941749,16.491142044477265
Maxwel Cornet,MID,West Ham,4.9,0.0002314236255750877,0.8317831919301906,0.0002314236255750877,0.0,0.26,0.0,0.5547850208044383,0.2311604253351826,0.32362459546925565,Leeds,H,0.0002314236255750877,0.0002314236255750877,0.0002314236255750877,,,,,,0.3401360544217687,0.31162790697674425,0.0348155808341951,,,,,,1.079093550461822,1.245542244042653,,,0.9526453693438733,0.0,0.0,0.0,4.822533103427352,0.0,,,,,,,,,,,,,,0.3401360544217687,0.31162790697674425,0.0348155808341951,,,0.0,0.26,0.0,0.0,0.0,0.0,,,,,,,,,,,,,,,,,,,0.0,0.26,0.0,0.0,0.0,0.0,,,,,,,,,,,,,,,,,,,0.0,0.26,0.0,0.0,0.0,0.0,,,,,,,,,,,,,,,,,,,0.0,0.26,0.0,0.0,0.0,0.0,,,,,,,,,,,,,,,,,,,0.0,0.26,0.0,0.0,0.0,0.0
Mohamadou Kante,MID,West Ham,4.5,0.0002314236255750877,0.8317831919301906,0.0002314236255750877,0.0,0.26,0.0,0.5547850208044383,0.2311604253351826,0.32362459546925565,Leeds,H,0.0002314236255750877,0.0002314236255750877,0.0002314236255750877,0.15873015873015872,0.020703933747412008,0.0,0.21164021164021163,0.2675227394328518,0.3401360544217687,0.31162790697674425,0.0348155808341951,,,0.7024543925251928,0.8191288827733929,1.2748637455524803,1.079093550461822,1.245542244042653,,,0.9526453693438733,0.0,0.0,0.0,4.822533103427352,0.0,,,,,,,,,,,,,,0.3401360544217687,0.31162790697674425,0.0348155808341951,,,0.0,0.26,0.0,0.0,0.0,0.0,,,,,,,,,,,,,,,,,,,0.0,0.26,0.0,0.0,0.0,0.0,,,,,,,,,,,,,,,,,,,0.0,0.26,0.0,0.0,0.0,0.0,,,,,,,,,,,,,,,,,,,0.0,0.26,0.0,0.0,0.0,0.0,,,,,,,,,,,,,,,,,,,0.0,0.26,0.0,0.0,0.0,0.0
Soungoutou Magassa,MID,West Ham,5.0,0.0002314236255750877,0.8317831919301906,0.0002314236255750877,0.0,0.5454943466769746,0.0,0.5547850208044383,0.2311604253351826,0.32362459546925565,Leeds,H,0.0002314236255750877,0.0002314236255750877,0.0002314236255750877,0.09523809523809523,0.005411255411255411,0.0,0.21164021164021163,0.30330603579011217,0.3401360544217687,0.31162790697674425,0.0348155808341951,,,0.4214726355151157,0.8191288827733929,1.445386921709181,1.079093550461822,1.245542244042653,,,0.9526453693438733,0.0,0.0,0.0,4.822533103427352,0.0,,,,,,,,,,,,,,0.3401360544217687,0.31162790697674425,0.0348155808341951,,,0.0,0.5454943466769746,0.0,0.0,0.0,0.0,,,,,,,,,,,,,,,,,,,0.0,0.5454943466769746,0.0,0.0,0.0,0.0,,,,,,,,,,,,,,,,,,,0.0,0.5454943466769746,0.0,0.0,0.0,0.0,,,,,,,,,,,,,,,,,,,0.0,0.5454943466769746,0.0,0.0,0.0,0.0,,,,,,,,,,,,,,,,,,,0.0,0.5454943466769746,0.0,0.0,0.0,0.0
Tomas Soucek,MID,West Ham,5.7,0.0002314236255750877,0.8317831919301906,0.0002314236255750877,0.0,0.31951779948118975,1.0,0.5547850208044383,0.2311604253351826,0.32362459546925565,Leeds,H,0.0002314236255750877,0.0002314236255750877,0.0002314236255750877,0.21994941163532386,0.03663003663003663,0.0,0.19047619047619047,0.2801120448179272,0.3401360544217687,0.31162790697674425,0.0348155808341951,,,0.9733779111203595,0.7372159944960536,1.3348573335784792,1.079093550461822,1.245542244042653,,,0.9526453693438733,4.553385421321595,0.08606573188032655,4.725516885082248,4.822533103427352,1.0,,,,,,,,,,,,,,0.3401360544217687,0.31162790697674425,0.0348155808341951,,,0.0,0.31951779948118975,2.979171653384148,0.04903707563090193,3.077245804645952,1.0,,,,,,,,,,,,,,,,,,,0.0,0.31951779948118975,2.6390355989623795,0.041036395358793096,2.7211083896799657,1.0,,,,,,,,,,,,,,,,,,,0.0,0.31951779948118975,2.6390355989623795,0.041036395358793096,2.7211083896799657,1.0,,,,,,,,,,,,,,,,,,,0.0,0.31951779948118975,2.6390355989623795,0.041036395358793096,2.7211083896799657,1.0,,,,,,,,,,,,,,,,,,,0.0,0.31951779948118975,2.6390355989623795,0.041036395358793096,2.7211083896799657,14.96027931013521
Callum Marshall,FWD,West Ham,4.3,0.0002314236255750877,0.8317831919301906,0.0002314236255750877,0.0,0.0,0.0,0.5547850208044383,0.2311604253351826,0.32362459546925565,Leeds,H,0.0002314236255750877,0.0002314236255750877,0.0002314236255750877,,,,,,0.3401360544217687,0.31162790697674425,0.0348155808341951,,,,,,1.0858103569984583,1.2639617961904561,,,0.9471106362335467,0.0,0.0,0.0,4.822846766857773,0.0,,,,,,,,,,,,,,0.3401360544217687,0.31162790697674425,0.0348155808341951,,,0.0,0.0,0.0,0.0,0.0,0.0,,,,,,,,,,,,,,,,,,,0.0,0.0,0.0,0.0,0.0,0.0,,,,,,,,,,,,,,,,,,,0.0,0.0,0.0,0.0,0.0,0.0,,,,,,,,,,,,,,,,,,,0.0,0.0,0.0,0.0,0.0,0.0,,,,,,,,,,,,,,,,,,,0.0,0.0,0.0,0.0,0.0,0.0
Callum Wilson,FWD,West Ham,5.8,0.0002314236255750877,0.8317831919301906,0.0002314236255750877,0.0,0.0,0.0,0.5547850208044383,0.2311604253351826,0.32362459546925565,Leeds,H,0.0002314236255750877,0.0002314236255750877,0.0002314236255750877,0.3968253968253968,0.11904761904761904,0.01,0.21164021164021163,0.21164021164021163,0.3401360544217687,0.31162790697674425,0.0348155808341951,,,0.941377576744668,0.8737107198427999,1.2593050402182682,1.0858103569984583,1.2639617961904561,,,0.9471106362335467,0.0,0.0,0.0,4.822846766857773,0.0,,,,,,,,,,,,,,0.3401360544217687,0.31162790697674425,0.0348155808341951,,,0.0,0.0,0.0,0.0,0.0,0.0,,,,,,,,,,,,,,,,,,,0.0,0.0,0.0,0.0,0.0,0.0,,,,,,,,,,,,,,,,,,,0.0,0.0,0.0,0.0,0.0,0.0,,,,,,,,,,,,,,,,,,,0.0,0.0,0.0,0.0,0.0,0.0,,,,,,,,,,,,,,,,,,,0.0,0.0,0.0,0.0,0.0,0.0
Jarrod Bowen,FWD,West Ham,7.6,0.0002314236255750877,0.8317831919301906,0.0002314236255750877,0.0,0.0,1.0,0.5547850208044383,0.2311604253351826,0.32362459546925565,Leeds,H,0.0002314236255750877,0.0002314236255750877,0.0002314236255750877,0.38095238095238093,0.10025062656641603,0.01,0.40184850311432585,0.12055455093429775,0.3401360544217687,0.31162790697674425,0.0348155808341951,,,0.9037224736748813,1.6589444047648099,0.7173256558205324,1.0858103569984583,1.2639617961904561,,,0.9471106362335467,5.049802988483868,0.09774246589511754,5.2452879202741025,4.822846766857773,1.0,,,,,,,,,,,,,,0.3401360544217687,0.31162790697674425,0.0348155808341951,,,0.0,0.0,2.0,0.026005000000000004,2.05201,1.0,,,,,,,,,,,,,,,,,,,0.0,0.0,2.0,0.026005000000000004,2.05201,1.0,,,,,,,,,,,,,,,,,,,0.0,0.0,2.0,0.026005000000000004,2.05201,1.0,,,,,,,,,,,,,,,,,,,0.0,0.0,2.0,0.026005000000000004,2.05201,1.0,,,,,,,,,,,,,,,,,,,0.0,0.0,2.0,0.026005000000000004,2.05201,12.7351244202741
Niclas Fullkrug,FWD,West Ham,5.6,0.0002314236255750877,0.8317831919301906,0.0002314236255750877,0.0,0.0,0.0,0.5547850208044383,0.2311604253351826,0.32362459546925565,Leeds,H,0.0002314236255750877,0.0002314236255750877,0.0002314236255750877,,,,,,0.3401360544217687,0.31162790697674425,0.0348155808341951,,,,,,1.0858103569984583,1.2639617961904561,,,0.9471106362335467,0.0,0.0,0.0,4.822846766857773,0.0,,,,,,,,,,,,,,0.3401360544217687,0.31162790697674425,0.0348155808341951,,,0.0,0.0,0.0,0.0,0.0,0.0,,,,,,,,,,,,,,,,,,,0.0,0.0,0.0,0.0,0.0,0.0,,,,,,,,,,,,,,,,,,,0.0,0.0,0.0,0.0,0.0,0.0,,,,,,,,,,,,,,,,,,,0.0,0.0,0.0,0.0,0.0,0.0,,,,,,,,,,,,,,,,,,,0.0,0.0,0.0,0.0,0.0,0.0
Pablo,FWD,West Ham,5.5,0.0002314236255750877,0.8317831919301906,0.0002314236255750877,0.0,0.0,1.0,0.5547850208044383,0.2311604253351826,0.32362459546925565,Leeds,H,0.0002314236255750877,0.0002314236255750877,0.0002314236255750877,0.2886002886002886,0.06349206349206349,0.0,0.25396825396825395,0.25879917184265006,0.3401360544217687,0.31162790697674425,0.0348155808341951,,,0.6846382376324859,1.04845286381136,1.5399110546147299,1.0858103569984583,1.2639617961904561,,,0.9471106362335467,3.91147499843152,0.07096671491310622,4.0534084282577325,4.822846766857773,1.0,,,,,,,,,,,,,,0.3401360544217687,0.31162790697674425,0.0348155808341951,,,0.0,0.0,2.0,0.026005000000000004,2.05201,1.0,,,,,,,,,,,,,,,,,,,0.0,0.0,2.0,0.026005000000000004,2.05201,1.0,,,,,,,,,,,,,,,,,,,0.0,0.0,2.0,0.026005000000000004,2.05201,1.0,,,,,,,,,,,,,,,,,,,0.0,0.0,2.0,0.026005000000000004,2.05201,1.0,,,,,,,,,,,,,,,,,,,0.0,0.0,2.0,0.026005000000000004,2.05201,11.543244928257732
Valentin Castellanos,FWD,West Ham,5.5,0.0002314236255750877,0.8317831919301906,0.0002314236255750877,0.0,0.0,1.0,0.5547850208044383,0.2311604253351826,0.32362459546925565,Leeds,H,0.0002314236255750877,0.0002314236255750877,0.0002314236255750877,0.3968253968253968,0.11904761904761904,0.01,0.21994941163532386,0.33068783068783064,0.3401360544217687,0.31162790697674425,0.0348155808341951,,,0.941377576744668,0.9080134501830484,1.9676641253410438,1.0858103569984583,1.2639617961904561,,,0.9471106362335467,4.432652467710204,0.08322585134547943,4.599104170401163,4.822846766857773,1.0,,,,,,,,,,,,,,0.3401360544217687,0.31162790697674425,0.0348155808341951,,,0.0,0.0,2.0,0.026005000000000004,2.05201,1.0,,,,,,,,,,,,,,,,,,,0.0,0.0,2.0,0.026005000000000004,2.05201,1.0,,,,,,,,,,,,,,,,,,,0.0,0.0,2.0,0.026005000000000004,2.05201,1.0,,,,,,,,,,,,,,,,,,,0.0,0.0,2.0,0.026005000000000004,2.05201,1.0,,,,,,,,,,,,,,,,,,,0.0,0.0,2.0,0.026005000000000004,2.05201,12.088940670401161
Daniel Bentley,GK,Wolves,3.9,0.0002314236255750877,0.9259259259259258,0.0002314236255750877,0.0,0.0,0.0,0.3382835492709989,0.42211903756859437,-0.08383548829759546,Burnley,A,0.0002314236255750877,0.9259259259259258,0.0002314236255750877,,,,,,0.22148394241417496,0.4569892473118279,0.07904834996162702,0.5878894767783656,0.13605442176870747,,,,1.0905617879259877,1.1328410866112852,1.0259165609576033,1.0311337861237744,0.8786330073667759,0.0,0.0,0.0,2.6705330129630935,0.0,,,,,,,,,,,,,,0.22148394241417496,0.4569892473118279,0.07904834996162702,,,0.0,0.0,0.0,0.0,0.0,0.0,,,,,,,,,,,,,,,,,,,0.0,0.0,0.0,0.0,0.0,0.0,,,,,,,,,,,,,,,,,,,0.0,0.0,0.0,0.0,0.0,0.0,,,,,,,,,,,,,,,,,,,0.0,0.0,0.0,0.0,0.0,0.0,,,,,,,,,,,,,,,,,,,0.0,0.0,0.0,0.0,0.0,0.0
Jose Sa,GK,Wolves,4.2,0.0002314236255750877,0.9259259259259258,0.0002314236255750877,0.0,0.0,1.0,0.3382835492709989,0.42211903756859437,-0.08383548829759546,Burnley,A,0.0002314236255750877,0.9259259259259258,0.0002314236255750877,,,,,,0.22148394241417496,0.4569892473118279,0.07904834996162702,0.5878894767783656,0.13605442176870747,,,,1.0905617879259877,1.1328410866112852,1.0259165609576033,1.0311337861237744,0.8786330073667759,2.5378044736568635,0.038655236829356746,2.615114947315577,2.6705330129630935,1.0,,,,,,,,,,,,,,0.22148394241417496,0.4569892473118279,0.07904834996162702,,,0.0,0.0,1.8138605751097903,0.02162662844773249,1.8571138320052551,1.0,,,,,,,,,,,,,,,,,,,0.0,0.0,2.0,0.026005000000000004,2.05201,1.0,,,,,,,,,,,,,,,,,,,0.0,0.0,2.0,0.026005000000000004,2.05201,1.0,,,,,,,,,,,,,,,,,,,0.0,0.0,2.0,0.026005000000000004,2.05201,1.0,,,,,,,,,,,,,,,,,,,0.0,0.0,2.0,0.026005000000000004,2.05201,9.939289704520043
Sam Johnstone,GK,Wolves,4.4,0.0002314236255750877,0.9259259259259258,0.0002314236255750877,0.0,0.0,0.0,0.3382835492709989,0.42211903756859437,-0.08383548829759546,Burnley,A,0.0002314236255750877,0.9259259259259258,0.0002314236255750877,,,,,,0.22148394241417496,0.4569892473118279,0.07904834996162702,0.5878894767783656,0.13605442176870747,,,,1.0905617879259877,1.1328410866112852,1.0259165609576033,1.0311337861237744,0.8786330073667759,0.0,0.0,0.0,2.6705330129630935,0.0,,,,,,,,,,,,,,0.22148394241417496,0.4569892473118279,0.07904834996162702,,,0.0,0.0,0.0,0.0,0.0,0.0,,,,,,,,,,,,,,,,,,,0.0,0.0,0.0,0.0,0.0,0.0,,,,,,,,,,,,,,,,,,,0.0,0.0,0.0,0.0,0.0,0.0,,,,,,,,,,,,,,,,,,,0.0,0.0,0.0,0.0,0.0,0.0,,,,,,,,,,,,,,,,,,,0.0,0.0,0.0,0.0,0.0,0.0
Alfie Pond,DEF,Wolves,3.9,0.0002314236255750877,0.9259259259259258,0.0002314236255750877,0.44,0.0,0.0,0.3382835492709989,0.42211903756859437,-0.08383548829759546,Burnley,A,0.0002314236255750877,0.9259259259259258,0.0002314236255750877,,,,,,0.22148394241417496,0.4569892473118279,0.07904834996162702,,,,,,1.0925509435836491,1.1373327986782502,,,0.8769587509390814,0.0,0.0,0.0,3.346304523209408,0.0,,,,,,,,,,,,,,0.22148394241417496,0.4569892473118279,0.07904834996162702,,,0.44,0.0,0.0,0.0,0.0,0.0,,,,,,,,,,,,,,,,,,,0.44,0.0,0.0,0.0,0.0,0.0,,,,,,,,,,,,,,,,,,,0.44,0.0,0.0,0.0,0.0,0.0,,,,,,,,,,,,,,,,,,,0.44,0.0,0.0,0.0,0.0,0.0,,,,,,,,,,,,,,,,,,,0.44,0.0,0.0,0.0,0.0,0.0
Bastien Meupiyou Menadjou,DEF,Wolves,4.0,0.0002314236255750877,0.9259259259259258,0.0002314236255750877,0.44,0.0,0.0,0.3382835492709989,0.42211903756859437,-0.08383548829759546,Burnley,A,0.0002314236255750877,0.9259259259259258,0.0002314236255750877,,,,,,0.22148394241417496,0.4569892473118279,0.07904834996162702,,,,,,1.0925509435836491,1.1373327986782502,,,0.8769587509390814,0.0,0.0,0.0,3.346304523209408,0.0,,,,,,,,,,,,,,0.22148394241417496,0.4569892473118279,0.07904834996162702,,,0.44,0.0,0.0,0.0,0.0,0.0,,,,,,,,,,,,,,,,,,,0.44,0.0,0.0,0.0,0.0,0.0,,,,,,,,,,,,,,,,,,,0.44,0.0,0.0,0.0,0.0,0.0,,,,,,,,,,,,,,,,,,,0.44,0.0,0.0,0.0,0.0,0.0,,,,,,,,,,,,,,,,,,,0.44,0.0,0.0,0.0,0.0,0.0
David Moller Wolfe,DEF,Wolves,4.2,0.0002314236255750877,0.9259259259259258,0.0002314236255750877,0.08607317243681556,0.0,1.0,0.3382835492709989,0.42211903756859437,-0.08383548829759546,Burnley,A,0.0002314236255750877,0.9259259259259258,0.0002314236255750877,0.08658008658008658,0.004738213693437574,0.0,0.21164021164021163,0.20263424518743667,0.22148394241417496,0.4569892473118279,0.07904834996162702,,,1.162532132418039,1.6380238840331185,0.8199330408138494,1.0925509435836491,1.1373327986782502,,,0.8769587509390814,2.9662031113577636,0.048732029585357314,3.063667170528478,3.346304523209408,1.0,,,,,,,,,,,,,,0.22148394241417496,0.4569892473118279,0.07904834996162702,,,0.08607317243681556,0.0,1.9860069199834214,0.025675854771850044,2.0373586295271213,1.0,,,,,,,,,,,,,,,,,,,0.08607317243681556,0.0,2.172146344873631,0.030054226324117552,2.232254797521866,1.0,,,,,,,,,,,,,,,,,,,0.08607317243681556,0.0,2.172146344873631,0.030054226324117552,2.232254797521866,1.0,,,,,,,,,,,,,,,,,,,0.08607317243681556,0.0,2.172146344873631,0.030054226324117552,2.232254797521866,1.0,,,,,,,,,,,,,,,,,,,0.08607317243681556,0.0,2.172146344873631,0.030054226324117552,2.232254797521866,11.045735438687755
Emmanuel Agbadou,DEF,Wolves,4.2,0.0002314236255750877,0.9259259259259258,0.0002314236255750877,0.5214783077487521,0.0,0.0,0.3382835492709989,0.42211903756859437,-0.08383548829759546,Burnley,A,0.0002314236255750877,0.9259259259259258,0.0002314236255750877,,,,,,0.22148394241417496,0.4569892473118279,0.07904834996162702,,,,,,1.0925509435836491,1.1373327986782502,,,0.8769587509390814,0.0,0.0,0.0,3.346304523209408,0.0,,,,,,,,,,,,,,0.22148394241417496,0.4569892473118279,0.07904834996162702,,,0.5214783077487521,0.0,0.0,0.0,0.0,0.0,,,,,,,,,,,,,,,,,,,0.5214783077487521,0.0,0.0,0.0,0.0,0.0,,,,,,,,,,,,,,,,,,,0.5214783077487521,0.0,0.0,0.0,0.0,0.0,,,,,,,,,,,,,,,,,,,0.5214783077487521,0.0,0.0,0.0,0.0,0.0,,,,,,,,,,,,,,,,,,,0.5214783077487521,0.0,0.0,0.0,0.0,0.0
Hugo Bueno López,DEF,Wolves,4.3,0.0002314236255750877,0.9259259259259258,0.0002314236255750877,0.19828159531801792,0.0,0.0,0.3382835492709989,0.42211903756859437,-0.08383548829759546,Burnley,A,0.0002314236255750877,0.9259259259259258,0.0002314236255750877,,,,,,0.22148394241417496,0.4569892473118279,0.07904834996162702,,,,,,1.0925509435836491,1.1373327986782502,,,0.8769587509390814,0.0,0.0,0.0,3.346304523209408,0.0,,,,,,,,,,,,,,0.22148394241417496,0.4569892473118279,0.07904834996162702,,,0.19828159531801792,0.0,0.0,0.0,0.0,0.0,,,,,,,,,,,,,,,,,,,0.19828159531801792,0.0,0.0,0.0,0.0,0.0,,,,,,,,,,,,,,,,,,,0.19828159531801792,0.0,0.0,0.0,0.0,0.0,,,,,,,,,,,,,,,,,,,0.19828159531801792,0.0,0.0,0.0,0.0,0.0,,,,,,,,,,,,,,,,,,,0.19828159531801792,0.0,0.0,0.0,0.0,0.0
Jackson Tchatchoua,DEF,Wolves,4.4,0.0002314236255750877,0.9259259259259258,0.0002314236255750877,0.15140058734141848,0.0,0.0,0.3382835492709989,0.42211903756859437,-0.08383548829759546,Burnley,A,0.0002314236255750877,0.9259259259259258,0.0002314236255750877,0.07326007326007326,0.004738213693437574,0.0,0.21164021164021163,0.16420361247947454,0.22148394241417496,0.4569892473118279,0.07904834996162702,,,0.9836810351229561,1.6380238840331185,0.6644284985905331,1.0925509435836491,1.1373327986782502,,,0.8769587509390814,0.0,0.0,0.0,3.346304523209408,0.0,,,,,,,,,,,,,,0.22148394241417496,0.4569892473118279,0.07904834996162702,,,0.15140058734141848,0.0,0.0,0.0,0.0,0.0,,,,,,,,,,,,,,,,,,,0.15140058734141848,0.0,0.0,0.0,0.0,0.0,,,,,,,,,,,,,,,,,,,0.15140058734141848,0.0,0.0,0.0,0.0,0.0,,,,,,,,,,,,,,,,,,,0.15140058734141848,0.0,0.0,0.0,0.0,0.0,,,,,,,,,,,,,,,,,,,0.15140058734141848,0.0,0.0,0.0,0.0,0.0
Ki-Jana Hoever,DEF,Wolves,3.8,0.0002314236255750877,0.9259259259259258,0.0002314236255750877,0.36356487404815097,0.0,0.0,0.3382835492709989,0.42211903756859437,-0.08383548829759546,Burnley,A,0.0002314236255750877,0.9259259259259258,0.0002314236255750877,,,,,,0.22148394241417496,0.4569892473118279,0.07904834996162702,,,,,,1.0925509435836491,1.1373327986782502,,,0.8769587509390814,0.0,0.0,0.0,3.346304523209408,0.0,,,,,,,,,,,,,,0.22148394241417496,0.4569892473118279,0.07904834996162702,,,0.36356487404815097,0.0,0.0,0.0,0.0,0.0,,,,,,,,,,,,,,,,,,,0.36356487404815097,0.0,0.0,0.0,0.0,0.0,,,,,,,,,,,,,,,,,,,0.36356487404815097,0.0,0.0,0.0,0.0,0.0,,,,,,,,,,,,,,,,,,,0.36356487404815097,0.0,0.0,0.0,0.0,0.0,,,,,,,,,,,,,,,,,,,0.36356487404815097,0.0,0.0,0.0,0.0,0.0
Ladislav Krejci,DEF,Wolves,4.5,0.0002314236255750877,0.9259259259259258,0.0002314236255750877,0.2567505778734116,0.0,1.0,0.3382835492709989,0.42211903756859437,-0.08383548829759546,Burnley,A,0.0002314236255750877,0.9259259259259258,0.0002314236255750877,0.10582010582010581,0.007558578987150415,0.0,0.10025062656641603,0.23515579071134626,0.22148394241417496,0.4569892473118279,0.07904834996162702,,,1.4208726062887143,0.7759060503314772,0.9515272325494055,1.0925509435836491,1.1373327986782502,,,0.8769587509390814,3.0732299286880522,0.051249514382600364,3.175728957453253,3.346304523209408,1.0,,,,,,,,,,,,,,0.22148394241417496,0.4569892473118279,0.07904834996162702,,,0.2567505778734116,0.0,2.3273617308566132,0.033705202633209266,2.3947721361230316,1.0,,,,,,,,,,,,,,,,,,,0.2567505778734116,0.0,2.513501155746823,0.03808357418547678,2.589668304117777,1.0,,,,,,,,,,,,,,,,,,,0.2567505778734116,0.0,2.513501155746823,0.03808357418547678,2.589668304117777,1.0,,,,,,,,,,,,,,,,,,,0.2567505778734116,0.0,2.513501155746823,0.03808357418547678,2.589668304117777,1.0,,,,,,,,,,,,,,,,,,,0.2567505778734116,0.0,2.513501155746823,0.03808357418547678,2.589668304117777,12.462356524687603
Matt Doherty,DEF,Wolves,4.4,0.0002314236255750877,0.9259259259259258,0.0002314236255750877,0.26129949999457336,0.0,0.0,0.3382835492709989,0.42211903756859437,-0.08383548829759546,Burnley,A,0.0002314236255750877,0.9259259259259258,0.0002314236255750877,0.08658008658008658,0.004738213693437574,0.0,0.14652014652014653,0.16856300042140748,0.22148394241417496,0.4569892473118279,0.07904834996162702,,,1.162532132418039,1.1340165350998515,0.6820681932433791,1.0925509435836491,1.1373327986782502,,,0.8769587509390814,0.0,0.0,0.0,3.346304523209408,0.0,,,,,,,,,,,,,,0.22148394241417496,0.4569892473118279,0.07904834996162702,,,0.26129949999457336,0.0,0.0,0.0,0.0,0.0,,,,,,,,,,,,,,,,,,,0.26129949999457336,0.0,0.0,0.0,0.0,0.0,,,,,,,,,,,,,,,,,,,0.26129949999457336,0.0,0.0,0.0,0.0,0.0,,,,,,,,,,,,,,,,,,,0.26129949999457336,0.0,0.0,0.0,0.0,0.0,,,,,,,,,,,,,,,,,,,0.26129949999457336,0.0,0.0,0.0,0.0,0.0
Pedro Cardoso de Lima,DEF,Wolves,4.0,0.0002314236255750877,0.9259259259259258,0.0002314236255750877,0.44,0.0,0.0,0.3382835492709989,0.42211903756859437,-0.08383548829759546,Burnley,A,0.0002314236255750877,0.9259259259259258,0.0002314236255750877,,,,,,0.22148394241417496,0.4569892473118279,0.07904834996162702,,,,,,1.0925509435836491,1.1373327986782502,,,0.8769587509390814,0.0,0.0,0.0,3.346304523209408,0.0,,,,,,,,,,,,,,0.22148394241417496,0.4569892473118279,0.07904834996162702,,,0.44,0.0,0.0,0.0,0.0,0.0,,,,,,,,,,,,,,,,,,,0.44,0.0,0.0,0.0,0.0,0.0,,,,,,,,,,,,,,,,,,,0.44,0.0,0.0,0.0,0.0,0.0,,,,,,,,,,,,,,,,,,,0.44,0.0,0.0,0.0,0.0,0.0,,,,,,,,,,,,,,,,,,,0.44,0.0,0.0,0.0,0.0,0.0
Rodrigo Gomes,DEF,Wolves,4.4,0.0002314236255750877,0.9259259259259258,0.0002314236255750877,0.13653528777400648,0.0,1.0,0.3382835492709989,0.42211903756859437,-0.08383548829759546,Burnley,A,0.0002314236255750877,0.9259259259259258,0.0002314236255750877,0.19047619047619047,0.026455026455026454,0.0,0.23809523809523808,0.14765596160944996,0.22148394241417496,0.4569892473118279,0.07904834996162702,,,2.5575706913196856,1.8427768695372584,0.5974705878798592,1.0925509435836491,1.1373327986782502,,,0.8769587509390814,3.9551482049213686,0.07199399607616043,4.0991361970736895,3.346304523209408,1.0,,,,,,,,,,,,,,0.22148394241417496,0.4569892473118279,0.07904834996162702,,,0.13653528777400648,0.0,2.0869311506578034,0.028049794525772855,2.1430307397093493,1.0,,,,,,,,,,,,,,,,,,,0.13653528777400648,0.0,2.273070575548013,0.03242816607804036,2.3379269077040936,1.0,,,,,,,,,,,,,,,,,,,0.13653528777400648,0.0,2.273070575548013,0.03242816607804036,2.3379269077040936,1.0,,,,,,,,,,,,,,,,,,,0.13653528777400648,0.0,2.273070575548013,0.03242816607804036,2.3379269077040936,1.0,,,,,,,,,,,,,,,,,,,0.13653528777400648,0.0,2.273070575548013,0.03242816607804036,2.3379269077040936,12.466907667398099
Saheed Olagunju,DEF,Wolves,4.0,0.0002314236255750877,0.9259259259259258,0.0002314236255750877,0.44,0.0,0.0,0.3382835492709989,0.42211903756859437,-0.08383548829759546,Burnley,A,0.0002314236255750877,0.9259259259259258,0.0002314236255750877,0.047619047619047616,0.004738213693437574,0.0,,,0.22148394241417496,0.4569892473118279,0.07904834996162702,,,0.6393926728299214,,,1.0925509435836491,1.1373327986782502,,,0.8769587509390814,0.0,0.0,0.0,3.346304523209408,0.0,,,,,,,,,,,,,,0.22148394241417496,0.4569892473118279,0.07904834996162702,,,0.44,0.0,0.0,0.0,0.0,0.0,,,,,,,,,,,,,,,,,,,0.44,0.0,0.0,0.0,0.0,0.0,,,,,,,,,,,,,,,,,,,0.44,0.0,0.0,0.0,0.0,0.0,,,,,,,,,,,,,,,,,,,0.44,0.0,0.0,0.0,0.0,0.0,,,,,,,,,,,,,,,,,,,0.44,0.0,0.0,0.0,0.0,0.0
Santiago Bueno,DEF,Wolves,4.4,0.0002314236255750877,0.9259259259259258,0.0002314236255750877,0.2736291604933889,0.0,1.0,0.3382835492709989,0.42211903756859437,-0.08383548829759546,Burnley,A,0.0002314236255750877,0.9259259259259258,0.0002314236255750877,0.07936507936507936,0.004738213693437574,0.0,0.10025062656641603,0.18315018315018314,0.22148394241417496,0.4569892473118279,0.07904834996162702,,,1.0656544547165356,0.7759060503314772,0.7410933253509793,1.0925509435836491,1.1373327986782502,,,0.8769587509390814,2.983340350996735,0.0491351317361452,3.0816106144690254,3.346304523209408,1.0,,,,,,,,,,,,,,0.22148394241417496,0.4569892473118279,0.07904834996162702,,,0.2736291604933889,0.0,2.361118896096568,0.03449923867398347,2.430117373444535,1.0,,,,,,,,,,,,,,,,,,,0.2736291604933889,0.0,2.547258320986778,0.038877610226251,2.6250135414392797,1.0,,,,,,,,,,,,,,,,,,,0.2736291604933889,0.0,2.547258320986778,0.038877610226251,2.6250135414392797,1.0,,,,,,,,,,,,,,,,,,,0.2736291604933889,0.0,2.547258320986778,0.038877610226251,2.6250135414392797,1.0,,,,,,,,,,,,,,,,,,,0.2736291604933889,0.0,2.547258320986778,0.038877610226251,2.6250135414392797,12.497248297926863
Toti Gomes,DEF,Wolves,4.2,0.0002314236255750877,0.9259259259259258,0.0002314236255750877,0.31724744251013715,0.0,0.0,0.3382835492709989,0.42211903756859437,-0.08383548829759546,Burnley,A,0.0002314236255750877,0.9259259259259258,0.0002314236255750877,0.06349206349206349,0.004738213693437574,0.0,0.10025062656641603,0.1943634596695821,0.22148394241417496,0.4569892473118279,0.07904834996162702,,,0.8525235637732286,0.7759060503314772,0.7864663860867535,1.0925509435836491,1.1373327986782502,,,0.8769587509390814,0.0,0.0,0.0,3.346304523209408,0.0,,,,,,,,,,,,,,0.22148394241417496,0.4569892473118279,0.07904834996162702,,,0.31724744251013715,0.0,0.0,0.0,0.0,0.0,,,,,,,,,,,,,,,,,,,0.31724744251013715,0.0,0.0,0.0,0.0,0.0,,,,,,,,,,,,,,,,,,,0.31724744251013715,0.0,0.0,0.0,0.0,0.0,,,,,,,,,,,,,,,,,,,0.31724744251013715,0.0,0.0,0.0,0.0,0.0,,,,,,,,,,,,,,,,,,,0.31724744251013715,0.0,0.0,0.0,0.0,0.0
Yerson Mosquera,DEF,Wolves,4.3,0.0002314236255750877,0.9259259259259258,0.0002314236255750877,0.39204051109050675,0.0,1.0,0.3382835492709989,0.42211903756859437,-0.08383548829759546,Burnley,A,0.0002314236255750877,0.9259259259259258,0.0002314236255750877,0.10025062656641603,0.00630715862503942,0.0,0.09523809523809523,0.23809523809523808,0.22148394241417496,0.4569892473118279,0.07904834996162702,,,1.3460898375366768,0.7371107478149034,0.963421322956273,1.0925509435836491,1.1373327986782502,,,0.8769587509390814,3.2849073560585835,0.05622859082921,3.3973645377170034,3.346304523209408,1.0,,,,,,,,,,,,,,0.22148394241417496,0.4569892473118279,0.07904834996162702,,,0.39204051109050675,0.0,2.597941597290804,0.0400697822514743,2.6780811617937528,1.0,,,,,,,,,,,,,,,,,,,0.39204051109050675,0.0,2.7840810221810135,0.0444481538037418,2.872977329788497,1.0,,,,,,,,,,,,,,,,,,,0.39204051109050675,0.0,2.7840810221810135,0.0444481538037418,2.872977329788497,1.0,,,,,,,,,,,,,,,,,,,0.39204051109050675,0.0,2.7840810221810135,0.0444481538037418,2.872977329788497,1.0,,,,,,,,,,,,,,,,,,,0.39204051109050675,0.0,2.7840810221810135,0.0444481538037418,2.872977329788497,13.718070048649485
Andre,MID,Wolves,5.2,0.0002314236255750877,0.9259259259259258,0.0002314236255750877,0.0,0.5369914731857812,1.0,0.3382835492709989,0.42211903756859437,-0.08383548829759546,Burnley,A,0.0002314236255750877,0.9259259259259258,0.0002314236255750877,0.08658008658008658,0.004738213693437574,0.0,0.09523809523809523,0.21645021645021642,0.22148394241417496,0.4569892473118279,0.07904834996162702,,,0.5267249205482069,0.4753809428951981,0.889412828823081,1.089102491082276,1.1334672376707404,,,0.8801320032175944,3.821322459417427,0.06884614689041672,3.9590147531982605,4.182248923060564,1.0,,,,,,,,,,,,,,0.22148394241417496,0.4569892473118279,0.07904834996162702,,,0.0,0.5369914731857812,3.2954668887857372,0.05647697215801811,3.4084208331017734,1.0,,,,,,,,,,,,,,,,,,,0.0,0.5369914731857812,3.0739829463715624,0.05126722686455189,3.1765174001006664,1.0,,,,,,,,,,,,,,,,,,,0.0,0.5369914731857812,3.0739829463715624,0.05126722686455189,3.1765174001006664,1.0,,,,,,,,,,,,,,,,,,,0.0,0.5369914731857812,3.0739829463715624,0.05126722686455189,3.1765174001006664,1.0,,,,,,,,,,,,,,,,,,,0.0,0.5369914731857812,3.0739829463715624,0.05126722686455189,3.1765174001006664,15.750421181616634
Angel Gomes,MID,Wolves,5.0,0.0002314236255750877,0.9259259259259258,0.0002314236255750877,0.0,0.26,0.0,0.3382835492709989,0.42211903756859437,-0.08383548829759546,Burnley,A,0.0002314236255750877,0.9259259259259258,0.0002314236255750877,0.19047619047619047,0.026455026455026454,0.0,0.17316017316017315,0.2140181915462814,0.22148394241417496,0.4569892473118279,0.07904834996162702,,,1.1587948252060551,0.8643289870821784,0.8794194262520353,1.089102491082276,1.1334672376707404,,,0.8801320032175944,0.0,0.0,0.0,4.182248923060564,0.0,,,,,,,,,,,,,,0.22148394241417496,0.4569892473118279,0.07904834996162702,,,0.0,0.26,0.0,0.0,0.0,0.0,,,,,,,,,,,,,,,,,,,0.0,0.26,0.0,0.0,0.0,0.0,,,,,,,,,,,,,,,,,,,0.0,0.26,0.0,0.0,0.0,0.0,,,,,,,,,,,,,,,,,,,0.0,0.26,0.0,0.0,0.0,0.0,,,,,,,,,,,,,,,,,,,0.0,0.26,0.0,0.0,0.0,0.0
Boubacar Traoré,MID,Wolves,5.0,0.0002314236255750877,0.9259259259259258,0.0002314236255750877,0.0,0.26,0.0,0.3382835492709989,0.42211903756859437,-0.08383548829759546,Burnley,A,0.0002314236255750877,0.9259259259259258,0.0002314236255750877,,,,,,0.22148394241417496,0.4569892473118279,0.07904834996162702,,,,,,1.089102491082276,1.1334672376707404,,,0.8801320032175944,0.0,0.0,0.0,4.182248923060564,0.0,,,,,,,,,,,,,,0.22148394241417496,0.4569892473118279,0.07904834996162702,,,0.0,0.26,0.0,0.0,0.0,0.0,,,,,,,,,,,,,,,,,,,0.0,0.26,0.0,0.0,0.0,0.0,,,,,,,,,,,,,,,,,,,0.0,0.26,0.0,0.0,0.0,0.0,,,,,,,,,,,,,,,,,,,0.0,0.26,0.0,0.0,0.0,0.0,,,,,,,,,,,,,,,,,,,0.0,0.26,0.0,0.0,0.0,0.0
Enso González Medina,MID,Wolves,4.3,0.0002314236255750877,0.9259259259259258,0.0002314236255750877,0.0,0.26,0.0,0.3382835492709989,0.42211903756859437,-0.08383548829759546,Burnley,A,0.0002314236255750877,0.9259259259259258,0.0002314236255750877,,,,,,0.22148394241417496,0.4569892473118279,0.07904834996162702,,,,,,1.089102491082276,1.1334672376707404,,,0.8801320032175944,0.0,0.0,0.0,4.182248923060564,0.0,,,,,,,,,,,,,,0.22148394241417496,0.4569892473118279,0.07904834996162702,,,0.0,0.26,0.0,0.0,0.0,0.0,,,,,,,,,,,,,,,,,,,0.0,0.26,0.0,0.0,0.0,0.0,,,,,,,,,,,,,,,,,,,0.0,0.26,0.0,0.0,0.0,0.0,,,,,,,,,,,,,,,,,,,0.0,0.26,0.0,0.0,0.0,0.0,,,,,,,,,,,,,,,,,,,0.0,0.26,0.0,0.0,0.0,0.0
Ethan Sutherland,MID,Wolves,4.5,0.0002314236255750877,0.9259259259259258,0.0002314236255750877,0.0,0.26,0.0,0.3382835492709989,0.42211903756859437,-0.08383548829759546,Burnley,A,0.0002314236255750877,0.9259259259259258,0.0002314236255750877,,,,,,0.22148394241417496,0.4569892473118279,0.07904834996162702,,,,,,1.089102491082276,1.1334672376707404,,,0.8801320032175944,0.0,0.0,0.0,4.182248923060564,0.0,,,,,,,,,,,,,,0.22148394241417496,0.4569892473118279,0.07904834996162702,,,0.0,0.26,0.0,0.0,0.0,0.0,,,,,,,,,,,,,,,,,,,0.0,0.26,0.0,0.0,0.0,0.0,,,,,,,,,,,,,,,,,,,0.0,0.26,0.0,0.0,0.0,0.0,,,,,,,,,,,,,,,,,,,0.0,0.26,0.0,0.0,0.0,0.0,,,,,,,,,,,,,,,,,,,0.0,0.26,0.0,0.0,0.0,0.0
Fer Lopez,MID,Wolves,5.1,0.0002314236255750877,0.9259259259259258,0.0002314236255750877,0.0,0.26,0.0,0.3382835492709989,0.42211903756859437,-0.08383548829759546,Burnley,A,0.0002314236255750877,0.9259259259259258,0.0002314236255750877,,,,,,0.22148394241417496,0.4569892473118279,0.07904834996162702,,,,,,1.089102491082276,1.1334672376707404,,,0.8801320032175944,0.0,0.0,0.0,4.182248923060564,0.0,,,,,,,,,,,,,,0.22148394241417496,0.4569892473118279,0.07904834996162702,,,0.0,0.26,0.0,0.0,0.0,0.0,,,,,,,,,,,,,,,,,,,0.0,0.26,0.0,0.0,0.0,0.0,,,,,,,,,,,,,,,,,,,0.0,0.26,0.0,0.0,0.0,0.0,,,,,,,,,,,,,,,,,,,0.0,0.26,0.0,0.0,0.0,0.0,,,,,,,,,,,,,,,,,,,0.0,0.26,0.0,0.0,0.0,0.0
Gonçalo Manuel Ganchinho Guedes,MID,Wolves,5.5,0.0002314236255750877,0.9259259259259258,0.0002314236255750877,0.0,0.26,0.0,0.3382835492709989,0.42211903756859437,-0.08383548829759546,Burnley,A,0.0002314236255750877,0.9259259259259258,0.0002314236255750877,,,,,,0.22148394241417496,0.4569892473118279,0.07904834996162702,,,,,,1.089102491082276,1.1334672376707404,,,0.8801320032175944,0.0,0.0,0.0,4.182248923060564,0.0,,,,,,,,,,,,,,0.22148394241417496,0.4569892473118279,0.07904834996162702,,,0.0,0.26,0.0,0.0,0.0,0.0,,,,,,,,,,,,,,,,,,,0.0,0.26,0.0,0.0,0.0,0.0,,,,,,,,,,,,,,,,,,,0.0,0.26,0.0,0.0,0.0,0.0,,,,,,,,,,,,,,,,,,,0.0,0.26,0.0,0.0,0.0,0.0,,,,,,,,,,,,,,,,,,,0.0,0.26,0.0,0.0,0.0,0.0
Hwang Hee-Chan,MID,Wolves,5.6,0.0002314236255750877,0.9259259259259258,0.0002314236255750877,0.0,0.056672754609762954,1.0,0.3382835492709989,0.42211903756859437,-0.08383548829759546,Burnley,A,0.0002314236255750877,0.9259259259259258,0.0002314236255750877,0.27210884353741494,0.05602240896358543,0.0,0.26455026455026454,0.14540167211922936,0.22148394241417496,0.4569892473118279,0.07904834996162702,,,1.6554211788657929,1.320502619153328,0.597468159820085,1.089102491082276,1.1334672376707404,,,0.8801320032175944,4.623734835670268,0.08772049080463605,4.79917581727954,4.182248923060564,1.0,,,,,,,,,,,,,,0.22148394241417496,0.4569892473118279,0.07904834996162702,,,0.0,0.056672754609762954,2.3348294516337007,0.03388085836132791,2.4025911683563566,1.0,,,,,,,,,,,,,,,,,,,0.0,0.056672754609762954,2.113345509219526,0.02867111306786169,2.170687735355249,1.0,,,,,,,,,,,,,,,,,,,0.0,0.056672754609762954,2.113345509219526,0.02867111306786169,2.170687735355249,1.0,,,,,,,,,,,,,,,,,,,0.0,0.056672754609762954,2.113345509219526,0.02867111306786169,2.170687735355249,1.0,,,,,,,,,,,,,,,,,,,0.0,0.056672754609762954,2.113345509219526,0.02867111306786169,2.170687735355249,12.919303969377143
Jean-Ricner Bellegarde,MID,Wolves,5.1,0.0002314236255750877,0.9259259259259258,0.0002314236255750877,0.0,0.15128157550780852,0.0,0.3382835492709989,0.42211903756859437,-0.08383548829759546,Burnley,A,0.0002314236255750877,0.9259259259259258,0.0002314236255750877,0.23809523809523808,0.04535147392290249,0.0,0.27210884353741494,0.19240019240019238,0.22148394241417496,0.4569892473118279,0.07904834996162702,,,1.4484935315075689,1.3582312654148516,0.7905891811760721,1.089102491082276,1.1334672376707404,,,0.8801320032175944,0.0,0.0,0.0,4.182248923060564,0.0,,,,,,,,,,,,,,0.22148394241417496,0.4569892473118279,0.07904834996162702,,,0.0,0.15128157550780852,0.0,0.0,0.0,0.0,,,,,,,,,,,,,,,,,,,0.0,0.15128157550780852,0.0,0.0,0.0,0.0,,,,,,,,,,,,,,,,,,,0.0,0.15128157550780852,0.0,0.0,0.0,0.0,,,,,,,,,,,,,,,,,,,0.0,0.15128157550780852,0.0,0.0,0.0,0.0,,,,,,,,,,,,,,,,,,,0.0,0.15128157550780852,0.0,0.0,0.0,0.0
Jerome Abbey,MID,Wolves,4.5,0.0002314236255750877,0.9259259259259258,0.0002314236255750877,0.0,0.26,0.0,0.3382835492709989,0.42211903756859437,-0.08383548829759546,Burnley,A,0.0002314236255750877,0.9259259259259258,0.0002314236255750877,,,,,,0.22148394241417496,0.4569892473118279,0.07904834996162702,,,,,,1.089102491082276,1.1334672376707404,,,0.8801320032175944,0.0,0.0,0.0,4.182248923060564,0.0,,,,,,,,,,,,,,0.22148394241417496,0.4569892473118279,0.07904834996162702,,,0.0,0.26,0.0,0.0,0.0,0.0,,,,,,,,,,,,,,,,,,,0.0,0.26,0.0,0.0,0.0,0.0,,,,,,,,,,,,,,,,,,,0.0,0.26,0.0,0.0,0.0,0.0,,,,,,,,,,,,,,,,,,,0.0,0.26,0.0,0.0,0.0,0.0,,,,,,,,,,,,,,,,,,,0.0,0.26,0.0,0.0,0.0,0.0
Jhon Arias,MID,Wolves,4.9,0.0002314236255750877,0.9259259259259258,0.0002314236255750877,0.0,0.32292902910147625,0.0,0.3382835492709989,0.42211903756859437,-0.08383548829759546,Burnley,A,0.0002314236255750877,0.9259259259259258,0.0002314236255750877,,,,,,0.22148394241417496,0.4569892473118279,0.07904834996162702,,,,,,1.089102491082276,1.1334672376707404,,,0.8801320032175944,0.0,0.0,0.0,4.182248923060564,0.0,,,,,,,,,,,,,,0.22148394241417496,0.4569892473118279,0.07904834996162702,,,0.0,0.32292902910147625,0.0,0.0,0.0,0.0,,,,,,,,,,,,,,,,,,,0.0,0.32292902910147625,0.0,0.0,0.0,0.0,,,,,,,,,,,,,,,,,,,0.0,0.32292902910147625,0.0,0.0,0.0,0.0,,,,,,,,,,,,,,,,,,,0.0,0.32292902910147625,0.0,0.0,0.0,0.0,,,,,,,,,,,,,,,,,,,0.0,0.32292902910147625,0.0,0.0,0.0,0.0
Joao Gomes,MID,Wolves,5.3,0.0002314236255750877,0.9259259259259258,0.0002314236255750877,0.0,0.5596176923702426,1.0,0.3382835492709989,0.42211903756859437,-0.08383548829759546,Burnley,A,0.0002314236255750877,0.9259259259259258,0.0002314236255750877,0.13605442176870747,0.01341381623071764,0.0,0.25396825396825395,0.2675227394328518,0.22148394241417496,0.4569892473118279,0.07904834996162702,,,0.8277105894328964,1.267682514387195,1.0992742828150444,1.089102491082276,1.1334672376707404,,,0.8801320032175944,4.582442539623695,0.08674921341702857,4.755940966457753,4.182248923060564,1.0,,,,,,,,,,,,,,0.22148394241417496,0.4569892473118279,0.07904834996162702,,,0.0,0.5596176923702426,3.34071932715466,0.05754140001333191,3.4558021271813235,1.0,,,,,,,,,,,,,,,,,,,0.0,0.5596176923702426,3.1192353847404855,0.0523316547198657,3.223898694180217,1.0,,,,,,,,,,,,,,,,,,,0.0,0.5596176923702426,3.1192353847404855,0.0523316547198657,3.223898694180217,1.0,,,,,,,,,,,,,,,,,,,0.0,0.5596176923702426,3.1192353847404855,0.0523316547198657,3.223898694180217,1.0,,,,,,,,,,,,,,,,,,,0.0,0.5596176923702426,3.1192353847404855,0.0523316547198657,3.223898694180217,16.720289118266486
Joe Hodge,MID,Wolves,4.5,0.0002314236255750877,0.9259259259259258,0.0002314236255750877,0.0,0.26,0.0,0.3382835492709989,0.42211903756859437,-0.08383548829759546,Burnley,A,0.0002314236255750877,0.9259259259259258,0.0002314236255750877,,,,,,0.22148394241417496,0.4569892473118279,0.07904834996162702,,,,,,1.089102491082276,1.1334672376707404,,,0.8801320032175944,0.0,0.0,0.0,4.182248923060564,0.0,,,,,,,,,,,,,,0.22148394241417496,0.4569892473118279,0.07904834996162702,,,0.0,0.26,0.0,0.0,0.0,0.0,,,,,,,,,,,,,,,,,,,0.0,0.26,0.0,0.0,0.0,0.0,,,,,,,,,,,,,,,,,,,0.0,0.26,0.0,0.0,0.0,0.0,,,,,,,,,,,,,,,,,,,0.0,0.26,0.0,0.0,0.0,0.0,,,,,,,,,,,,,,,,,,,0.0,0.26,0.0,0.0,0.0,0.0
Luke Rawlings,MID,Wolves,4.5,0.0002314236255750877,0.9259259259259258,0.0002314236255750877,0.0,0.26,0.0,0.3382835492709989,0.42211903756859437,-0.08383548829759546,Burnley,A,0.0002314236255750877,0.9259259259259258,0.0002314236255750877,,,,,,0.22148394241417496,0.4569892473118279,0.07904834996162702,,,,,,1.089102491082276,1.1334672376707404,,,0.8801320032175944,0.0,0.0,0.0,4.182248923060564,0.0,,,,,,,,,,,,,,0.22148394241417496,0.4569892473118279,0.07904834996162702,,,0.0,0.26,0.0,0.0,0.0,0.0,,,,,,,,,,,,,,,,,,,0.0,0.26,0.0,0.0,0.0,0.0,,,,,,,,,,,,,,,,,,,0.0,0.26,0.0,0.0,0.0,0.0,,,,,,,,,,,,,,,,,,,0.0,0.26,0.0,0.0,0.0,0.0,,,,,,,,,,,,,,,,,,,0.0,0.26,0.0,0.0,0.0,0.0
Marshall Munetsi,MID,Wolves,5.3,0.0002314236255750877,0.9259259259259258,0.0002314236255750877,0.0,0.18660512374762495,0.0,0.3382835492709989,0.42211903756859437,-0.08383548829759546,Burnley,A,0.0002314236255750877,0.9259259259259258,0.0002314236255750877,,,,,,0.22148394241417496,0.4569892473118279,0.07904834996162702,,,,,,1.089102491082276,1.1334672376707404,,,0.8801320032175944,0.0,0.0,0.0,4.182248923060564,0.0,,,,,,,,,,,,,,0.22148394241417496,0.4569892473118279,0.07904834996162702,,,0.0,0.18660512374762495,0.0,0.0,0.0,0.0,,,,,,,,,,,,,,,,,,,0.0,0.18660512374762495,0.0,0.0,0.0,0.0,,,,,,,,,,,,,,,,,,,0.0,0.18660512374762495,0.0,0.0,0.0,0.0,,,,,,,,,,,,,,,,,,,0.0,0.18660512374762495,0.0,0.0,0.0,0.0,,,,,,,,,,,,,,,,,,,0.0,0.18660512374762495,0.0,0.0,0.0,0.0
Tawanda Chirewa,MID,Wolves,4.3,0.0002314236255750877,0.9259259259259258,0.0002314236255750877,0.0,0.26,0.0,0.3382835492709989,0.42211903756859437,-0.08383548829759546,Burnley,A,0.0002314236255750877,0.9259259259259258,0.0002314236255750877,,,,,,0.22148394241417496,0.4569892473118279,0.07904834996162702,,,,,,1.089102491082276,1.1334672376707404,,,0.8801320032175944,0.0,0.0,0.0,4.182248923060564,0.0,,,,,,,,,,,,,,0.22148394241417496,0.4569892473118279,0.07904834996162702,,,0.0,0.26,0.0,0.0,0.0,0.0,,,,,,,,,,,,,,,,,,,0.0,0.26,0.0,0.0,0.0,0.0,,,,,,,,,,,,,,,,,,,0.0,0.26,0.0,0.0,0.0,0.0,,,,,,,,,,,,,,,,,,,0.0,0.26,0.0,0.0,0.0,0.0,,,,,,,,,,,,,,,,,,,0.0,0.26,0.0,0.0,0.0,0.0
Temple Ojinnaka,MID,Wolves,4.5,0.0002314236255750877,0.9259259259259258,0.0002314236255750877,0.0,0.26,0.0,0.3382835492709989,0.42211903756859437,-0.08383548829759546,Burnley,A,0.0002314236255750877,0.9259259259259258,0.0002314236255750877,,,,,,0.22148394241417496,0.4569892473118279,0.07904834996162702,,,,,,1.089102491082276,1.1334672376707404,,,0.8801320032175944,0.0,0.0,0.0,4.182248923060564,0.0,,,,,,,,,,,,,,0.22148394241417496,0.4569892473118279,0.07904834996162702,,,0.0,0.26,0.0,0.0,0.0,0.0,,,,,,,,,,,,,,,,,,,0.0,0.26,0.0,0.0,0.0,0.0,,,,,,,,,,,,,,,,,,,0.0,0.26,0.0,0.0,0.0,0.0,,,,,,,,,,,,,,,,,,,0.0,0.26,0.0,0.0,0.0,0.0,,,,,,,,,,,,,,,,,,,0.0,0.26,0.0,0.0,0.0,0.0
Tom Edozie,MID,Wolves,4.3,0.0002314236255750877,0.9259259259259258,0.0002314236255750877,0.0,0.26,0.0,0.3382835492709989,0.42211903756859437,-0.08383548829759546,Burnley,A,0.0002314236255750877,0.9259259259259258,0.0002314236255750877,0.19047619047619047,0.023228803716608595,0.0,0.21994941163532386,0.15238095238095237,0.22148394241417496,0.4569892473118279,0.07904834996162702,,,1.1587948252060551,1.0978774662706654,0.6261466314914491,1.089102491082276,1.1334672376707404,,,0.8801320032175944,0.0,0.0,0.0,4.182248923060564,0.0,,,,,,,,,,,,,,0.22148394241417496,0.4569892473118279,0.07904834996162702,,,0.0,0.26,0.0,0.0,0.0,0.0,,,,,,,,,,,,,,,,,,,0.0,0.26,0.0,0.0,0.0,0.0,,,,,,,,,,,,,,,,,,,0.0,0.26,0.0,0.0,0.0,0.0,,,,,,,,,,,,,,,,,,,0.0,0.26,0.0,0.0,0.0,0.0,,,,,,,,,,,,,,,,,,,0.0,0.26,0.0,0.0,0.0,0.0
Adam Armstrong,FWD,Wolves,5.5,0.0002314236255750877,0.9259259259259258,0.0002314236255750877,0.0,0.0,1.0,0.3382835492709989,0.42211903756859437,-0.08383548829759546,Burnley,A,0.0002314236255750877,0.9259259259259258,0.0002314236255750877,0.3072196620583717,0.06802721088435373,0.01,0.25396825396825395,0.12698412698412698,0.22148394241417496,0.4569892473118279,0.07904834996162702,,,0.9617568338443684,1.373638819429142,0.6568158310473731,1.0916688436849162,1.1378460287663672,,,0.8784078514594963,4.175908126691537,0.07718671095603834,4.3302815486036135,4.037968582586997,1.0,,,,,,,,,,,,,,0.22148394241417496,0.4569892473118279,0.07904834996162702,,,0.0,0.0,2.0,0.026005000000000004,2.05201,1.0,,,,,,,,,,,,,,,,,,,0.0,0.0,2.0,0.026005000000000004,2.05201,1.0,,,,,,,,,,,,,,,,,,,0.0,0.0,2.0,0.026005000000000004,2.05201,1.0,,,,,,,,,,,,,,,,,,,0.0,0.0,2.0,0.026005000000000004,2.05201,1.0,,,,,,,,,,,,,,,,,,,0.0,0.0,2.0,0.026005000000000004,2.05201,11.82011804860361
Fábio Soares Silva,FWD,Wolves,4.9,0.0002314236255750877,0.9259259259259258,0.0002314236255750877,0.0,0.0,0.0,0.3382835492709989,0.42211903756859437,-0.08383548829759546,Burnley,A,0.0002314236255750877,0.9259259259259258,0.0002314236255750877,,,,,,0.22148394241417496,0.4569892473118279,0.07904834996162702,,,,,,1.0916688436849162,1.1378460287663672,,,0.8784078514594963,0.0,0.0,0.0,4.037968582586997,0.0,,,,,,,,,,,,,,0.22148394241417496,0.4569892473118279,0.07904834996162702,,,0.0,0.0,0.0,0.0,0.0,0.0,,,,,,,,,,,,,,,,,,,0.0,0.0,0.0,0.0,0.0,0.0,,,,,,,,,,,,,,,,,,,0.0,0.0,0.0,0.0,0.0,0.0,,,,,,,,,,,,,,,,,,,0.0,0.0,0.0,0.0,0.0,0.0,,,,,,,,,,,,,,,,,,,0.0,0.0,0.0,0.0,0.0,0.0
Leon Chiwome,FWD,Wolves,4.4,0.0002314236255750877,0.9259259259259258,0.0002314236255750877,0.0,0.0,0.0,0.3382835492709989,0.42211903756859437,-0.08383548829759546,Burnley,A,0.0002314236255750877,0.9259259259259258,0.0002314236255750877,,,,,,0.22148394241417496,0.4569892473118279,0.07904834996162702,,,,,,1.0916688436849162,1.1378460287663672,,,0.8784078514594963,0.0,0.0,0.0,4.037968582586997,0.0,,,,,,,,,,,,,,0.22148394241417496,0.4569892473118279,0.07904834996162702,,,0.0,0.0,0.0,0.0,0.0,0.0,,,,,,,,,,,,,,,,,,,0.0,0.0,0.0,0.0,0.0,0.0,,,,,,,,,,,,,,,,,,,0.0,0.0,0.0,0.0,0.0,0.0,,,,,,,,,,,,,,,,,,,0.0,0.0,0.0,0.0,0.0,0.0,,,,,,,,,,,,,,,,,,,0.0,0.0,0.0,0.0,0.0,0.0
Mateus Mane,FWD,Wolves,4.6,0.0002314236255750877,0.9259259259259258,0.0002314236255750877,0.0,0.0,1.0,0.3382835492709989,0.42211903756859437,-0.08383548829759546,Burnley,A,0.0002314236255750877,0.9259259259259258,0.0002314236255750877,0.26455026455026454,0.05291005291005291,0.0,0.21994941163532386,0.17006802721088435,0.22148394241417496,0.4569892473118279,0.07904834996162702,,,0.8281794958104284,1.1896410098982177,0.879664059438446,1.0916688436849162,1.1378460287663672,,,0.8784078514594963,3.759621477536357,0.06739481639461019,3.894411110325577,4.037968582586997,1.0,,,,,,,,,,,,,,0.22148394241417496,0.4569892473118279,0.07904834996162702,,,0.0,0.0,2.0,0.026005000000000004,2.05201,1.0,,,,,,,,,,,,,,,,,,,0.0,0.0,2.0,0.026005000000000004,2.05201,1.0,,,,,,,,,,,,,,,,,,,0.0,0.0,2.0,0.026005000000000004,2.05201,1.0,,,,,,,,,,,,,,,,,,,0.0,0.0,2.0,0.026005000000000004,2.05201,1.0,,,,,,,,,,,,,,,,,,,0.0,0.0,2.0,0.026005000000000004,2.05201,11.384247610325577
Nathan Fraser,FWD,Wolves,4.2,0.0002314236255750877,0.9259259259259258,0.0002314236255750877,0.0,0.0,0.0,0.3382835492709989,0.42211903756859437,-0.08383548829759546,Burnley,A,0.0002314236255750877,0.9259259259259258,0.0002314236255750877,,,,,,0.22148394241417496,0.4569892473118279,0.07904834996162702,,,,,,1.0916688436849162,1.1378460287663672,,,0.8784078514594963,0.0,0.0,0.0,4.037968582586997,0.0,,,,,,,,,,,,,,0.22148394241417496,0.4569892473118279,0.07904834996162702,,,0.0,0.0,0.0,0.0,0.0,0.0,,,,,,,,,,,,,,,,,,,0.0,0.0,0.0,0.0,0.0,0.0,,,,,,,,,,,,,,,,,,,0.0,0.0,0.0,0.0,0.0,0.0,,,,,,,,,,,,,,,,,,,0.0,0.0,0.0,0.0,0.0,0.0,,,,,,,,,,,,,,,,,,,0.0,0.0,0.0,0.0,0.0,0.0
Saša Kalajdžić,FWD,Wolves,4.9,0.0002314236255750877,0.9259259259259258,0.0002314236255750877,0.0,0.0,0.0,0.3382835492709989,0.42211903756859437,-0.08383548829759546,Burnley,A,0.0002314236255750877,0.9259259259259258,0.0002314236255750877,,,,,,0.22148394241417496,0.4569892473118279,0.07904834996162702,,,,,,1.0916688436849162,1.1378460287663672,,,0.8784078514594963,0.0,0.0,0.0,4.037968582586997,0.0,,,,,,,,,,,,,,0.22148394241417496,0.4569892473118279,0.07904834996162702,,,0.0,0.0,0.0,0.0,0.0,0.0,,,,,,,,,,,,,,,,,,,0.0,0.0,0.0,0.0,0.0,0.0,,,,,,,,,,,,,,,,,,,0.0,0.0,0.0,0.0,0.0,0.0,,,,,,,,,,,,,,,,,,,0.0,0.0,0.0,0.0,0.0,0.0,,,,,,,,,,,,,,,,,,,0.0,0.0,0.0,0.0,0.0,0.0
Tolu Arokodare,FWD,Wolves,5.4,0.0002314236255750877,0.9259259259259258,0.0002314236255750877,0.0,0.0,0.0,0.3382835492709989,0.42211903756859437,-0.08383548829759546,Burnley,A,0.0002314236255750877,0.9259259259259258,0.0002314236255750877,0.3072196620583717,0.07326007326007326,0.01,0.15873015873015872,0.1511715797430083,0.22148394241417496,0.4569892473118279,0.07904834996162702,,,0.9617568338443684,0.8585242621432138,0.7819236083897297,1.0916688436849162,1.1378460287663672,,,0.8784078514594963,0.0,0.0,0.0,4.037968582586997,0.0,,,,,,,,,,,,,,0.22148394241417496,0.4569892473118279,0.07904834996162702,,,0.0,0.0,0.0,0.0,0.0,0.0,,,,,,,,,,,,,,,,,,,0.0,0.0,0.0,0.0,0.0,0.0,,,,,,,,,,,,,,,,,,,0.0,0.0,0.0,0.0,0.0,0.0,,,,,,,,,,,,,,,,,,,0.0,0.0,0.0,0.0,0.0,0.0,,,,,,,,,,,,,,,,,,,0.0,0.0,0.0,0.0,0.0,0.0
